재배유형,날짜,요일,추천작업,작업설명,이시기_주의사항
봄재배,2026-01-21,수,씨감자 싹 틔우기,자른 씨감자를 15~20℃·습도 80~90%에서 25~35일간 싹 틔워요.,"시설재배 저온 관리 필요(보온), 씨감자 싹틔움상 적정온도(18~25℃) 유지"
봄재배,2026-01-22,목,씨감자 싹 틔우기,자른 씨감자를 15~20℃·습도 80~90%에서 25~35일간 싹 틔워요.,"시설재배 저온 관리 필요(보온), 씨감자 싹틔움상 적정온도(18~25℃) 유지"
봄재배,2026-01-23,금,씨감자 싹 틔우기,자른 씨감자를 15~20℃·습도 80~90%에서 25~35일간 싹 틔워요.,"시설재배 저온 관리 필요(보온), 씨감자 싹틔움상 적정온도(18~25℃) 유지"
봄재배,2026-01-24,토,씨감자 싹 틔우기,자른 씨감자를 15~20℃·습도 80~90%에서 25~35일간 싹 틔워요.,"시설재배 저온 관리 필요(보온), 씨감자 싹틔움상 적정온도(18~25℃) 유지"
봄재배,2026-01-25,일,씨감자 싹 틔우기,자른 씨감자를 15~20℃·습도 80~90%에서 25~35일간 싹 틔워요.,"시설재배 저온 관리 필요(보온), 씨감자 싹틔움상 적정온도(18~25℃) 유지"
봄재배,2026-01-26,월,씨감자 싹 틔우기,자른 씨감자를 15~20℃·습도 80~90%에서 25~35일간 싹 틔워요.,"시설재배 저온 관리 필요(보온), 씨감자 싹틔움상 적정온도(18~25℃) 유지"
봄재배,2026-01-27,화,씨감자 싹 틔우기,자른 씨감자를 15~20℃·습도 80~90%에서 25~35일간 싹 틔워요.,"시설재배 저온 관리 필요(보온), 씨감자 싹틔움상 적정온도(18~25℃) 유지"
봄재배,2026-01-28,수,씨감자 싹 틔우기,자른 씨감자를 15~20℃·습도 80~90%에서 25~35일간 싹 틔워요.,"시설재배 저온 관리 필요(보온), 씨감자 싹틔움상 적정온도(18~25℃) 유지"
봄재배,2026-01-29,목,씨감자 싹 틔우기,자른 씨감자를 15~20℃·습도 80~90%에서 25~35일간 싹 틔워요.,"시설재배 저온 관리 필요(보온), 씨감자 싹틔움상 적정온도(18~25℃) 유지"
봄재배,2026-01-30,금,씨감자 싹 틔우기,자른 씨감자를 15~20℃·습도 80~90%에서 25~35일간 싹 틔워요.,"시설재배 저온 관리 필요(보온), 씨감자 싹틔움상 적정온도(18~25℃) 유지"
봄재배,2026-01-31,토,씨감자 싹 틔우기,자른 씨감자를 15~20℃·습도 80~90%에서 25~35일간 싹 틔워요.,"시설재배 저온 관리 필요(보온), 씨감자 싹틔움상 적정온도(18~25℃) 유지"
봄재배,2026-02-01,일,씨감자 싹 틔우기,자른 씨감자를 15~20℃·습도 80~90%에서 25~35일간 싹 틔워요.,"시설 내 고온 환기 필요, 노지 봄재배는 저온·서리로 출현·생육 지연 우려"
봄재배,2026-02-02,월,씨감자 싹 틔우기,자른 씨감자를 15~20℃·습도 80~90%에서 25~35일간 싹 틔워요.,"시설 내 고온 환기 필요, 노지 봄재배는 저온·서리로 출현·생육 지연 우려"
봄재배,2026-02-03,화,씨감자 싹 틔우기,자른 씨감자를 15~20℃·습도 80~90%에서 25~35일간 싹 틔워요.,"시설 내 고온 환기 필요, 노지 봄재배는 저온·서리로 출현·생육 지연 우려"
봄재배,2026-02-04,수,씨감자 싹 틔우기,자른 씨감자를 15~20℃·습도 80~90%에서 25~35일간 싹 틔워요.,"시설 내 고온 환기 필요, 노지 봄재배는 저온·서리로 출현·생육 지연 우려"
봄재배,2026-02-05,목,씨감자 싹 틔우기,자른 씨감자를 15~20℃·습도 80~90%에서 25~35일간 싹 틔워요.,"시설 내 고온 환기 필요, 노지 봄재배는 저온·서리로 출현·생육 지연 우려"
봄재배,2026-02-06,금,씨감자 싹 틔우기,자른 씨감자를 15~20℃·습도 80~90%에서 25~35일간 싹 틔워요.,"시설 내 고온 환기 필요, 노지 봄재배는 저온·서리로 출현·생육 지연 우려"
봄재배,2026-02-07,토,씨감자 싹 틔우기,자른 씨감자를 15~20℃·습도 80~90%에서 25~35일간 싹 틔워요.,"시설 내 고온 환기 필요, 노지 봄재배는 저온·서리로 출현·생육 지연 우려"
봄재배,2026-02-08,일,씨감자 싹 틔우기,자른 씨감자를 15~20℃·습도 80~90%에서 25~35일간 싹 틔워요.,"시설 내 고온 환기 필요, 노지 봄재배는 저온·서리로 출현·생육 지연 우려"
봄재배,2026-02-09,월,씨감자 싹 틔우기,자른 씨감자를 15~20℃·습도 80~90%에서 25~35일간 싹 틔워요.,"시설 내 고온 환기 필요, 노지 봄재배는 저온·서리로 출현·생육 지연 우려"
봄재배,2026-02-10,화,씨감자 싹 틔우기,자른 씨감자를 15~20℃·습도 80~90%에서 25~35일간 싹 틔워요.,"시설 내 고온 환기 필요, 노지 봄재배는 저온·서리로 출현·생육 지연 우려"
봄재배,2026-02-11,수,밭 준비 & 파종,이랑을 만들고 깊이 5~10cm로 심어요. (1열 70~80×20~25cm / 2열 90~140×30~40×20~25cm),"시설 내 고온 환기 필요, 노지 봄재배는 저온·서리로 출현·생육 지연 우려"
봄재배,2026-02-12,목,밭 준비 & 파종,이랑을 만들고 깊이 5~10cm로 심어요. (1열 70~80×20~25cm / 2열 90~140×30~40×20~25cm),"시설 내 고온 환기 필요, 노지 봄재배는 저온·서리로 출현·생육 지연 우려"
봄재배,2026-02-13,금,밭 준비 & 파종,이랑을 만들고 깊이 5~10cm로 심어요. (1열 70~80×20~25cm / 2열 90~140×30~40×20~25cm),"시설 내 고온 환기 필요, 노지 봄재배는 저온·서리로 출현·생육 지연 우려"
봄재배,2026-02-14,토,밭 준비 & 파종,이랑을 만들고 깊이 5~10cm로 심어요. (1열 70~80×20~25cm / 2열 90~140×30~40×20~25cm),"시설 내 고온 환기 필요, 노지 봄재배는 저온·서리로 출현·생육 지연 우려"
봄재배,2026-02-15,일,밭 준비 & 파종,이랑을 만들고 깊이 5~10cm로 심어요. (1열 70~80×20~25cm / 2열 90~140×30~40×20~25cm),"시설 내 고온 환기 필요, 노지 봄재배는 저온·서리로 출현·생육 지연 우려"
봄재배,2026-02-16,월,밭 준비 & 파종,이랑을 만들고 깊이 5~10cm로 심어요. (1열 70~80×20~25cm / 2열 90~140×30~40×20~25cm),"시설 내 고온 환기 필요, 노지 봄재배는 저온·서리로 출현·생육 지연 우려"
봄재배,2026-02-17,화,밭 준비 & 파종,이랑을 만들고 깊이 5~10cm로 심어요. (1열 70~80×20~25cm / 2열 90~140×30~40×20~25cm),"시설 내 고온 환기 필요, 노지 봄재배는 저온·서리로 출현·생육 지연 우려"
봄재배,2026-02-18,수,밭 준비 & 파종,이랑을 만들고 깊이 5~10cm로 심어요. (1열 70~80×20~25cm / 2열 90~140×30~40×20~25cm),"시설 내 고온 환기 필요, 노지 봄재배는 저온·서리로 출현·생육 지연 우려"
봄재배,2026-02-19,목,밭 준비 & 파종,이랑을 만들고 깊이 5~10cm로 심어요. (1열 70~80×20~25cm / 2열 90~140×30~40×20~25cm),"시설 내 고온 환기 필요, 노지 봄재배는 저온·서리로 출현·생육 지연 우려"
봄재배,2026-02-20,금,밭 준비 & 파종,이랑을 만들고 깊이 5~10cm로 심어요. (1열 70~80×20~25cm / 2열 90~140×30~40×20~25cm),"시설 내 고온 환기 필요, 노지 봄재배는 저온·서리로 출현·생육 지연 우려"
봄재배,2026-02-21,토,밭 준비 & 파종,이랑을 만들고 깊이 5~10cm로 심어요. (1열 70~80×20~25cm / 2열 90~140×30~40×20~25cm),"시설 내 고온 환기 필요, 노지 봄재배는 저온·서리로 출현·생육 지연 우려"
봄재배,2026-02-22,일,밭 준비 & 파종,이랑을 만들고 깊이 5~10cm로 심어요. (1열 70~80×20~25cm / 2열 90~140×30~40×20~25cm),"시설 내 고온 환기 필요, 노지 봄재배는 저온·서리로 출현·생육 지연 우려"
봄재배,2026-02-23,월,밭 준비 & 파종,이랑을 만들고 깊이 5~10cm로 심어요. (1열 70~80×20~25cm / 2열 90~140×30~40×20~25cm),"시설 내 고온 환기 필요, 노지 봄재배는 저온·서리로 출현·생육 지연 우려"
봄재배,2026-02-24,화,밭 준비 & 파종,이랑을 만들고 깊이 5~10cm로 심어요. (1열 70~80×20~25cm / 2열 90~140×30~40×20~25cm),"시설 내 고온 환기 필요, 노지 봄재배는 저온·서리로 출현·생육 지연 우려"
봄재배,2026-02-25,수,밭 준비 & 파종,이랑을 만들고 깊이 5~10cm로 심어요. (1열 70~80×20~25cm / 2열 90~140×30~40×20~25cm),"시설 내 고온 환기 필요, 노지 봄재배는 저온·서리로 출현·생육 지연 우려"
봄재배,2026-02-26,목,밭 준비 & 파종,이랑을 만들고 깊이 5~10cm로 심어요. (1열 70~80×20~25cm / 2열 90~140×30~40×20~25cm),"시설 내 고온 환기 필요, 노지 봄재배는 저온·서리로 출현·생육 지연 우려"
봄재배,2026-02-27,금,밭 준비 & 파종,이랑을 만들고 깊이 5~10cm로 심어요. (1열 70~80×20~25cm / 2열 90~140×30~40×20~25cm),"시설 내 고온 환기 필요, 노지 봄재배는 저온·서리로 출현·생육 지연 우려"
봄재배,2026-02-28,토,밭 준비 & 파종,이랑을 만들고 깊이 5~10cm로 심어요. (1열 70~80×20~25cm / 2열 90~140×30~40×20~25cm),"시설 내 고온 환기 필요, 노지 봄재배는 저온·서리로 출현·생육 지연 우려"
봄재배,2026-03-01,일,밭 준비 & 파종,이랑을 만들고 깊이 5~10cm로 심어요. (1열 70~80×20~25cm / 2열 90~140×30~40×20~25cm),"늦서리 주의(1~2주 생육 지연·수량 감소 가능), 지역별 늦서리 시기 고려해 파종"
봄재배,2026-03-02,월,밭 준비 & 파종,이랑을 만들고 깊이 5~10cm로 심어요. (1열 70~80×20~25cm / 2열 90~140×30~40×20~25cm),"늦서리 주의(1~2주 생육 지연·수량 감소 가능), 지역별 늦서리 시기 고려해 파종"
봄재배,2026-03-03,화,밭 준비 & 파종,이랑을 만들고 깊이 5~10cm로 심어요. (1열 70~80×20~25cm / 2열 90~140×30~40×20~25cm),"늦서리 주의(1~2주 생육 지연·수량 감소 가능), 지역별 늦서리 시기 고려해 파종"
봄재배,2026-03-04,수,밭 준비 & 파종,이랑을 만들고 깊이 5~10cm로 심어요. (1열 70~80×20~25cm / 2열 90~140×30~40×20~25cm),"늦서리 주의(1~2주 생육 지연·수량 감소 가능), 지역별 늦서리 시기 고려해 파종"
봄재배,2026-03-05,목,밭 준비 & 파종,이랑을 만들고 깊이 5~10cm로 심어요. (1열 70~80×20~25cm / 2열 90~140×30~40×20~25cm),"늦서리 주의(1~2주 생육 지연·수량 감소 가능), 지역별 늦서리 시기 고려해 파종"
봄재배,2026-03-06,금,밭 준비 & 파종,이랑을 만들고 깊이 5~10cm로 심어요. (1열 70~80×20~25cm / 2열 90~140×30~40×20~25cm),"늦서리 주의(1~2주 생육 지연·수량 감소 가능), 지역별 늦서리 시기 고려해 파종"
봄재배,2026-03-07,토,밭 준비 & 파종,이랑을 만들고 깊이 5~10cm로 심어요. (1열 70~80×20~25cm / 2열 90~140×30~40×20~25cm),"늦서리 주의(1~2주 생육 지연·수량 감소 가능), 지역별 늦서리 시기 고려해 파종"
봄재배,2026-03-08,일,밭 준비 & 파종,이랑을 만들고 깊이 5~10cm로 심어요. (1열 70~80×20~25cm / 2열 90~140×30~40×20~25cm),"늦서리 주의(1~2주 생육 지연·수량 감소 가능), 지역별 늦서리 시기 고려해 파종"
봄재배,2026-03-09,월,밭 준비 & 파종,이랑을 만들고 깊이 5~10cm로 심어요. (1열 70~80×20~25cm / 2열 90~140×30~40×20~25cm),"늦서리 주의(1~2주 생육 지연·수량 감소 가능), 지역별 늦서리 시기 고려해 파종"
봄재배,2026-03-10,화,밭 준비 & 파종,이랑을 만들고 깊이 5~10cm로 심어요. (1열 70~80×20~25cm / 2열 90~140×30~40×20~25cm),"늦서리 주의(1~2주 생육 지연·수량 감소 가능), 지역별 늦서리 시기 고려해 파종"
봄재배,2026-03-11,수,밭 준비 & 파종,이랑을 만들고 깊이 5~10cm로 심어요. (1열 70~80×20~25cm / 2열 90~140×30~40×20~25cm),"늦서리 주의(1~2주 생육 지연·수량 감소 가능), 지역별 늦서리 시기 고려해 파종"
봄재배,2026-03-12,목,밭 준비 & 파종,이랑을 만들고 깊이 5~10cm로 심어요. (1열 70~80×20~25cm / 2열 90~140×30~40×20~25cm),"늦서리 주의(1~2주 생육 지연·수량 감소 가능), 지역별 늦서리 시기 고려해 파종"
봄재배,2026-03-13,금,밭 준비 & 파종,이랑을 만들고 깊이 5~10cm로 심어요. (1열 70~80×20~25cm / 2열 90~140×30~40×20~25cm),"늦서리 주의(1~2주 생육 지연·수량 감소 가능), 지역별 늦서리 시기 고려해 파종"
봄재배,2026-03-14,토,밭 준비 & 파종,이랑을 만들고 깊이 5~10cm로 심어요. (1열 70~80×20~25cm / 2열 90~140×30~40×20~25cm),"늦서리 주의(1~2주 생육 지연·수량 감소 가능), 지역별 늦서리 시기 고려해 파종"
봄재배,2026-03-15,일,밭 준비 & 파종,이랑을 만들고 깊이 5~10cm로 심어요. (1열 70~80×20~25cm / 2열 90~140×30~40×20~25cm),"늦서리 주의(1~2주 생육 지연·수량 감소 가능), 지역별 늦서리 시기 고려해 파종"
봄재배,2026-03-16,월,밭 준비 & 파종,이랑을 만들고 깊이 5~10cm로 심어요. (1열 70~80×20~25cm / 2열 90~140×30~40×20~25cm),"늦서리 주의(1~2주 생육 지연·수량 감소 가능), 지역별 늦서리 시기 고려해 파종"
봄재배,2026-03-17,화,밭 준비 & 파종,이랑을 만들고 깊이 5~10cm로 심어요. (1열 70~80×20~25cm / 2열 90~140×30~40×20~25cm),"늦서리 주의(1~2주 생육 지연·수량 감소 가능), 지역별 늦서리 시기 고려해 파종"
봄재배,2026-03-18,수,밭 준비 & 파종,이랑을 만들고 깊이 5~10cm로 심어요. (1열 70~80×20~25cm / 2열 90~140×30~40×20~25cm),"늦서리 주의(1~2주 생육 지연·수량 감소 가능), 지역별 늦서리 시기 고려해 파종"
봄재배,2026-03-19,목,밭 준비 & 파종,이랑을 만들고 깊이 5~10cm로 심어요. (1열 70~80×20~25cm / 2열 90~140×30~40×20~25cm),"늦서리 주의(1~2주 생육 지연·수량 감소 가능), 지역별 늦서리 시기 고려해 파종"
봄재배,2026-03-20,금,밭 준비 & 파종,이랑을 만들고 깊이 5~10cm로 심어요. (1열 70~80×20~25cm / 2열 90~140×30~40×20~25cm),"늦서리 주의(1~2주 생육 지연·수량 감소 가능), 지역별 늦서리 시기 고려해 파종"
봄재배,2026-03-21,토,밭 준비 & 파종,이랑을 만들고 깊이 5~10cm로 심어요. (1열 70~80×20~25cm / 2열 90~140×30~40×20~25cm),"늦서리 주의(1~2주 생육 지연·수량 감소 가능), 지역별 늦서리 시기 고려해 파종"
봄재배,2026-03-22,일,밭 준비 & 파종,이랑을 만들고 깊이 5~10cm로 심어요. (1열 70~80×20~25cm / 2열 90~140×30~40×20~25cm),"늦서리 주의(1~2주 생육 지연·수량 감소 가능), 지역별 늦서리 시기 고려해 파종"
봄재배,2026-03-23,월,밭 준비 & 파종,이랑을 만들고 깊이 5~10cm로 심어요. (1열 70~80×20~25cm / 2열 90~140×30~40×20~25cm),"늦서리 주의(1~2주 생육 지연·수량 감소 가능), 지역별 늦서리 시기 고려해 파종"
봄재배,2026-03-24,화,밭 준비 & 파종,이랑을 만들고 깊이 5~10cm로 심어요. (1열 70~80×20~25cm / 2열 90~140×30~40×20~25cm),"늦서리 주의(1~2주 생육 지연·수량 감소 가능), 지역별 늦서리 시기 고려해 파종"
봄재배,2026-03-25,수,밭 준비 & 파종,이랑을 만들고 깊이 5~10cm로 심어요. (1열 70~80×20~25cm / 2열 90~140×30~40×20~25cm),"늦서리 주의(1~2주 생육 지연·수량 감소 가능), 지역별 늦서리 시기 고려해 파종"
봄재배,2026-03-26,목,밭 준비 & 파종,이랑을 만들고 깊이 5~10cm로 심어요. (1열 70~80×20~25cm / 2열 90~140×30~40×20~25cm),"늦서리 주의(1~2주 생육 지연·수량 감소 가능), 지역별 늦서리 시기 고려해 파종"
봄재배,2026-03-27,금,밭 준비 & 파종,이랑을 만들고 깊이 5~10cm로 심어요. (1열 70~80×20~25cm / 2열 90~140×30~40×20~25cm),"늦서리 주의(1~2주 생육 지연·수량 감소 가능), 지역별 늦서리 시기 고려해 파종"
봄재배,2026-03-28,토,밭 준비 & 파종,이랑을 만들고 깊이 5~10cm로 심어요. (1열 70~80×20~25cm / 2열 90~140×30~40×20~25cm),"늦서리 주의(1~2주 생육 지연·수량 감소 가능), 지역별 늦서리 시기 고려해 파종"
봄재배,2026-03-29,일,밭 준비 & 파종,이랑을 만들고 깊이 5~10cm로 심어요. (1열 70~80×20~25cm / 2열 90~140×30~40×20~25cm),"늦서리 주의(1~2주 생육 지연·수량 감소 가능), 지역별 늦서리 시기 고려해 파종"
봄재배,2026-03-30,월,밭 준비 & 파종,이랑을 만들고 깊이 5~10cm로 심어요. (1열 70~80×20~25cm / 2열 90~140×30~40×20~25cm),"늦서리 주의(1~2주 생육 지연·수량 감소 가능), 지역별 늦서리 시기 고려해 파종"
봄재배,2026-03-31,화,밭 준비 & 파종,이랑을 만들고 깊이 5~10cm로 심어요. (1열 70~80×20~25cm / 2열 90~140×30~40×20~25cm),"늦서리 주의(1~2주 생육 지연·수량 감소 가능), 지역별 늦서리 시기 고려해 파종"
봄재배,2026-04-01,수,제초 & 북주기(배토),"잡초 제거, 흙을 북돋아 덩이줄기 덮기(초록색 방지).","가뭄 대비 물 관리, 늦서리 주의 지속(고랭지)"
봄재배,2026-04-02,목,제초 & 북주기(배토),"잡초 제거, 흙을 북돋아 덩이줄기 덮기(초록색 방지).","가뭄 대비 물 관리, 늦서리 주의 지속(고랭지)"
봄재배,2026-04-03,금,제초 & 북주기(배토),"잡초 제거, 흙을 북돋아 덩이줄기 덮기(초록색 방지).","가뭄 대비 물 관리, 늦서리 주의 지속(고랭지)"
봄재배,2026-04-04,토,제초 & 북주기(배토),"잡초 제거, 흙을 북돋아 덩이줄기 덮기(초록색 방지).","가뭄 대비 물 관리, 늦서리 주의 지속(고랭지)"
봄재배,2026-04-05,일,제초 & 북주기(배토),"잡초 제거, 흙을 북돋아 덩이줄기 덮기(초록색 방지).","가뭄 대비 물 관리, 늦서리 주의 지속(고랭지)"
봄재배,2026-04-06,월,제초 & 북주기(배토),"잡초 제거, 흙을 북돋아 덩이줄기 덮기(초록색 방지).","가뭄 대비 물 관리, 늦서리 주의 지속(고랭지)"
봄재배,2026-04-07,화,제초 & 북주기(배토),"잡초 제거, 흙을 북돋아 덩이줄기 덮기(초록색 방지).","가뭄 대비 물 관리, 늦서리 주의 지속(고랭지)"
봄재배,2026-04-08,수,제초 & 북주기(배토),"잡초 제거, 흙을 북돋아 덩이줄기 덮기(초록색 방지).","가뭄 대비 물 관리, 늦서리 주의 지속(고랭지)"
봄재배,2026-04-09,목,제초 & 북주기(배토),"잡초 제거, 흙을 북돋아 덩이줄기 덮기(초록색 방지).","가뭄 대비 물 관리, 늦서리 주의 지속(고랭지)"
봄재배,2026-04-10,금,제초 & 북주기(배토),"잡초 제거, 흙을 북돋아 덩이줄기 덮기(초록색 방지).","가뭄 대비 물 관리, 늦서리 주의 지속(고랭지)"
봄재배,2026-04-11,토,제초 & 북주기(배토),"잡초 제거, 흙을 북돋아 덩이줄기 덮기(초록색 방지).","가뭄 대비 물 관리, 늦서리 주의 지속(고랭지)"
봄재배,2026-04-12,일,제초 & 북주기(배토),"잡초 제거, 흙을 북돋아 덩이줄기 덮기(초록색 방지).","가뭄 대비 물 관리, 늦서리 주의 지속(고랭지)"
봄재배,2026-04-13,월,제초 & 북주기(배토),"잡초 제거, 흙을 북돋아 덩이줄기 덮기(초록색 방지).","가뭄 대비 물 관리, 늦서리 주의 지속(고랭지)"
봄재배,2026-04-14,화,제초 & 북주기(배토),"잡초 제거, 흙을 북돋아 덩이줄기 덮기(초록색 방지).","가뭄 대비 물 관리, 늦서리 주의 지속(고랭지)"
봄재배,2026-04-15,수,제초 & 북주기(배토),"잡초 제거, 흙을 북돋아 덩이줄기 덮기(초록색 방지).","가뭄 대비 물 관리, 늦서리 주의 지속(고랭지)"
봄재배,2026-04-16,목,제초 & 북주기(배토),"잡초 제거, 흙을 북돋아 덩이줄기 덮기(초록색 방지).","가뭄 대비 물 관리, 늦서리 주의 지속(고랭지)"
봄재배,2026-04-17,금,제초 & 북주기(배토),"잡초 제거, 흙을 북돋아 덩이줄기 덮기(초록색 방지).","가뭄 대비 물 관리, 늦서리 주의 지속(고랭지)"
봄재배,2026-04-18,토,제초 & 북주기(배토),"잡초 제거, 흙을 북돋아 덩이줄기 덮기(초록색 방지).","가뭄 대비 물 관리, 늦서리 주의 지속(고랭지)"
봄재배,2026-04-19,일,제초 & 북주기(배토),"잡초 제거, 흙을 북돋아 덩이줄기 덮기(초록색 방지).","가뭄 대비 물 관리, 늦서리 주의 지속(고랭지)"
봄재배,2026-04-20,월,제초 & 북주기(배토),"잡초 제거, 흙을 북돋아 덩이줄기 덮기(초록색 방지).","가뭄 대비 물 관리, 늦서리 주의 지속(고랭지)"
봄재배,2026-04-21,화,제초 & 북주기(배토),"잡초 제거, 흙을 북돋아 덩이줄기 덮기(초록색 방지).","가뭄 대비 물 관리, 늦서리 주의 지속(고랭지)"
봄재배,2026-04-22,수,제초 & 북주기(배토),"잡초 제거, 흙을 북돋아 덩이줄기 덮기(초록색 방지).","가뭄 대비 물 관리, 늦서리 주의 지속(고랭지)"
봄재배,2026-04-23,목,제초 & 북주기(배토),"잡초 제거, 흙을 북돋아 덩이줄기 덮기(초록색 방지).","가뭄 대비 물 관리, 늦서리 주의 지속(고랭지)"
봄재배,2026-04-24,금,제초 & 북주기(배토),"잡초 제거, 흙을 북돋아 덩이줄기 덮기(초록색 방지).","가뭄 대비 물 관리, 늦서리 주의 지속(고랭지)"
봄재배,2026-04-25,토,제초 & 북주기(배토),"잡초 제거, 흙을 북돋아 덩이줄기 덮기(초록색 방지).","가뭄 대비 물 관리, 늦서리 주의 지속(고랭지)"
봄재배,2026-04-26,일,제초 & 북주기(배토),"잡초 제거, 흙을 북돋아 덩이줄기 덮기(초록색 방지).","가뭄 대비 물 관리, 늦서리 주의 지속(고랭지)"
봄재배,2026-04-27,월,제초 & 북주기(배토),"잡초 제거, 흙을 북돋아 덩이줄기 덮기(초록색 방지).","가뭄 대비 물 관리, 늦서리 주의 지속(고랭지)"
봄재배,2026-04-28,화,제초 & 북주기(배토),"잡초 제거, 흙을 북돋아 덩이줄기 덮기(초록색 방지).","가뭄 대비 물 관리, 늦서리 주의 지속(고랭지)"
봄재배,2026-04-29,수,제초 & 북주기(배토),"잡초 제거, 흙을 북돋아 덩이줄기 덮기(초록색 방지).","가뭄 대비 물 관리, 늦서리 주의 지속(고랭지)"
봄재배,2026-04-30,목,제초 & 북주기(배토),"잡초 제거, 흙을 북돋아 덩이줄기 덮기(초록색 방지).","가뭄 대비 물 관리, 늦서리 주의 지속(고랭지)"
봄재배,2026-05-01,금,제초 & 북주기(배토) · 물 관리 & 병해충 방제,"잡초 제거, 흙을 북돋아 덩이줄기 덮기(초록색 방지). / 덩이줄기 비대기에 물이 가장 많이 필요. 물빠짐도 관리.","가뭄·장마 대비, 덩이줄기 비대기 물 관리 특히 중요(부족 시 비대 불량) / 덩이줄기 비대기: 칼슘 부족 상태에서 급성장 시 중심공동(속 빈 증상) 발생 주의"
봄재배,2026-05-02,토,제초 & 북주기(배토) · 물 관리 & 병해충 방제,"잡초 제거, 흙을 북돋아 덩이줄기 덮기(초록색 방지). / 덩이줄기 비대기에 물이 가장 많이 필요. 물빠짐도 관리.","가뭄·장마 대비, 덩이줄기 비대기 물 관리 특히 중요(부족 시 비대 불량) / 덩이줄기 비대기: 칼슘 부족 상태에서 급성장 시 중심공동(속 빈 증상) 발생 주의"
봄재배,2026-05-03,일,제초 & 북주기(배토) · 물 관리 & 병해충 방제,"잡초 제거, 흙을 북돋아 덩이줄기 덮기(초록색 방지). / 덩이줄기 비대기에 물이 가장 많이 필요. 물빠짐도 관리.","가뭄·장마 대비, 덩이줄기 비대기 물 관리 특히 중요(부족 시 비대 불량) / 덩이줄기 비대기: 칼슘 부족 상태에서 급성장 시 중심공동(속 빈 증상) 발생 주의"
봄재배,2026-05-04,월,제초 & 북주기(배토) · 물 관리 & 병해충 방제,"잡초 제거, 흙을 북돋아 덩이줄기 덮기(초록색 방지). / 덩이줄기 비대기에 물이 가장 많이 필요. 물빠짐도 관리.","가뭄·장마 대비, 덩이줄기 비대기 물 관리 특히 중요(부족 시 비대 불량) / 덩이줄기 비대기: 칼슘 부족 상태에서 급성장 시 중심공동(속 빈 증상) 발생 주의"
봄재배,2026-05-05,화,제초 & 북주기(배토) · 물 관리 & 병해충 방제,"잡초 제거, 흙을 북돋아 덩이줄기 덮기(초록색 방지). / 덩이줄기 비대기에 물이 가장 많이 필요. 물빠짐도 관리.","가뭄·장마 대비, 덩이줄기 비대기 물 관리 특히 중요(부족 시 비대 불량) / 덩이줄기 비대기: 칼슘 부족 상태에서 급성장 시 중심공동(속 빈 증상) 발생 주의"
봄재배,2026-05-06,수,제초 & 북주기(배토) · 물 관리 & 병해충 방제,"잡초 제거, 흙을 북돋아 덩이줄기 덮기(초록색 방지). / 덩이줄기 비대기에 물이 가장 많이 필요. 물빠짐도 관리.","가뭄·장마 대비, 덩이줄기 비대기 물 관리 특히 중요(부족 시 비대 불량) / 덩이줄기 비대기: 칼슘 부족 상태에서 급성장 시 중심공동(속 빈 증상) 발생 주의"
봄재배,2026-05-07,목,제초 & 북주기(배토) · 물 관리 & 병해충 방제,"잡초 제거, 흙을 북돋아 덩이줄기 덮기(초록색 방지). / 덩이줄기 비대기에 물이 가장 많이 필요. 물빠짐도 관리.","가뭄·장마 대비, 덩이줄기 비대기 물 관리 특히 중요(부족 시 비대 불량) / 덩이줄기 비대기: 칼슘 부족 상태에서 급성장 시 중심공동(속 빈 증상) 발생 주의"
봄재배,2026-05-08,금,제초 & 북주기(배토) · 물 관리 & 병해충 방제,"잡초 제거, 흙을 북돋아 덩이줄기 덮기(초록색 방지). / 덩이줄기 비대기에 물이 가장 많이 필요. 물빠짐도 관리.","가뭄·장마 대비, 덩이줄기 비대기 물 관리 특히 중요(부족 시 비대 불량) / 덩이줄기 비대기: 칼슘 부족 상태에서 급성장 시 중심공동(속 빈 증상) 발생 주의"
봄재배,2026-05-09,토,제초 & 북주기(배토) · 물 관리 & 병해충 방제,"잡초 제거, 흙을 북돋아 덩이줄기 덮기(초록색 방지). / 덩이줄기 비대기에 물이 가장 많이 필요. 물빠짐도 관리.","가뭄·장마 대비, 덩이줄기 비대기 물 관리 특히 중요(부족 시 비대 불량) / 덩이줄기 비대기: 칼슘 부족 상태에서 급성장 시 중심공동(속 빈 증상) 발생 주의"
봄재배,2026-05-10,일,제초 & 북주기(배토) · 물 관리 & 병해충 방제,"잡초 제거, 흙을 북돋아 덩이줄기 덮기(초록색 방지). / 덩이줄기 비대기에 물이 가장 많이 필요. 물빠짐도 관리.","가뭄·장마 대비, 덩이줄기 비대기 물 관리 특히 중요(부족 시 비대 불량) / 덩이줄기 비대기: 칼슘 부족 상태에서 급성장 시 중심공동(속 빈 증상) 발생 주의"
봄재배,2026-05-11,월,물 관리 & 병해충 방제,덩이줄기 비대기에 물이 가장 많이 필요. 물빠짐도 관리.,"가뭄·장마 대비, 덩이줄기 비대기 물 관리 특히 중요(부족 시 비대 불량) / 덩이줄기 비대기: 칼슘 부족 상태에서 급성장 시 중심공동(속 빈 증상) 발생 주의"
봄재배,2026-05-12,화,물 관리 & 병해충 방제,덩이줄기 비대기에 물이 가장 많이 필요. 물빠짐도 관리.,"가뭄·장마 대비, 덩이줄기 비대기 물 관리 특히 중요(부족 시 비대 불량) / 덩이줄기 비대기: 칼슘 부족 상태에서 급성장 시 중심공동(속 빈 증상) 발생 주의"
봄재배,2026-05-13,수,물 관리 & 병해충 방제,덩이줄기 비대기에 물이 가장 많이 필요. 물빠짐도 관리.,"가뭄·장마 대비, 덩이줄기 비대기 물 관리 특히 중요(부족 시 비대 불량) / 덩이줄기 비대기: 칼슘 부족 상태에서 급성장 시 중심공동(속 빈 증상) 발생 주의"
봄재배,2026-05-14,목,물 관리 & 병해충 방제,덩이줄기 비대기에 물이 가장 많이 필요. 물빠짐도 관리.,"가뭄·장마 대비, 덩이줄기 비대기 물 관리 특히 중요(부족 시 비대 불량) / 덩이줄기 비대기: 칼슘 부족 상태에서 급성장 시 중심공동(속 빈 증상) 발생 주의"
봄재배,2026-05-15,금,물 관리 & 병해충 방제,덩이줄기 비대기에 물이 가장 많이 필요. 물빠짐도 관리.,"가뭄·장마 대비, 덩이줄기 비대기 물 관리 특히 중요(부족 시 비대 불량) / 덩이줄기 비대기: 칼슘 부족 상태에서 급성장 시 중심공동(속 빈 증상) 발생 주의"
봄재배,2026-05-16,토,물 관리 & 병해충 방제,덩이줄기 비대기에 물이 가장 많이 필요. 물빠짐도 관리.,"가뭄·장마 대비, 덩이줄기 비대기 물 관리 특히 중요(부족 시 비대 불량) / 덩이줄기 비대기: 칼슘 부족 상태에서 급성장 시 중심공동(속 빈 증상) 발생 주의"
봄재배,2026-05-17,일,물 관리 & 병해충 방제,덩이줄기 비대기에 물이 가장 많이 필요. 물빠짐도 관리.,"가뭄·장마 대비, 덩이줄기 비대기 물 관리 특히 중요(부족 시 비대 불량) / 덩이줄기 비대기: 칼슘 부족 상태에서 급성장 시 중심공동(속 빈 증상) 발생 주의"
봄재배,2026-05-18,월,물 관리 & 병해충 방제,덩이줄기 비대기에 물이 가장 많이 필요. 물빠짐도 관리.,"가뭄·장마 대비, 덩이줄기 비대기 물 관리 특히 중요(부족 시 비대 불량) / 덩이줄기 비대기: 칼슘 부족 상태에서 급성장 시 중심공동(속 빈 증상) 발생 주의"
봄재배,2026-05-19,화,물 관리 & 병해충 방제,덩이줄기 비대기에 물이 가장 많이 필요. 물빠짐도 관리.,"가뭄·장마 대비, 덩이줄기 비대기 물 관리 특히 중요(부족 시 비대 불량) / 덩이줄기 비대기: 칼슘 부족 상태에서 급성장 시 중심공동(속 빈 증상) 발생 주의"
봄재배,2026-05-20,수,물 관리 & 병해충 방제,덩이줄기 비대기에 물이 가장 많이 필요. 물빠짐도 관리.,"가뭄·장마 대비, 덩이줄기 비대기 물 관리 특히 중요(부족 시 비대 불량) / 덩이줄기 비대기: 칼슘 부족 상태에서 급성장 시 중심공동(속 빈 증상) 발생 주의"
봄재배,2026-05-21,목,물 관리 & 병해충 방제 · 수확,덩이줄기 비대기에 물이 가장 많이 필요. 물빠짐도 관리. / 잎·줄기가 노랗게 변하면 수확 적기.,"가뭄·장마 대비, 덩이줄기 비대기 물 관리 특히 중요(부족 시 비대 불량) / 덩이줄기 비대기: 칼슘 부족 상태에서 급성장 시 중심공동(속 빈 증상) 발생 주의 / 수확 시 마찰·고온으로 열개(표면 갈라짐) 발생 가능 — 온도 높으면 서둘러 수확"
봄재배,2026-05-22,금,물 관리 & 병해충 방제 · 수확,덩이줄기 비대기에 물이 가장 많이 필요. 물빠짐도 관리. / 잎·줄기가 노랗게 변하면 수확 적기.,"가뭄·장마 대비, 덩이줄기 비대기 물 관리 특히 중요(부족 시 비대 불량) / 덩이줄기 비대기: 칼슘 부족 상태에서 급성장 시 중심공동(속 빈 증상) 발생 주의 / 수확 시 마찰·고온으로 열개(표면 갈라짐) 발생 가능 — 온도 높으면 서둘러 수확"
봄재배,2026-05-23,토,물 관리 & 병해충 방제 · 수확,덩이줄기 비대기에 물이 가장 많이 필요. 물빠짐도 관리. / 잎·줄기가 노랗게 변하면 수확 적기.,"가뭄·장마 대비, 덩이줄기 비대기 물 관리 특히 중요(부족 시 비대 불량) / 덩이줄기 비대기: 칼슘 부족 상태에서 급성장 시 중심공동(속 빈 증상) 발생 주의 / 수확 시 마찰·고온으로 열개(표면 갈라짐) 발생 가능 — 온도 높으면 서둘러 수확"
봄재배,2026-05-24,일,물 관리 & 병해충 방제 · 수확,덩이줄기 비대기에 물이 가장 많이 필요. 물빠짐도 관리. / 잎·줄기가 노랗게 변하면 수확 적기.,"가뭄·장마 대비, 덩이줄기 비대기 물 관리 특히 중요(부족 시 비대 불량) / 덩이줄기 비대기: 칼슘 부족 상태에서 급성장 시 중심공동(속 빈 증상) 발생 주의 / 수확 시 마찰·고온으로 열개(표면 갈라짐) 발생 가능 — 온도 높으면 서둘러 수확"
봄재배,2026-05-25,월,물 관리 & 병해충 방제 · 수확,덩이줄기 비대기에 물이 가장 많이 필요. 물빠짐도 관리. / 잎·줄기가 노랗게 변하면 수확 적기.,"가뭄·장마 대비, 덩이줄기 비대기 물 관리 특히 중요(부족 시 비대 불량) / 덩이줄기 비대기: 칼슘 부족 상태에서 급성장 시 중심공동(속 빈 증상) 발생 주의 / 수확 시 마찰·고온으로 열개(표면 갈라짐) 발생 가능 — 온도 높으면 서둘러 수확"
봄재배,2026-05-26,화,물 관리 & 병해충 방제 · 수확,덩이줄기 비대기에 물이 가장 많이 필요. 물빠짐도 관리. / 잎·줄기가 노랗게 변하면 수확 적기.,"가뭄·장마 대비, 덩이줄기 비대기 물 관리 특히 중요(부족 시 비대 불량) / 덩이줄기 비대기: 칼슘 부족 상태에서 급성장 시 중심공동(속 빈 증상) 발생 주의 / 수확 시 마찰·고온으로 열개(표면 갈라짐) 발생 가능 — 온도 높으면 서둘러 수확"
봄재배,2026-05-27,수,물 관리 & 병해충 방제 · 수확,덩이줄기 비대기에 물이 가장 많이 필요. 물빠짐도 관리. / 잎·줄기가 노랗게 변하면 수확 적기.,"가뭄·장마 대비, 덩이줄기 비대기 물 관리 특히 중요(부족 시 비대 불량) / 덩이줄기 비대기: 칼슘 부족 상태에서 급성장 시 중심공동(속 빈 증상) 발생 주의 / 수확 시 마찰·고온으로 열개(표면 갈라짐) 발생 가능 — 온도 높으면 서둘러 수확"
봄재배,2026-05-28,목,물 관리 & 병해충 방제 · 수확,덩이줄기 비대기에 물이 가장 많이 필요. 물빠짐도 관리. / 잎·줄기가 노랗게 변하면 수확 적기.,"가뭄·장마 대비, 덩이줄기 비대기 물 관리 특히 중요(부족 시 비대 불량) / 덩이줄기 비대기: 칼슘 부족 상태에서 급성장 시 중심공동(속 빈 증상) 발생 주의 / 수확 시 마찰·고온으로 열개(표면 갈라짐) 발생 가능 — 온도 높으면 서둘러 수확"
봄재배,2026-05-29,금,물 관리 & 병해충 방제 · 수확,덩이줄기 비대기에 물이 가장 많이 필요. 물빠짐도 관리. / 잎·줄기가 노랗게 변하면 수확 적기.,"가뭄·장마 대비, 덩이줄기 비대기 물 관리 특히 중요(부족 시 비대 불량) / 덩이줄기 비대기: 칼슘 부족 상태에서 급성장 시 중심공동(속 빈 증상) 발생 주의 / 수확 시 마찰·고온으로 열개(표면 갈라짐) 발생 가능 — 온도 높으면 서둘러 수확"
봄재배,2026-05-30,토,물 관리 & 병해충 방제 · 수확,덩이줄기 비대기에 물이 가장 많이 필요. 물빠짐도 관리. / 잎·줄기가 노랗게 변하면 수확 적기.,"가뭄·장마 대비, 덩이줄기 비대기 물 관리 특히 중요(부족 시 비대 불량) / 덩이줄기 비대기: 칼슘 부족 상태에서 급성장 시 중심공동(속 빈 증상) 발생 주의 / 수확 시 마찰·고온으로 열개(표면 갈라짐) 발생 가능 — 온도 높으면 서둘러 수확"
봄재배,2026-05-31,일,물 관리 & 병해충 방제 · 수확,덩이줄기 비대기에 물이 가장 많이 필요. 물빠짐도 관리. / 잎·줄기가 노랗게 변하면 수확 적기.,"가뭄·장마 대비, 덩이줄기 비대기 물 관리 특히 중요(부족 시 비대 불량) / 덩이줄기 비대기: 칼슘 부족 상태에서 급성장 시 중심공동(속 빈 증상) 발생 주의 / 수확 시 마찰·고온으로 열개(표면 갈라짐) 발생 가능 — 온도 높으면 서둘러 수확"
봄재배,2026-06-01,월,물 관리 & 병해충 방제 · 수확,덩이줄기 비대기에 물이 가장 많이 필요. 물빠짐도 관리. / 잎·줄기가 노랗게 변하면 수확 적기.,"장마철 배수 관리 필수, 역병·습해 주의(장기 침수 시 단시간에 부패 진행) / 덩이줄기 비대기: 칼슘 부족 상태에서 급성장 시 중심공동(속 빈 증상) 발생 주의 / 수확 시 마찰·고온으로 열개(표면 갈라짐) 발생 가능 — 온도 높으면 서둘러 수확"
봄재배,2026-06-02,화,물 관리 & 병해충 방제 · 수확,덩이줄기 비대기에 물이 가장 많이 필요. 물빠짐도 관리. / 잎·줄기가 노랗게 변하면 수확 적기.,"장마철 배수 관리 필수, 역병·습해 주의(장기 침수 시 단시간에 부패 진행) / 덩이줄기 비대기: 칼슘 부족 상태에서 급성장 시 중심공동(속 빈 증상) 발생 주의 / 수확 시 마찰·고온으로 열개(표면 갈라짐) 발생 가능 — 온도 높으면 서둘러 수확"
봄재배,2026-06-03,수,물 관리 & 병해충 방제 · 수확,덩이줄기 비대기에 물이 가장 많이 필요. 물빠짐도 관리. / 잎·줄기가 노랗게 변하면 수확 적기.,"장마철 배수 관리 필수, 역병·습해 주의(장기 침수 시 단시간에 부패 진행) / 덩이줄기 비대기: 칼슘 부족 상태에서 급성장 시 중심공동(속 빈 증상) 발생 주의 / 수확 시 마찰·고온으로 열개(표면 갈라짐) 발생 가능 — 온도 높으면 서둘러 수확"
봄재배,2026-06-04,목,물 관리 & 병해충 방제 · 수확,덩이줄기 비대기에 물이 가장 많이 필요. 물빠짐도 관리. / 잎·줄기가 노랗게 변하면 수확 적기.,"장마철 배수 관리 필수, 역병·습해 주의(장기 침수 시 단시간에 부패 진행) / 덩이줄기 비대기: 칼슘 부족 상태에서 급성장 시 중심공동(속 빈 증상) 발생 주의 / 수확 시 마찰·고온으로 열개(표면 갈라짐) 발생 가능 — 온도 높으면 서둘러 수확"
봄재배,2026-06-05,금,물 관리 & 병해충 방제 · 수확,덩이줄기 비대기에 물이 가장 많이 필요. 물빠짐도 관리. / 잎·줄기가 노랗게 변하면 수확 적기.,"장마철 배수 관리 필수, 역병·습해 주의(장기 침수 시 단시간에 부패 진행) / 덩이줄기 비대기: 칼슘 부족 상태에서 급성장 시 중심공동(속 빈 증상) 발생 주의 / 수확 시 마찰·고온으로 열개(표면 갈라짐) 발생 가능 — 온도 높으면 서둘러 수확"
봄재배,2026-06-06,토,물 관리 & 병해충 방제 · 수확,덩이줄기 비대기에 물이 가장 많이 필요. 물빠짐도 관리. / 잎·줄기가 노랗게 변하면 수확 적기.,"장마철 배수 관리 필수, 역병·습해 주의(장기 침수 시 단시간에 부패 진행) / 덩이줄기 비대기: 칼슘 부족 상태에서 급성장 시 중심공동(속 빈 증상) 발생 주의 / 수확 시 마찰·고온으로 열개(표면 갈라짐) 발생 가능 — 온도 높으면 서둘러 수확"
봄재배,2026-06-07,일,물 관리 & 병해충 방제 · 수확,덩이줄기 비대기에 물이 가장 많이 필요. 물빠짐도 관리. / 잎·줄기가 노랗게 변하면 수확 적기.,"장마철 배수 관리 필수, 역병·습해 주의(장기 침수 시 단시간에 부패 진행) / 덩이줄기 비대기: 칼슘 부족 상태에서 급성장 시 중심공동(속 빈 증상) 발생 주의 / 수확 시 마찰·고온으로 열개(표면 갈라짐) 발생 가능 — 온도 높으면 서둘러 수확"
봄재배,2026-06-08,월,물 관리 & 병해충 방제 · 수확,덩이줄기 비대기에 물이 가장 많이 필요. 물빠짐도 관리. / 잎·줄기가 노랗게 변하면 수확 적기.,"장마철 배수 관리 필수, 역병·습해 주의(장기 침수 시 단시간에 부패 진행) / 덩이줄기 비대기: 칼슘 부족 상태에서 급성장 시 중심공동(속 빈 증상) 발생 주의 / 수확 시 마찰·고온으로 열개(표면 갈라짐) 발생 가능 — 온도 높으면 서둘러 수확"
봄재배,2026-06-09,화,물 관리 & 병해충 방제 · 수확,덩이줄기 비대기에 물이 가장 많이 필요. 물빠짐도 관리. / 잎·줄기가 노랗게 변하면 수확 적기.,"장마철 배수 관리 필수, 역병·습해 주의(장기 침수 시 단시간에 부패 진행) / 덩이줄기 비대기: 칼슘 부족 상태에서 급성장 시 중심공동(속 빈 증상) 발생 주의 / 수확 시 마찰·고온으로 열개(표면 갈라짐) 발생 가능 — 온도 높으면 서둘러 수확"
봄재배,2026-06-10,수,물 관리 & 병해충 방제 · 수확,덩이줄기 비대기에 물이 가장 많이 필요. 물빠짐도 관리. / 잎·줄기가 노랗게 변하면 수확 적기.,"장마철 배수 관리 필수, 역병·습해 주의(장기 침수 시 단시간에 부패 진행) / 덩이줄기 비대기: 칼슘 부족 상태에서 급성장 시 중심공동(속 빈 증상) 발생 주의 / 수확 시 마찰·고온으로 열개(표면 갈라짐) 발생 가능 — 온도 높으면 서둘러 수확"
봄재배,2026-06-11,목,수확,잎·줄기가 노랗게 변하면 수확 적기.,"장마철 배수 관리 필수, 역병·습해 주의(장기 침수 시 단시간에 부패 진행) / 수확 시 마찰·고온으로 열개(표면 갈라짐) 발생 가능 — 온도 높으면 서둘러 수확"
봄재배,2026-06-12,금,수확,잎·줄기가 노랗게 변하면 수확 적기.,"장마철 배수 관리 필수, 역병·습해 주의(장기 침수 시 단시간에 부패 진행) / 수확 시 마찰·고온으로 열개(표면 갈라짐) 발생 가능 — 온도 높으면 서둘러 수확"
봄재배,2026-06-13,토,수확,잎·줄기가 노랗게 변하면 수확 적기.,"장마철 배수 관리 필수, 역병·습해 주의(장기 침수 시 단시간에 부패 진행) / 수확 시 마찰·고온으로 열개(표면 갈라짐) 발생 가능 — 온도 높으면 서둘러 수확"
봄재배,2026-06-14,일,수확,잎·줄기가 노랗게 변하면 수확 적기.,"장마철 배수 관리 필수, 역병·습해 주의(장기 침수 시 단시간에 부패 진행) / 수확 시 마찰·고온으로 열개(표면 갈라짐) 발생 가능 — 온도 높으면 서둘러 수확"
봄재배,2026-06-15,월,수확,잎·줄기가 노랗게 변하면 수확 적기.,"장마철 배수 관리 필수, 역병·습해 주의(장기 침수 시 단시간에 부패 진행) / 수확 시 마찰·고온으로 열개(표면 갈라짐) 발생 가능 — 온도 높으면 서둘러 수확"
봄재배,2026-06-16,화,수확,잎·줄기가 노랗게 변하면 수확 적기.,"장마철 배수 관리 필수, 역병·습해 주의(장기 침수 시 단시간에 부패 진행) / 수확 시 마찰·고온으로 열개(표면 갈라짐) 발생 가능 — 온도 높으면 서둘러 수확"
봄재배,2026-06-17,수,수확,잎·줄기가 노랗게 변하면 수확 적기.,"장마철 배수 관리 필수, 역병·습해 주의(장기 침수 시 단시간에 부패 진행) / 수확 시 마찰·고온으로 열개(표면 갈라짐) 발생 가능 — 온도 높으면 서둘러 수확"
봄재배,2026-06-18,목,수확,잎·줄기가 노랗게 변하면 수확 적기.,"장마철 배수 관리 필수, 역병·습해 주의(장기 침수 시 단시간에 부패 진행) / 수확 시 마찰·고온으로 열개(표면 갈라짐) 발생 가능 — 온도 높으면 서둘러 수확"
봄재배,2026-06-19,금,수확,잎·줄기가 노랗게 변하면 수확 적기.,"장마철 배수 관리 필수, 역병·습해 주의(장기 침수 시 단시간에 부패 진행) / 수확 시 마찰·고온으로 열개(표면 갈라짐) 발생 가능 — 온도 높으면 서둘러 수확"
봄재배,2026-06-20,토,수확,잎·줄기가 노랗게 변하면 수확 적기.,"장마철 배수 관리 필수, 역병·습해 주의(장기 침수 시 단시간에 부패 진행) / 수확 시 마찰·고온으로 열개(표면 갈라짐) 발생 가능 — 온도 높으면 서둘러 수확"
봄재배,2026-06-21,일,수확,잎·줄기가 노랗게 변하면 수확 적기.,"장마철 배수 관리 필수, 역병·습해 주의(장기 침수 시 단시간에 부패 진행) / 수확 시 마찰·고온으로 열개(표면 갈라짐) 발생 가능 — 온도 높으면 서둘러 수확"
봄재배,2026-06-22,월,수확,잎·줄기가 노랗게 변하면 수확 적기.,"장마철 배수 관리 필수, 역병·습해 주의(장기 침수 시 단시간에 부패 진행) / 수확 시 마찰·고온으로 열개(표면 갈라짐) 발생 가능 — 온도 높으면 서둘러 수확"
봄재배,2026-06-23,화,수확,잎·줄기가 노랗게 변하면 수확 적기.,"장마철 배수 관리 필수, 역병·습해 주의(장기 침수 시 단시간에 부패 진행) / 수확 시 마찰·고온으로 열개(표면 갈라짐) 발생 가능 — 온도 높으면 서둘러 수확"
봄재배,2026-06-24,수,수확,잎·줄기가 노랗게 변하면 수확 적기.,"장마철 배수 관리 필수, 역병·습해 주의(장기 침수 시 단시간에 부패 진행) / 수확 시 마찰·고온으로 열개(표면 갈라짐) 발생 가능 — 온도 높으면 서둘러 수확"
봄재배,2026-06-25,목,수확,잎·줄기가 노랗게 변하면 수확 적기.,"장마철 배수 관리 필수, 역병·습해 주의(장기 침수 시 단시간에 부패 진행) / 수확 시 마찰·고온으로 열개(표면 갈라짐) 발생 가능 — 온도 높으면 서둘러 수확"
봄재배,2026-06-26,금,수확,잎·줄기가 노랗게 변하면 수확 적기.,"장마철 배수 관리 필수, 역병·습해 주의(장기 침수 시 단시간에 부패 진행) / 수확 시 마찰·고온으로 열개(표면 갈라짐) 발생 가능 — 온도 높으면 서둘러 수확"
봄재배,2026-06-27,토,수확,잎·줄기가 노랗게 변하면 수확 적기.,"장마철 배수 관리 필수, 역병·습해 주의(장기 침수 시 단시간에 부패 진행) / 수확 시 마찰·고온으로 열개(표면 갈라짐) 발생 가능 — 온도 높으면 서둘러 수확"
봄재배,2026-06-28,일,수확,잎·줄기가 노랗게 변하면 수확 적기.,"장마철 배수 관리 필수, 역병·습해 주의(장기 침수 시 단시간에 부패 진행) / 수확 시 마찰·고온으로 열개(표면 갈라짐) 발생 가능 — 온도 높으면 서둘러 수확"
봄재배,2026-06-29,월,수확,잎·줄기가 노랗게 변하면 수확 적기.,"장마철 배수 관리 필수, 역병·습해 주의(장기 침수 시 단시간에 부패 진행) / 수확 시 마찰·고온으로 열개(표면 갈라짐) 발생 가능 — 온도 높으면 서둘러 수확"
봄재배,2026-06-30,화,수확,잎·줄기가 노랗게 변하면 수확 적기.,"장마철 배수 관리 필수, 역병·습해 주의(장기 침수 시 단시간에 부패 진행) / 수확 시 마찰·고온으로 열개(표면 갈라짐) 발생 가능 — 온도 높으면 서둘러 수확"
봄재배,2026-07-01,수,예비저장,적정온도 12~18℃·습도 80~85%. 빛이 들지 않고 통풍 잘되는 서늘한 곳에 얇게 펴서 10~14일간 말려요.,"고온다습 장마 배수관리, 역병·무름병·습해 주의 / 저온→고온 급변 또는 고온 밀폐 저장 시 흑색심부(내부 흑변) 주의"
봄재배,2026-07-02,목,예비저장,적정온도 12~18℃·습도 80~85%. 빛이 들지 않고 통풍 잘되는 서늘한 곳에 얇게 펴서 10~14일간 말려요.,"고온다습 장마 배수관리, 역병·무름병·습해 주의 / 저온→고온 급변 또는 고온 밀폐 저장 시 흑색심부(내부 흑변) 주의"
봄재배,2026-07-03,금,예비저장,적정온도 12~18℃·습도 80~85%. 빛이 들지 않고 통풍 잘되는 서늘한 곳에 얇게 펴서 10~14일간 말려요.,"고온다습 장마 배수관리, 역병·무름병·습해 주의 / 저온→고온 급변 또는 고온 밀폐 저장 시 흑색심부(내부 흑변) 주의"
봄재배,2026-07-04,토,예비저장,적정온도 12~18℃·습도 80~85%. 빛이 들지 않고 통풍 잘되는 서늘한 곳에 얇게 펴서 10~14일간 말려요.,"고온다습 장마 배수관리, 역병·무름병·습해 주의 / 저온→고온 급변 또는 고온 밀폐 저장 시 흑색심부(내부 흑변) 주의"
봄재배,2026-07-05,일,예비저장,적정온도 12~18℃·습도 80~85%. 빛이 들지 않고 통풍 잘되는 서늘한 곳에 얇게 펴서 10~14일간 말려요.,"고온다습 장마 배수관리, 역병·무름병·습해 주의 / 저온→고온 급변 또는 고온 밀폐 저장 시 흑색심부(내부 흑변) 주의"
봄재배,2026-07-06,월,예비저장,적정온도 12~18℃·습도 80~85%. 빛이 들지 않고 통풍 잘되는 서늘한 곳에 얇게 펴서 10~14일간 말려요.,"고온다습 장마 배수관리, 역병·무름병·습해 주의 / 저온→고온 급변 또는 고온 밀폐 저장 시 흑색심부(내부 흑변) 주의"
봄재배,2026-07-07,화,예비저장,적정온도 12~18℃·습도 80~85%. 빛이 들지 않고 통풍 잘되는 서늘한 곳에 얇게 펴서 10~14일간 말려요.,"고온다습 장마 배수관리, 역병·무름병·습해 주의 / 저온→고온 급변 또는 고온 밀폐 저장 시 흑색심부(내부 흑변) 주의"
봄재배,2026-07-08,수,예비저장,적정온도 12~18℃·습도 80~85%. 빛이 들지 않고 통풍 잘되는 서늘한 곳에 얇게 펴서 10~14일간 말려요.,"고온다습 장마 배수관리, 역병·무름병·습해 주의 / 저온→고온 급변 또는 고온 밀폐 저장 시 흑색심부(내부 흑변) 주의"
봄재배,2026-07-09,목,예비저장,적정온도 12~18℃·습도 80~85%. 빛이 들지 않고 통풍 잘되는 서늘한 곳에 얇게 펴서 10~14일간 말려요.,"고온다습 장마 배수관리, 역병·무름병·습해 주의 / 저온→고온 급변 또는 고온 밀폐 저장 시 흑색심부(내부 흑변) 주의"
봄재배,2026-07-10,금,예비저장,적정온도 12~18℃·습도 80~85%. 빛이 들지 않고 통풍 잘되는 서늘한 곳에 얇게 펴서 10~14일간 말려요.,"고온다습 장마 배수관리, 역병·무름병·습해 주의 / 저온→고온 급변 또는 고온 밀폐 저장 시 흑색심부(내부 흑변) 주의"
봄재배,2026-07-11,토,예비저장,적정온도 12~18℃·습도 80~85%. 빛이 들지 않고 통풍 잘되는 서늘한 곳에 얇게 펴서 10~14일간 말려요.,"고온다습 장마 배수관리, 역병·무름병·습해 주의 / 저온→고온 급변 또는 고온 밀폐 저장 시 흑색심부(내부 흑변) 주의"
봄재배,2026-07-12,일,예비저장,적정온도 12~18℃·습도 80~85%. 빛이 들지 않고 통풍 잘되는 서늘한 곳에 얇게 펴서 10~14일간 말려요.,"고온다습 장마 배수관리, 역병·무름병·습해 주의 / 저온→고온 급변 또는 고온 밀폐 저장 시 흑색심부(내부 흑변) 주의"
봄재배,2026-07-13,월,예비저장,적정온도 12~18℃·습도 80~85%. 빛이 들지 않고 통풍 잘되는 서늘한 곳에 얇게 펴서 10~14일간 말려요.,"고온다습 장마 배수관리, 역병·무름병·습해 주의 / 저온→고온 급변 또는 고온 밀폐 저장 시 흑색심부(내부 흑변) 주의"
봄재배,2026-07-14,화,예비저장,적정온도 12~18℃·습도 80~85%. 빛이 들지 않고 통풍 잘되는 서늘한 곳에 얇게 펴서 10~14일간 말려요.,"고온다습 장마 배수관리, 역병·무름병·습해 주의 / 저온→고온 급변 또는 고온 밀폐 저장 시 흑색심부(내부 흑변) 주의"
봄재배,2026-07-15,수,본저장,적정온도 3~4℃(가공용 8~10℃)·습도 80~85% 유지. 장기 저장 시 4℃ 유지 및 주기적 환기가 필요해요.,"고온다습 장마 배수관리, 역병·무름병·습해 주의 / 저온→고온 급변 또는 고온 밀폐 저장 시 흑색심부(내부 흑변) 주의"
봄재배,2026-07-16,목,본저장,적정온도 3~4℃(가공용 8~10℃)·습도 80~85% 유지. 장기 저장 시 4℃ 유지 및 주기적 환기가 필요해요.,"고온다습 장마 배수관리, 역병·무름병·습해 주의 / 저온→고온 급변 또는 고온 밀폐 저장 시 흑색심부(내부 흑변) 주의"
봄재배,2026-07-17,금,본저장,적정온도 3~4℃(가공용 8~10℃)·습도 80~85% 유지. 장기 저장 시 4℃ 유지 및 주기적 환기가 필요해요.,"고온다습 장마 배수관리, 역병·무름병·습해 주의 / 저온→고온 급변 또는 고온 밀폐 저장 시 흑색심부(내부 흑변) 주의"
봄재배,2026-07-18,토,본저장,적정온도 3~4℃(가공용 8~10℃)·습도 80~85% 유지. 장기 저장 시 4℃ 유지 및 주기적 환기가 필요해요.,"고온다습 장마 배수관리, 역병·무름병·습해 주의 / 저온→고온 급변 또는 고온 밀폐 저장 시 흑색심부(내부 흑변) 주의"
봄재배,2026-07-19,일,본저장,적정온도 3~4℃(가공용 8~10℃)·습도 80~85% 유지. 장기 저장 시 4℃ 유지 및 주기적 환기가 필요해요.,"고온다습 장마 배수관리, 역병·무름병·습해 주의 / 저온→고온 급변 또는 고온 밀폐 저장 시 흑색심부(내부 흑변) 주의"
봄재배,2026-07-20,월,본저장,적정온도 3~4℃(가공용 8~10℃)·습도 80~85% 유지. 장기 저장 시 4℃ 유지 및 주기적 환기가 필요해요.,"고온다습 장마 배수관리, 역병·무름병·습해 주의 / 저온→고온 급변 또는 고온 밀폐 저장 시 흑색심부(내부 흑변) 주의"
봄재배,2026-07-21,화,본저장,적정온도 3~4℃(가공용 8~10℃)·습도 80~85% 유지. 장기 저장 시 4℃ 유지 및 주기적 환기가 필요해요.,"고온다습 장마 배수관리, 역병·무름병·습해 주의 / 저온→고온 급변 또는 고온 밀폐 저장 시 흑색심부(내부 흑변) 주의"
봄재배,2026-07-22,수,본저장,적정온도 3~4℃(가공용 8~10℃)·습도 80~85% 유지. 장기 저장 시 4℃ 유지 및 주기적 환기가 필요해요.,"고온다습 장마 배수관리, 역병·무름병·습해 주의 / 저온→고온 급변 또는 고온 밀폐 저장 시 흑색심부(내부 흑변) 주의"
봄재배,2026-07-23,목,본저장,적정온도 3~4℃(가공용 8~10℃)·습도 80~85% 유지. 장기 저장 시 4℃ 유지 및 주기적 환기가 필요해요.,"고온다습 장마 배수관리, 역병·무름병·습해 주의 / 저온→고온 급변 또는 고온 밀폐 저장 시 흑색심부(내부 흑변) 주의"
봄재배,2026-07-24,금,본저장,적정온도 3~4℃(가공용 8~10℃)·습도 80~85% 유지. 장기 저장 시 4℃ 유지 및 주기적 환기가 필요해요.,"고온다습 장마 배수관리, 역병·무름병·습해 주의 / 저온→고온 급변 또는 고온 밀폐 저장 시 흑색심부(내부 흑변) 주의"
봄재배,2026-07-25,토,본저장,적정온도 3~4℃(가공용 8~10℃)·습도 80~85% 유지. 장기 저장 시 4℃ 유지 및 주기적 환기가 필요해요.,"고온다습 장마 배수관리, 역병·무름병·습해 주의 / 저온→고온 급변 또는 고온 밀폐 저장 시 흑색심부(내부 흑변) 주의"
봄재배,2026-07-26,일,본저장,적정온도 3~4℃(가공용 8~10℃)·습도 80~85% 유지. 장기 저장 시 4℃ 유지 및 주기적 환기가 필요해요.,"고온다습 장마 배수관리, 역병·무름병·습해 주의 / 저온→고온 급변 또는 고온 밀폐 저장 시 흑색심부(내부 흑변) 주의"
봄재배,2026-07-27,월,본저장,적정온도 3~4℃(가공용 8~10℃)·습도 80~85% 유지. 장기 저장 시 4℃ 유지 및 주기적 환기가 필요해요.,"고온다습 장마 배수관리, 역병·무름병·습해 주의 / 저온→고온 급변 또는 고온 밀폐 저장 시 흑색심부(내부 흑변) 주의"
봄재배,2026-07-28,화,본저장,적정온도 3~4℃(가공용 8~10℃)·습도 80~85% 유지. 장기 저장 시 4℃ 유지 및 주기적 환기가 필요해요.,"고온다습 장마 배수관리, 역병·무름병·습해 주의 / 저온→고온 급변 또는 고온 밀폐 저장 시 흑색심부(내부 흑변) 주의"
봄재배,2026-07-29,수,본저장,적정온도 3~4℃(가공용 8~10℃)·습도 80~85% 유지. 장기 저장 시 4℃ 유지 및 주기적 환기가 필요해요.,"고온다습 장마 배수관리, 역병·무름병·습해 주의 / 저온→고온 급변 또는 고온 밀폐 저장 시 흑색심부(내부 흑변) 주의"
봄재배,2026-07-30,목,본저장,적정온도 3~4℃(가공용 8~10℃)·습도 80~85% 유지. 장기 저장 시 4℃ 유지 및 주기적 환기가 필요해요.,"고온다습 장마 배수관리, 역병·무름병·습해 주의 / 저온→고온 급변 또는 고온 밀폐 저장 시 흑색심부(내부 흑변) 주의"
봄재배,2026-07-31,금,본저장,적정온도 3~4℃(가공용 8~10℃)·습도 80~85% 유지. 장기 저장 시 4℃ 유지 및 주기적 환기가 필요해요.,"고온다습 장마 배수관리, 역병·무름병·습해 주의 / 저온→고온 급변 또는 고온 밀폐 저장 시 흑색심부(내부 흑변) 주의"
봄재배,2026-08-01,토,본저장,적정온도 3~4℃(가공용 8~10℃)·습도 80~85% 유지. 장기 저장 시 4℃ 유지 및 주기적 환기가 필요해요.,"고온·태풍 대비 배수관리, 출현율 저하 주의 / 저온→고온 급변 또는 고온 밀폐 저장 시 흑색심부(내부 흑변) 주의"
봄재배,2026-08-02,일,본저장,적정온도 3~4℃(가공용 8~10℃)·습도 80~85% 유지. 장기 저장 시 4℃ 유지 및 주기적 환기가 필요해요.,"고온·태풍 대비 배수관리, 출현율 저하 주의 / 저온→고온 급변 또는 고온 밀폐 저장 시 흑색심부(내부 흑변) 주의"
봄재배,2026-08-03,월,본저장,적정온도 3~4℃(가공용 8~10℃)·습도 80~85% 유지. 장기 저장 시 4℃ 유지 및 주기적 환기가 필요해요.,"고온·태풍 대비 배수관리, 출현율 저하 주의 / 저온→고온 급변 또는 고온 밀폐 저장 시 흑색심부(내부 흑변) 주의"
봄재배,2026-08-04,화,본저장,적정온도 3~4℃(가공용 8~10℃)·습도 80~85% 유지. 장기 저장 시 4℃ 유지 및 주기적 환기가 필요해요.,"고온·태풍 대비 배수관리, 출현율 저하 주의 / 저온→고온 급변 또는 고온 밀폐 저장 시 흑색심부(내부 흑변) 주의"
봄재배,2026-08-05,수,본저장,적정온도 3~4℃(가공용 8~10℃)·습도 80~85% 유지. 장기 저장 시 4℃ 유지 및 주기적 환기가 필요해요.,"고온·태풍 대비 배수관리, 출현율 저하 주의 / 저온→고온 급변 또는 고온 밀폐 저장 시 흑색심부(내부 흑변) 주의"
봄재배,2026-08-06,목,본저장,적정온도 3~4℃(가공용 8~10℃)·습도 80~85% 유지. 장기 저장 시 4℃ 유지 및 주기적 환기가 필요해요.,"고온·태풍 대비 배수관리, 출현율 저하 주의 / 저온→고온 급변 또는 고온 밀폐 저장 시 흑색심부(내부 흑변) 주의"
봄재배,2026-08-07,금,본저장,적정온도 3~4℃(가공용 8~10℃)·습도 80~85% 유지. 장기 저장 시 4℃ 유지 및 주기적 환기가 필요해요.,"고온·태풍 대비 배수관리, 출현율 저하 주의 / 저온→고온 급변 또는 고온 밀폐 저장 시 흑색심부(내부 흑변) 주의"
봄재배,2026-08-08,토,본저장,적정온도 3~4℃(가공용 8~10℃)·습도 80~85% 유지. 장기 저장 시 4℃ 유지 및 주기적 환기가 필요해요.,"고온·태풍 대비 배수관리, 출현율 저하 주의 / 저온→고온 급변 또는 고온 밀폐 저장 시 흑색심부(내부 흑변) 주의"
봄재배,2026-08-09,일,본저장,적정온도 3~4℃(가공용 8~10℃)·습도 80~85% 유지. 장기 저장 시 4℃ 유지 및 주기적 환기가 필요해요.,"고온·태풍 대비 배수관리, 출현율 저하 주의 / 저온→고온 급변 또는 고온 밀폐 저장 시 흑색심부(내부 흑변) 주의"
봄재배,2026-08-10,월,본저장,적정온도 3~4℃(가공용 8~10℃)·습도 80~85% 유지. 장기 저장 시 4℃ 유지 및 주기적 환기가 필요해요.,"고온·태풍 대비 배수관리, 출현율 저하 주의 / 저온→고온 급변 또는 고온 밀폐 저장 시 흑색심부(내부 흑변) 주의"
봄재배,2026-08-11,화,본저장,적정온도 3~4℃(가공용 8~10℃)·습도 80~85% 유지. 장기 저장 시 4℃ 유지 및 주기적 환기가 필요해요.,"고온·태풍 대비 배수관리, 출현율 저하 주의 / 저온→고온 급변 또는 고온 밀폐 저장 시 흑색심부(내부 흑변) 주의"
봄재배,2026-08-12,수,본저장,적정온도 3~4℃(가공용 8~10℃)·습도 80~85% 유지. 장기 저장 시 4℃ 유지 및 주기적 환기가 필요해요.,"고온·태풍 대비 배수관리, 출현율 저하 주의 / 저온→고온 급변 또는 고온 밀폐 저장 시 흑색심부(내부 흑변) 주의"
봄재배,2026-08-13,목,본저장,적정온도 3~4℃(가공용 8~10℃)·습도 80~85% 유지. 장기 저장 시 4℃ 유지 및 주기적 환기가 필요해요.,"고온·태풍 대비 배수관리, 출현율 저하 주의 / 저온→고온 급변 또는 고온 밀폐 저장 시 흑색심부(내부 흑변) 주의"
여름재배,2026-03-01,일,싹 틔우기 & 절단,씨감자를 준비해 싹을 틔워요.,"늦서리 주의(1~2주 생육 지연·수량 감소 가능), 지역별 늦서리 시기 고려해 파종"
여름재배,2026-03-02,월,싹 틔우기 & 절단,씨감자를 준비해 싹을 틔워요.,"늦서리 주의(1~2주 생육 지연·수량 감소 가능), 지역별 늦서리 시기 고려해 파종"
여름재배,2026-03-03,화,싹 틔우기 & 절단,씨감자를 준비해 싹을 틔워요.,"늦서리 주의(1~2주 생육 지연·수량 감소 가능), 지역별 늦서리 시기 고려해 파종"
여름재배,2026-03-04,수,싹 틔우기 & 절단,씨감자를 준비해 싹을 틔워요.,"늦서리 주의(1~2주 생육 지연·수량 감소 가능), 지역별 늦서리 시기 고려해 파종"
여름재배,2026-03-05,목,싹 틔우기 & 절단,씨감자를 준비해 싹을 틔워요.,"늦서리 주의(1~2주 생육 지연·수량 감소 가능), 지역별 늦서리 시기 고려해 파종"
여름재배,2026-03-06,금,싹 틔우기 & 절단,씨감자를 준비해 싹을 틔워요.,"늦서리 주의(1~2주 생육 지연·수량 감소 가능), 지역별 늦서리 시기 고려해 파종"
여름재배,2026-03-07,토,싹 틔우기 & 절단,씨감자를 준비해 싹을 틔워요.,"늦서리 주의(1~2주 생육 지연·수량 감소 가능), 지역별 늦서리 시기 고려해 파종"
여름재배,2026-03-08,일,싹 틔우기 & 절단,씨감자를 준비해 싹을 틔워요.,"늦서리 주의(1~2주 생육 지연·수량 감소 가능), 지역별 늦서리 시기 고려해 파종"
여름재배,2026-03-09,월,싹 틔우기 & 절단,씨감자를 준비해 싹을 틔워요.,"늦서리 주의(1~2주 생육 지연·수량 감소 가능), 지역별 늦서리 시기 고려해 파종"
여름재배,2026-03-10,화,싹 틔우기 & 절단,씨감자를 준비해 싹을 틔워요.,"늦서리 주의(1~2주 생육 지연·수량 감소 가능), 지역별 늦서리 시기 고려해 파종"
여름재배,2026-03-11,수,싹 틔우기 & 절단,씨감자를 준비해 싹을 틔워요.,"늦서리 주의(1~2주 생육 지연·수량 감소 가능), 지역별 늦서리 시기 고려해 파종"
여름재배,2026-03-12,목,싹 틔우기 & 절단,씨감자를 준비해 싹을 틔워요.,"늦서리 주의(1~2주 생육 지연·수량 감소 가능), 지역별 늦서리 시기 고려해 파종"
여름재배,2026-03-13,금,싹 틔우기 & 절단,씨감자를 준비해 싹을 틔워요.,"늦서리 주의(1~2주 생육 지연·수량 감소 가능), 지역별 늦서리 시기 고려해 파종"
여름재배,2026-03-14,토,싹 틔우기 & 절단,씨감자를 준비해 싹을 틔워요.,"늦서리 주의(1~2주 생육 지연·수량 감소 가능), 지역별 늦서리 시기 고려해 파종"
여름재배,2026-03-15,일,싹 틔우기 & 절단,씨감자를 준비해 싹을 틔워요.,"늦서리 주의(1~2주 생육 지연·수량 감소 가능), 지역별 늦서리 시기 고려해 파종"
여름재배,2026-03-16,월,싹 틔우기 & 절단,씨감자를 준비해 싹을 틔워요.,"늦서리 주의(1~2주 생육 지연·수량 감소 가능), 지역별 늦서리 시기 고려해 파종"
여름재배,2026-03-17,화,싹 틔우기 & 절단,씨감자를 준비해 싹을 틔워요.,"늦서리 주의(1~2주 생육 지연·수량 감소 가능), 지역별 늦서리 시기 고려해 파종"
여름재배,2026-03-18,수,싹 틔우기 & 절단,씨감자를 준비해 싹을 틔워요.,"늦서리 주의(1~2주 생육 지연·수량 감소 가능), 지역별 늦서리 시기 고려해 파종"
여름재배,2026-03-19,목,싹 틔우기 & 절단,씨감자를 준비해 싹을 틔워요.,"늦서리 주의(1~2주 생육 지연·수량 감소 가능), 지역별 늦서리 시기 고려해 파종"
여름재배,2026-03-20,금,싹 틔우기 & 절단,씨감자를 준비해 싹을 틔워요.,"늦서리 주의(1~2주 생육 지연·수량 감소 가능), 지역별 늦서리 시기 고려해 파종"
여름재배,2026-03-21,토,싹 틔우기 & 절단,씨감자를 준비해 싹을 틔워요.,"늦서리 주의(1~2주 생육 지연·수량 감소 가능), 지역별 늦서리 시기 고려해 파종"
여름재배,2026-03-22,일,싹 틔우기 & 절단,씨감자를 준비해 싹을 틔워요.,"늦서리 주의(1~2주 생육 지연·수량 감소 가능), 지역별 늦서리 시기 고려해 파종"
여름재배,2026-03-23,월,싹 틔우기 & 절단,씨감자를 준비해 싹을 틔워요.,"늦서리 주의(1~2주 생육 지연·수량 감소 가능), 지역별 늦서리 시기 고려해 파종"
여름재배,2026-03-24,화,싹 틔우기 & 절단,씨감자를 준비해 싹을 틔워요.,"늦서리 주의(1~2주 생육 지연·수량 감소 가능), 지역별 늦서리 시기 고려해 파종"
여름재배,2026-03-25,수,싹 틔우기 & 절단,씨감자를 준비해 싹을 틔워요.,"늦서리 주의(1~2주 생육 지연·수량 감소 가능), 지역별 늦서리 시기 고려해 파종"
여름재배,2026-03-26,목,싹 틔우기 & 절단,씨감자를 준비해 싹을 틔워요.,"늦서리 주의(1~2주 생육 지연·수량 감소 가능), 지역별 늦서리 시기 고려해 파종"
여름재배,2026-03-27,금,싹 틔우기 & 절단,씨감자를 준비해 싹을 틔워요.,"늦서리 주의(1~2주 생육 지연·수량 감소 가능), 지역별 늦서리 시기 고려해 파종"
여름재배,2026-03-28,토,싹 틔우기 & 절단,씨감자를 준비해 싹을 틔워요.,"늦서리 주의(1~2주 생육 지연·수량 감소 가능), 지역별 늦서리 시기 고려해 파종"
여름재배,2026-03-29,일,싹 틔우기 & 절단,씨감자를 준비해 싹을 틔워요.,"늦서리 주의(1~2주 생육 지연·수량 감소 가능), 지역별 늦서리 시기 고려해 파종"
여름재배,2026-03-30,월,싹 틔우기 & 절단,씨감자를 준비해 싹을 틔워요.,"늦서리 주의(1~2주 생육 지연·수량 감소 가능), 지역별 늦서리 시기 고려해 파종"
여름재배,2026-03-31,화,싹 틔우기 & 절단,씨감자를 준비해 싹을 틔워요.,"늦서리 주의(1~2주 생육 지연·수량 감소 가능), 지역별 늦서리 시기 고려해 파종"
여름재배,2026-04-01,수,싹 틔우기 & 절단,씨감자를 준비해 싹을 틔워요.,"가뭄 대비 물 관리, 늦서리 주의 지속(고랭지)"
여름재배,2026-04-02,목,싹 틔우기 & 절단,씨감자를 준비해 싹을 틔워요.,"가뭄 대비 물 관리, 늦서리 주의 지속(고랭지)"
여름재배,2026-04-03,금,싹 틔우기 & 절단,씨감자를 준비해 싹을 틔워요.,"가뭄 대비 물 관리, 늦서리 주의 지속(고랭지)"
여름재배,2026-04-04,토,싹 틔우기 & 절단,씨감자를 준비해 싹을 틔워요.,"가뭄 대비 물 관리, 늦서리 주의 지속(고랭지)"
여름재배,2026-04-05,일,싹 틔우기 & 절단,씨감자를 준비해 싹을 틔워요.,"가뭄 대비 물 관리, 늦서리 주의 지속(고랭지)"
여름재배,2026-04-06,월,싹 틔우기 & 절단,씨감자를 준비해 싹을 틔워요.,"가뭄 대비 물 관리, 늦서리 주의 지속(고랭지)"
여름재배,2026-04-07,화,싹 틔우기 & 절단,씨감자를 준비해 싹을 틔워요.,"가뭄 대비 물 관리, 늦서리 주의 지속(고랭지)"
여름재배,2026-04-08,수,싹 틔우기 & 절단,씨감자를 준비해 싹을 틔워요.,"가뭄 대비 물 관리, 늦서리 주의 지속(고랭지)"
여름재배,2026-04-09,목,싹 틔우기 & 절단,씨감자를 준비해 싹을 틔워요.,"가뭄 대비 물 관리, 늦서리 주의 지속(고랭지)"
여름재배,2026-04-10,금,싹 틔우기 & 절단,씨감자를 준비해 싹을 틔워요.,"가뭄 대비 물 관리, 늦서리 주의 지속(고랭지)"
여름재배,2026-04-11,토,싹 틔우기 & 절단 · 밭 준비 & 파종,씨감자를 준비해 싹을 틔워요.,"가뭄 대비 물 관리, 늦서리 주의 지속(고랭지)"
여름재배,2026-04-12,일,싹 틔우기 & 절단 · 밭 준비 & 파종,씨감자를 준비해 싹을 틔워요.,"가뭄 대비 물 관리, 늦서리 주의 지속(고랭지)"
여름재배,2026-04-13,월,싹 틔우기 & 절단 · 밭 준비 & 파종,씨감자를 준비해 싹을 틔워요.,"가뭄 대비 물 관리, 늦서리 주의 지속(고랭지)"
여름재배,2026-04-14,화,싹 틔우기 & 절단 · 밭 준비 & 파종,씨감자를 준비해 싹을 틔워요.,"가뭄 대비 물 관리, 늦서리 주의 지속(고랭지)"
여름재배,2026-04-15,수,싹 틔우기 & 절단 · 밭 준비 & 파종,씨감자를 준비해 싹을 틔워요.,"가뭄 대비 물 관리, 늦서리 주의 지속(고랭지)"
여름재배,2026-04-16,목,싹 틔우기 & 절단 · 밭 준비 & 파종,씨감자를 준비해 싹을 틔워요.,"가뭄 대비 물 관리, 늦서리 주의 지속(고랭지)"
여름재배,2026-04-17,금,싹 틔우기 & 절단 · 밭 준비 & 파종,씨감자를 준비해 싹을 틔워요.,"가뭄 대비 물 관리, 늦서리 주의 지속(고랭지)"
여름재배,2026-04-18,토,싹 틔우기 & 절단 · 밭 준비 & 파종,씨감자를 준비해 싹을 틔워요.,"가뭄 대비 물 관리, 늦서리 주의 지속(고랭지)"
여름재배,2026-04-19,일,싹 틔우기 & 절단 · 밭 준비 & 파종,씨감자를 준비해 싹을 틔워요.,"가뭄 대비 물 관리, 늦서리 주의 지속(고랭지)"
여름재배,2026-04-20,월,싹 틔우기 & 절단 · 밭 준비 & 파종,씨감자를 준비해 싹을 틔워요.,"가뭄 대비 물 관리, 늦서리 주의 지속(고랭지)"
여름재배,2026-04-21,화,밭 준비 & 파종,,"가뭄 대비 물 관리, 늦서리 주의 지속(고랭지)"
여름재배,2026-04-22,수,밭 준비 & 파종,,"가뭄 대비 물 관리, 늦서리 주의 지속(고랭지)"
여름재배,2026-04-23,목,밭 준비 & 파종,,"가뭄 대비 물 관리, 늦서리 주의 지속(고랭지)"
여름재배,2026-04-24,금,밭 준비 & 파종,,"가뭄 대비 물 관리, 늦서리 주의 지속(고랭지)"
여름재배,2026-04-25,토,밭 준비 & 파종,,"가뭄 대비 물 관리, 늦서리 주의 지속(고랭지)"
여름재배,2026-04-26,일,밭 준비 & 파종,,"가뭄 대비 물 관리, 늦서리 주의 지속(고랭지)"
여름재배,2026-04-27,월,밭 준비 & 파종,,"가뭄 대비 물 관리, 늦서리 주의 지속(고랭지)"
여름재배,2026-04-28,화,밭 준비 & 파종,,"가뭄 대비 물 관리, 늦서리 주의 지속(고랭지)"
여름재배,2026-04-29,수,밭 준비 & 파종,,"가뭄 대비 물 관리, 늦서리 주의 지속(고랭지)"
여름재배,2026-04-30,목,밭 준비 & 파종,,"가뭄 대비 물 관리, 늦서리 주의 지속(고랭지)"
여름재배,2026-05-01,금,밭 준비 & 파종,,"가뭄·장마 대비, 덩이줄기 비대기 물 관리 특히 중요(부족 시 비대 불량)"
여름재배,2026-05-02,토,밭 준비 & 파종,,"가뭄·장마 대비, 덩이줄기 비대기 물 관리 특히 중요(부족 시 비대 불량)"
여름재배,2026-05-03,일,밭 준비 & 파종,,"가뭄·장마 대비, 덩이줄기 비대기 물 관리 특히 중요(부족 시 비대 불량)"
여름재배,2026-05-04,월,밭 준비 & 파종,,"가뭄·장마 대비, 덩이줄기 비대기 물 관리 특히 중요(부족 시 비대 불량)"
여름재배,2026-05-05,화,밭 준비 & 파종,,"가뭄·장마 대비, 덩이줄기 비대기 물 관리 특히 중요(부족 시 비대 불량)"
여름재배,2026-05-06,수,밭 준비 & 파종,,"가뭄·장마 대비, 덩이줄기 비대기 물 관리 특히 중요(부족 시 비대 불량)"
여름재배,2026-05-07,목,밭 준비 & 파종,,"가뭄·장마 대비, 덩이줄기 비대기 물 관리 특히 중요(부족 시 비대 불량)"
여름재배,2026-05-08,금,밭 준비 & 파종,,"가뭄·장마 대비, 덩이줄기 비대기 물 관리 특히 중요(부족 시 비대 불량)"
여름재배,2026-05-09,토,밭 준비 & 파종,,"가뭄·장마 대비, 덩이줄기 비대기 물 관리 특히 중요(부족 시 비대 불량)"
여름재배,2026-05-10,일,밭 준비 & 파종,,"가뭄·장마 대비, 덩이줄기 비대기 물 관리 특히 중요(부족 시 비대 불량)"
여름재배,2026-05-11,월,밭 준비 & 파종 · 제초 & 북주기,,"가뭄·장마 대비, 덩이줄기 비대기 물 관리 특히 중요(부족 시 비대 불량)"
여름재배,2026-05-12,화,밭 준비 & 파종 · 제초 & 북주기,,"가뭄·장마 대비, 덩이줄기 비대기 물 관리 특히 중요(부족 시 비대 불량)"
여름재배,2026-05-13,수,밭 준비 & 파종 · 제초 & 북주기,,"가뭄·장마 대비, 덩이줄기 비대기 물 관리 특히 중요(부족 시 비대 불량)"
여름재배,2026-05-14,목,밭 준비 & 파종 · 제초 & 북주기,,"가뭄·장마 대비, 덩이줄기 비대기 물 관리 특히 중요(부족 시 비대 불량)"
여름재배,2026-05-15,금,밭 준비 & 파종 · 제초 & 북주기,,"가뭄·장마 대비, 덩이줄기 비대기 물 관리 특히 중요(부족 시 비대 불량)"
여름재배,2026-05-16,토,밭 준비 & 파종 · 제초 & 북주기,,"가뭄·장마 대비, 덩이줄기 비대기 물 관리 특히 중요(부족 시 비대 불량)"
여름재배,2026-05-17,일,밭 준비 & 파종 · 제초 & 북주기,,"가뭄·장마 대비, 덩이줄기 비대기 물 관리 특히 중요(부족 시 비대 불량)"
여름재배,2026-05-18,월,밭 준비 & 파종 · 제초 & 북주기,,"가뭄·장마 대비, 덩이줄기 비대기 물 관리 특히 중요(부족 시 비대 불량)"
여름재배,2026-05-19,화,밭 준비 & 파종 · 제초 & 북주기,,"가뭄·장마 대비, 덩이줄기 비대기 물 관리 특히 중요(부족 시 비대 불량)"
여름재배,2026-05-20,수,밭 준비 & 파종 · 제초 & 북주기,,"가뭄·장마 대비, 덩이줄기 비대기 물 관리 특히 중요(부족 시 비대 불량)"
여름재배,2026-05-21,목,제초 & 북주기,,"가뭄·장마 대비, 덩이줄기 비대기 물 관리 특히 중요(부족 시 비대 불량)"
여름재배,2026-05-22,금,제초 & 북주기,,"가뭄·장마 대비, 덩이줄기 비대기 물 관리 특히 중요(부족 시 비대 불량)"
여름재배,2026-05-23,토,제초 & 북주기,,"가뭄·장마 대비, 덩이줄기 비대기 물 관리 특히 중요(부족 시 비대 불량)"
여름재배,2026-05-24,일,제초 & 북주기,,"가뭄·장마 대비, 덩이줄기 비대기 물 관리 특히 중요(부족 시 비대 불량)"
여름재배,2026-05-25,월,제초 & 북주기,,"가뭄·장마 대비, 덩이줄기 비대기 물 관리 특히 중요(부족 시 비대 불량)"
여름재배,2026-05-26,화,제초 & 북주기,,"가뭄·장마 대비, 덩이줄기 비대기 물 관리 특히 중요(부족 시 비대 불량)"
여름재배,2026-05-27,수,제초 & 북주기,,"가뭄·장마 대비, 덩이줄기 비대기 물 관리 특히 중요(부족 시 비대 불량)"
여름재배,2026-05-28,목,제초 & 북주기,,"가뭄·장마 대비, 덩이줄기 비대기 물 관리 특히 중요(부족 시 비대 불량)"
여름재배,2026-05-29,금,제초 & 북주기,,"가뭄·장마 대비, 덩이줄기 비대기 물 관리 특히 중요(부족 시 비대 불량)"
여름재배,2026-05-30,토,제초 & 북주기,,"가뭄·장마 대비, 덩이줄기 비대기 물 관리 특히 중요(부족 시 비대 불량)"
여름재배,2026-05-31,일,제초 & 북주기,,"가뭄·장마 대비, 덩이줄기 비대기 물 관리 특히 중요(부족 시 비대 불량)"
여름재배,2026-06-01,월,제초 & 북주기 · 배수·병해충 방제 & 건조제 살포,장마철 습해·역병 주의.,"장마철 배수 관리 필수, 역병·습해 주의(장기 침수 시 단시간에 부패 진행) / 덩이줄기 비대기: 칼슘 부족 상태에서 급성장 시 중심공동(속 빈 증상) 발생 주의"
여름재배,2026-06-02,화,제초 & 북주기 · 배수·병해충 방제 & 건조제 살포,장마철 습해·역병 주의.,"장마철 배수 관리 필수, 역병·습해 주의(장기 침수 시 단시간에 부패 진행) / 덩이줄기 비대기: 칼슘 부족 상태에서 급성장 시 중심공동(속 빈 증상) 발생 주의"
여름재배,2026-06-03,수,제초 & 북주기 · 배수·병해충 방제 & 건조제 살포,장마철 습해·역병 주의.,"장마철 배수 관리 필수, 역병·습해 주의(장기 침수 시 단시간에 부패 진행) / 덩이줄기 비대기: 칼슘 부족 상태에서 급성장 시 중심공동(속 빈 증상) 발생 주의"
여름재배,2026-06-04,목,제초 & 북주기 · 배수·병해충 방제 & 건조제 살포,장마철 습해·역병 주의.,"장마철 배수 관리 필수, 역병·습해 주의(장기 침수 시 단시간에 부패 진행) / 덩이줄기 비대기: 칼슘 부족 상태에서 급성장 시 중심공동(속 빈 증상) 발생 주의"
여름재배,2026-06-05,금,제초 & 북주기 · 배수·병해충 방제 & 건조제 살포,장마철 습해·역병 주의.,"장마철 배수 관리 필수, 역병·습해 주의(장기 침수 시 단시간에 부패 진행) / 덩이줄기 비대기: 칼슘 부족 상태에서 급성장 시 중심공동(속 빈 증상) 발생 주의"
여름재배,2026-06-06,토,제초 & 북주기 · 배수·병해충 방제 & 건조제 살포,장마철 습해·역병 주의.,"장마철 배수 관리 필수, 역병·습해 주의(장기 침수 시 단시간에 부패 진행) / 덩이줄기 비대기: 칼슘 부족 상태에서 급성장 시 중심공동(속 빈 증상) 발생 주의"
여름재배,2026-06-07,일,제초 & 북주기 · 배수·병해충 방제 & 건조제 살포,장마철 습해·역병 주의.,"장마철 배수 관리 필수, 역병·습해 주의(장기 침수 시 단시간에 부패 진행) / 덩이줄기 비대기: 칼슘 부족 상태에서 급성장 시 중심공동(속 빈 증상) 발생 주의"
여름재배,2026-06-08,월,제초 & 북주기 · 배수·병해충 방제 & 건조제 살포,장마철 습해·역병 주의.,"장마철 배수 관리 필수, 역병·습해 주의(장기 침수 시 단시간에 부패 진행) / 덩이줄기 비대기: 칼슘 부족 상태에서 급성장 시 중심공동(속 빈 증상) 발생 주의"
여름재배,2026-06-09,화,제초 & 북주기 · 배수·병해충 방제 & 건조제 살포,장마철 습해·역병 주의.,"장마철 배수 관리 필수, 역병·습해 주의(장기 침수 시 단시간에 부패 진행) / 덩이줄기 비대기: 칼슘 부족 상태에서 급성장 시 중심공동(속 빈 증상) 발생 주의"
여름재배,2026-06-10,수,제초 & 북주기 · 배수·병해충 방제 & 건조제 살포,장마철 습해·역병 주의.,"장마철 배수 관리 필수, 역병·습해 주의(장기 침수 시 단시간에 부패 진행) / 덩이줄기 비대기: 칼슘 부족 상태에서 급성장 시 중심공동(속 빈 증상) 발생 주의"
여름재배,2026-06-11,목,제초 & 북주기 · 배수·병해충 방제 & 건조제 살포,장마철 습해·역병 주의.,"장마철 배수 관리 필수, 역병·습해 주의(장기 침수 시 단시간에 부패 진행) / 덩이줄기 비대기: 칼슘 부족 상태에서 급성장 시 중심공동(속 빈 증상) 발생 주의"
여름재배,2026-06-12,금,제초 & 북주기 · 배수·병해충 방제 & 건조제 살포,장마철 습해·역병 주의.,"장마철 배수 관리 필수, 역병·습해 주의(장기 침수 시 단시간에 부패 진행) / 덩이줄기 비대기: 칼슘 부족 상태에서 급성장 시 중심공동(속 빈 증상) 발생 주의"
여름재배,2026-06-13,토,제초 & 북주기 · 배수·병해충 방제 & 건조제 살포,장마철 습해·역병 주의.,"장마철 배수 관리 필수, 역병·습해 주의(장기 침수 시 단시간에 부패 진행) / 덩이줄기 비대기: 칼슘 부족 상태에서 급성장 시 중심공동(속 빈 증상) 발생 주의"
여름재배,2026-06-14,일,제초 & 북주기 · 배수·병해충 방제 & 건조제 살포,장마철 습해·역병 주의.,"장마철 배수 관리 필수, 역병·습해 주의(장기 침수 시 단시간에 부패 진행) / 덩이줄기 비대기: 칼슘 부족 상태에서 급성장 시 중심공동(속 빈 증상) 발생 주의"
여름재배,2026-06-15,월,제초 & 북주기 · 배수·병해충 방제 & 건조제 살포,장마철 습해·역병 주의.,"장마철 배수 관리 필수, 역병·습해 주의(장기 침수 시 단시간에 부패 진행) / 덩이줄기 비대기: 칼슘 부족 상태에서 급성장 시 중심공동(속 빈 증상) 발생 주의"
여름재배,2026-06-16,화,제초 & 북주기 · 배수·병해충 방제 & 건조제 살포,장마철 습해·역병 주의.,"장마철 배수 관리 필수, 역병·습해 주의(장기 침수 시 단시간에 부패 진행) / 덩이줄기 비대기: 칼슘 부족 상태에서 급성장 시 중심공동(속 빈 증상) 발생 주의"
여름재배,2026-06-17,수,제초 & 북주기 · 배수·병해충 방제 & 건조제 살포,장마철 습해·역병 주의.,"장마철 배수 관리 필수, 역병·습해 주의(장기 침수 시 단시간에 부패 진행) / 덩이줄기 비대기: 칼슘 부족 상태에서 급성장 시 중심공동(속 빈 증상) 발생 주의"
여름재배,2026-06-18,목,제초 & 북주기 · 배수·병해충 방제 & 건조제 살포,장마철 습해·역병 주의.,"장마철 배수 관리 필수, 역병·습해 주의(장기 침수 시 단시간에 부패 진행) / 덩이줄기 비대기: 칼슘 부족 상태에서 급성장 시 중심공동(속 빈 증상) 발생 주의"
여름재배,2026-06-19,금,제초 & 북주기 · 배수·병해충 방제 & 건조제 살포,장마철 습해·역병 주의.,"장마철 배수 관리 필수, 역병·습해 주의(장기 침수 시 단시간에 부패 진행) / 덩이줄기 비대기: 칼슘 부족 상태에서 급성장 시 중심공동(속 빈 증상) 발생 주의"
여름재배,2026-06-20,토,제초 & 북주기 · 배수·병해충 방제 & 건조제 살포,장마철 습해·역병 주의.,"장마철 배수 관리 필수, 역병·습해 주의(장기 침수 시 단시간에 부패 진행) / 덩이줄기 비대기: 칼슘 부족 상태에서 급성장 시 중심공동(속 빈 증상) 발생 주의"
여름재배,2026-06-21,일,제초 & 북주기 · 배수·병해충 방제 & 건조제 살포,장마철 습해·역병 주의.,"장마철 배수 관리 필수, 역병·습해 주의(장기 침수 시 단시간에 부패 진행) / 덩이줄기 비대기: 칼슘 부족 상태에서 급성장 시 중심공동(속 빈 증상) 발생 주의"
여름재배,2026-06-22,월,제초 & 북주기 · 배수·병해충 방제 & 건조제 살포,장마철 습해·역병 주의.,"장마철 배수 관리 필수, 역병·습해 주의(장기 침수 시 단시간에 부패 진행) / 덩이줄기 비대기: 칼슘 부족 상태에서 급성장 시 중심공동(속 빈 증상) 발생 주의"
여름재배,2026-06-23,화,제초 & 북주기 · 배수·병해충 방제 & 건조제 살포,장마철 습해·역병 주의.,"장마철 배수 관리 필수, 역병·습해 주의(장기 침수 시 단시간에 부패 진행) / 덩이줄기 비대기: 칼슘 부족 상태에서 급성장 시 중심공동(속 빈 증상) 발생 주의"
여름재배,2026-06-24,수,제초 & 북주기 · 배수·병해충 방제 & 건조제 살포,장마철 습해·역병 주의.,"장마철 배수 관리 필수, 역병·습해 주의(장기 침수 시 단시간에 부패 진행) / 덩이줄기 비대기: 칼슘 부족 상태에서 급성장 시 중심공동(속 빈 증상) 발생 주의"
여름재배,2026-06-25,목,제초 & 북주기 · 배수·병해충 방제 & 건조제 살포,장마철 습해·역병 주의.,"장마철 배수 관리 필수, 역병·습해 주의(장기 침수 시 단시간에 부패 진행) / 덩이줄기 비대기: 칼슘 부족 상태에서 급성장 시 중심공동(속 빈 증상) 발생 주의"
여름재배,2026-06-26,금,제초 & 북주기 · 배수·병해충 방제 & 건조제 살포,장마철 습해·역병 주의.,"장마철 배수 관리 필수, 역병·습해 주의(장기 침수 시 단시간에 부패 진행) / 덩이줄기 비대기: 칼슘 부족 상태에서 급성장 시 중심공동(속 빈 증상) 발생 주의"
여름재배,2026-06-27,토,제초 & 북주기 · 배수·병해충 방제 & 건조제 살포,장마철 습해·역병 주의.,"장마철 배수 관리 필수, 역병·습해 주의(장기 침수 시 단시간에 부패 진행) / 덩이줄기 비대기: 칼슘 부족 상태에서 급성장 시 중심공동(속 빈 증상) 발생 주의"
여름재배,2026-06-28,일,제초 & 북주기 · 배수·병해충 방제 & 건조제 살포,장마철 습해·역병 주의.,"장마철 배수 관리 필수, 역병·습해 주의(장기 침수 시 단시간에 부패 진행) / 덩이줄기 비대기: 칼슘 부족 상태에서 급성장 시 중심공동(속 빈 증상) 발생 주의"
여름재배,2026-06-29,월,제초 & 북주기 · 배수·병해충 방제 & 건조제 살포,장마철 습해·역병 주의.,"장마철 배수 관리 필수, 역병·습해 주의(장기 침수 시 단시간에 부패 진행) / 덩이줄기 비대기: 칼슘 부족 상태에서 급성장 시 중심공동(속 빈 증상) 발생 주의"
여름재배,2026-06-30,화,제초 & 북주기 · 배수·병해충 방제 & 건조제 살포,장마철 습해·역병 주의.,"장마철 배수 관리 필수, 역병·습해 주의(장기 침수 시 단시간에 부패 진행) / 덩이줄기 비대기: 칼슘 부족 상태에서 급성장 시 중심공동(속 빈 증상) 발생 주의"
여름재배,2026-07-01,수,배수·병해충 방제 & 건조제 살포,장마철 습해·역병 주의.,"고온다습 장마 배수관리, 역병·무름병·습해 주의 / 덩이줄기 비대기: 칼슘 부족 상태에서 급성장 시 중심공동(속 빈 증상) 발생 주의"
여름재배,2026-07-02,목,배수·병해충 방제 & 건조제 살포,장마철 습해·역병 주의.,"고온다습 장마 배수관리, 역병·무름병·습해 주의 / 덩이줄기 비대기: 칼슘 부족 상태에서 급성장 시 중심공동(속 빈 증상) 발생 주의"
여름재배,2026-07-03,금,배수·병해충 방제 & 건조제 살포,장마철 습해·역병 주의.,"고온다습 장마 배수관리, 역병·무름병·습해 주의 / 덩이줄기 비대기: 칼슘 부족 상태에서 급성장 시 중심공동(속 빈 증상) 발생 주의"
여름재배,2026-07-04,토,배수·병해충 방제 & 건조제 살포,장마철 습해·역병 주의.,"고온다습 장마 배수관리, 역병·무름병·습해 주의 / 덩이줄기 비대기: 칼슘 부족 상태에서 급성장 시 중심공동(속 빈 증상) 발생 주의"
여름재배,2026-07-05,일,배수·병해충 방제 & 건조제 살포,장마철 습해·역병 주의.,"고온다습 장마 배수관리, 역병·무름병·습해 주의 / 덩이줄기 비대기: 칼슘 부족 상태에서 급성장 시 중심공동(속 빈 증상) 발생 주의"
여름재배,2026-07-06,월,배수·병해충 방제 & 건조제 살포,장마철 습해·역병 주의.,"고온다습 장마 배수관리, 역병·무름병·습해 주의 / 덩이줄기 비대기: 칼슘 부족 상태에서 급성장 시 중심공동(속 빈 증상) 발생 주의"
여름재배,2026-07-07,화,배수·병해충 방제 & 건조제 살포,장마철 습해·역병 주의.,"고온다습 장마 배수관리, 역병·무름병·습해 주의 / 덩이줄기 비대기: 칼슘 부족 상태에서 급성장 시 중심공동(속 빈 증상) 발생 주의"
여름재배,2026-07-08,수,배수·병해충 방제 & 건조제 살포,장마철 습해·역병 주의.,"고온다습 장마 배수관리, 역병·무름병·습해 주의 / 덩이줄기 비대기: 칼슘 부족 상태에서 급성장 시 중심공동(속 빈 증상) 발생 주의"
여름재배,2026-07-09,목,배수·병해충 방제 & 건조제 살포,장마철 습해·역병 주의.,"고온다습 장마 배수관리, 역병·무름병·습해 주의 / 덩이줄기 비대기: 칼슘 부족 상태에서 급성장 시 중심공동(속 빈 증상) 발생 주의"
여름재배,2026-07-10,금,배수·병해충 방제 & 건조제 살포,장마철 습해·역병 주의.,"고온다습 장마 배수관리, 역병·무름병·습해 주의 / 덩이줄기 비대기: 칼슘 부족 상태에서 급성장 시 중심공동(속 빈 증상) 발생 주의"
여름재배,2026-07-11,토,배수·병해충 방제 & 건조제 살포,장마철 습해·역병 주의.,"고온다습 장마 배수관리, 역병·무름병·습해 주의 / 덩이줄기 비대기: 칼슘 부족 상태에서 급성장 시 중심공동(속 빈 증상) 발생 주의"
여름재배,2026-07-12,일,배수·병해충 방제 & 건조제 살포,장마철 습해·역병 주의.,"고온다습 장마 배수관리, 역병·무름병·습해 주의 / 덩이줄기 비대기: 칼슘 부족 상태에서 급성장 시 중심공동(속 빈 증상) 발생 주의"
여름재배,2026-07-13,월,배수·병해충 방제 & 건조제 살포,장마철 습해·역병 주의.,"고온다습 장마 배수관리, 역병·무름병·습해 주의 / 덩이줄기 비대기: 칼슘 부족 상태에서 급성장 시 중심공동(속 빈 증상) 발생 주의"
여름재배,2026-07-14,화,배수·병해충 방제 & 건조제 살포,장마철 습해·역병 주의.,"고온다습 장마 배수관리, 역병·무름병·습해 주의 / 덩이줄기 비대기: 칼슘 부족 상태에서 급성장 시 중심공동(속 빈 증상) 발생 주의"
여름재배,2026-07-15,수,배수·병해충 방제 & 건조제 살포,장마철 습해·역병 주의.,"고온다습 장마 배수관리, 역병·무름병·습해 주의 / 덩이줄기 비대기: 칼슘 부족 상태에서 급성장 시 중심공동(속 빈 증상) 발생 주의"
여름재배,2026-07-16,목,배수·병해충 방제 & 건조제 살포,장마철 습해·역병 주의.,"고온다습 장마 배수관리, 역병·무름병·습해 주의 / 덩이줄기 비대기: 칼슘 부족 상태에서 급성장 시 중심공동(속 빈 증상) 발생 주의"
여름재배,2026-07-17,금,배수·병해충 방제 & 건조제 살포,장마철 습해·역병 주의.,"고온다습 장마 배수관리, 역병·무름병·습해 주의 / 덩이줄기 비대기: 칼슘 부족 상태에서 급성장 시 중심공동(속 빈 증상) 발생 주의"
여름재배,2026-07-18,토,배수·병해충 방제 & 건조제 살포,장마철 습해·역병 주의.,"고온다습 장마 배수관리, 역병·무름병·습해 주의 / 덩이줄기 비대기: 칼슘 부족 상태에서 급성장 시 중심공동(속 빈 증상) 발생 주의"
여름재배,2026-07-19,일,배수·병해충 방제 & 건조제 살포,장마철 습해·역병 주의.,"고온다습 장마 배수관리, 역병·무름병·습해 주의 / 덩이줄기 비대기: 칼슘 부족 상태에서 급성장 시 중심공동(속 빈 증상) 발생 주의"
여름재배,2026-07-20,월,배수·병해충 방제 & 건조제 살포,장마철 습해·역병 주의.,"고온다습 장마 배수관리, 역병·무름병·습해 주의 / 덩이줄기 비대기: 칼슘 부족 상태에서 급성장 시 중심공동(속 빈 증상) 발생 주의"
여름재배,2026-07-21,화,배수·병해충 방제 & 건조제 살포,장마철 습해·역병 주의.,"고온다습 장마 배수관리, 역병·무름병·습해 주의 / 덩이줄기 비대기: 칼슘 부족 상태에서 급성장 시 중심공동(속 빈 증상) 발생 주의"
여름재배,2026-07-22,수,배수·병해충 방제 & 건조제 살포,장마철 습해·역병 주의.,"고온다습 장마 배수관리, 역병·무름병·습해 주의 / 덩이줄기 비대기: 칼슘 부족 상태에서 급성장 시 중심공동(속 빈 증상) 발생 주의"
여름재배,2026-07-23,목,배수·병해충 방제 & 건조제 살포,장마철 습해·역병 주의.,"고온다습 장마 배수관리, 역병·무름병·습해 주의 / 덩이줄기 비대기: 칼슘 부족 상태에서 급성장 시 중심공동(속 빈 증상) 발생 주의"
여름재배,2026-07-24,금,배수·병해충 방제 & 건조제 살포,장마철 습해·역병 주의.,"고온다습 장마 배수관리, 역병·무름병·습해 주의 / 덩이줄기 비대기: 칼슘 부족 상태에서 급성장 시 중심공동(속 빈 증상) 발생 주의"
여름재배,2026-07-25,토,배수·병해충 방제 & 건조제 살포,장마철 습해·역병 주의.,"고온다습 장마 배수관리, 역병·무름병·습해 주의 / 덩이줄기 비대기: 칼슘 부족 상태에서 급성장 시 중심공동(속 빈 증상) 발생 주의"
여름재배,2026-07-26,일,배수·병해충 방제 & 건조제 살포,장마철 습해·역병 주의.,"고온다습 장마 배수관리, 역병·무름병·습해 주의 / 덩이줄기 비대기: 칼슘 부족 상태에서 급성장 시 중심공동(속 빈 증상) 발생 주의"
여름재배,2026-07-27,월,배수·병해충 방제 & 건조제 살포,장마철 습해·역병 주의.,"고온다습 장마 배수관리, 역병·무름병·습해 주의 / 덩이줄기 비대기: 칼슘 부족 상태에서 급성장 시 중심공동(속 빈 증상) 발생 주의"
여름재배,2026-07-28,화,배수·병해충 방제 & 건조제 살포,장마철 습해·역병 주의.,"고온다습 장마 배수관리, 역병·무름병·습해 주의 / 덩이줄기 비대기: 칼슘 부족 상태에서 급성장 시 중심공동(속 빈 증상) 발생 주의"
여름재배,2026-07-29,수,배수·병해충 방제 & 건조제 살포,장마철 습해·역병 주의.,"고온다습 장마 배수관리, 역병·무름병·습해 주의 / 덩이줄기 비대기: 칼슘 부족 상태에서 급성장 시 중심공동(속 빈 증상) 발생 주의"
여름재배,2026-07-30,목,배수·병해충 방제 & 건조제 살포,장마철 습해·역병 주의.,"고온다습 장마 배수관리, 역병·무름병·습해 주의 / 덩이줄기 비대기: 칼슘 부족 상태에서 급성장 시 중심공동(속 빈 증상) 발생 주의"
여름재배,2026-07-31,금,배수·병해충 방제 & 건조제 살포,장마철 습해·역병 주의.,"고온다습 장마 배수관리, 역병·무름병·습해 주의 / 덩이줄기 비대기: 칼슘 부족 상태에서 급성장 시 중심공동(속 빈 증상) 발생 주의"
여름재배,2026-08-11,화,수확,,"고온·태풍 대비 배수관리, 출현율 저하 주의 / 수확 시 마찰·고온으로 열개(표면 갈라짐) 발생 가능 — 온도 높으면 서둘러 수확"
여름재배,2026-08-12,수,수확,,"고온·태풍 대비 배수관리, 출현율 저하 주의 / 수확 시 마찰·고온으로 열개(표면 갈라짐) 발생 가능 — 온도 높으면 서둘러 수확"
여름재배,2026-08-13,목,수확,,"고온·태풍 대비 배수관리, 출현율 저하 주의 / 수확 시 마찰·고온으로 열개(표면 갈라짐) 발생 가능 — 온도 높으면 서둘러 수확"
여름재배,2026-08-14,금,수확,,"고온·태풍 대비 배수관리, 출현율 저하 주의 / 수확 시 마찰·고온으로 열개(표면 갈라짐) 발생 가능 — 온도 높으면 서둘러 수확"
여름재배,2026-08-15,토,수확,,"고온·태풍 대비 배수관리, 출현율 저하 주의 / 수확 시 마찰·고온으로 열개(표면 갈라짐) 발생 가능 — 온도 높으면 서둘러 수확"
여름재배,2026-08-16,일,수확,,"고온·태풍 대비 배수관리, 출현율 저하 주의 / 수확 시 마찰·고온으로 열개(표면 갈라짐) 발생 가능 — 온도 높으면 서둘러 수확"
여름재배,2026-08-17,월,수확,,"고온·태풍 대비 배수관리, 출현율 저하 주의 / 수확 시 마찰·고온으로 열개(표면 갈라짐) 발생 가능 — 온도 높으면 서둘러 수확"
여름재배,2026-08-18,화,수확,,"고온·태풍 대비 배수관리, 출현율 저하 주의 / 수확 시 마찰·고온으로 열개(표면 갈라짐) 발생 가능 — 온도 높으면 서둘러 수확"
여름재배,2026-08-19,수,수확,,"고온·태풍 대비 배수관리, 출현율 저하 주의 / 수확 시 마찰·고온으로 열개(표면 갈라짐) 발생 가능 — 온도 높으면 서둘러 수확"
여름재배,2026-08-20,목,수확,,"고온·태풍 대비 배수관리, 출현율 저하 주의 / 수확 시 마찰·고온으로 열개(표면 갈라짐) 발생 가능 — 온도 높으면 서둘러 수확"
여름재배,2026-08-21,금,수확,,"고온·태풍 대비 배수관리, 출현율 저하 주의 / 수확 시 마찰·고온으로 열개(표면 갈라짐) 발생 가능 — 온도 높으면 서둘러 수확"
여름재배,2026-08-22,토,수확,,"고온·태풍 대비 배수관리, 출현율 저하 주의 / 수확 시 마찰·고온으로 열개(표면 갈라짐) 발생 가능 — 온도 높으면 서둘러 수확"
여름재배,2026-08-23,일,수확,,"고온·태풍 대비 배수관리, 출현율 저하 주의 / 수확 시 마찰·고온으로 열개(표면 갈라짐) 발생 가능 — 온도 높으면 서둘러 수확"
여름재배,2026-08-24,월,수확,,"고온·태풍 대비 배수관리, 출현율 저하 주의 / 수확 시 마찰·고온으로 열개(표면 갈라짐) 발생 가능 — 온도 높으면 서둘러 수확"
여름재배,2026-08-25,화,수확,,"고온·태풍 대비 배수관리, 출현율 저하 주의 / 수확 시 마찰·고온으로 열개(표면 갈라짐) 발생 가능 — 온도 높으면 서둘러 수확"
여름재배,2026-08-26,수,수확,,"고온·태풍 대비 배수관리, 출현율 저하 주의 / 수확 시 마찰·고온으로 열개(표면 갈라짐) 발생 가능 — 온도 높으면 서둘러 수확"
여름재배,2026-08-27,목,수확,,"고온·태풍 대비 배수관리, 출현율 저하 주의 / 수확 시 마찰·고온으로 열개(표면 갈라짐) 발생 가능 — 온도 높으면 서둘러 수확"
여름재배,2026-08-28,금,수확,,"고온·태풍 대비 배수관리, 출현율 저하 주의 / 수확 시 마찰·고온으로 열개(표면 갈라짐) 발생 가능 — 온도 높으면 서둘러 수확"
여름재배,2026-08-29,토,수확,,"고온·태풍 대비 배수관리, 출현율 저하 주의 / 수확 시 마찰·고온으로 열개(표면 갈라짐) 발생 가능 — 온도 높으면 서둘러 수확"
여름재배,2026-08-30,일,수확,,"고온·태풍 대비 배수관리, 출현율 저하 주의 / 수확 시 마찰·고온으로 열개(표면 갈라짐) 발생 가능 — 온도 높으면 서둘러 수확"
여름재배,2026-08-31,월,수확,,"고온·태풍 대비 배수관리, 출현율 저하 주의 / 수확 시 마찰·고온으로 열개(표면 갈라짐) 발생 가능 — 온도 높으면 서둘러 수확"
여름재배,2026-09-01,화,수확,,"고온태풍 막바지 대비, 가을재배 파종 준비 / 수확 시 마찰·고온으로 열개(표면 갈라짐) 발생 가능 — 온도 높으면 서둘러 수확"
여름재배,2026-09-02,수,수확,,"고온태풍 막바지 대비, 가을재배 파종 준비 / 수확 시 마찰·고온으로 열개(표면 갈라짐) 발생 가능 — 온도 높으면 서둘러 수확"
여름재배,2026-09-03,목,수확,,"고온태풍 막바지 대비, 가을재배 파종 준비 / 수확 시 마찰·고온으로 열개(표면 갈라짐) 발생 가능 — 온도 높으면 서둘러 수확"
여름재배,2026-09-04,금,수확,,"고온태풍 막바지 대비, 가을재배 파종 준비 / 수확 시 마찰·고온으로 열개(표면 갈라짐) 발생 가능 — 온도 높으면 서둘러 수확"
여름재배,2026-09-05,토,수확,,"고온태풍 막바지 대비, 가을재배 파종 준비 / 수확 시 마찰·고온으로 열개(표면 갈라짐) 발생 가능 — 온도 높으면 서둘러 수확"
여름재배,2026-09-06,일,수확,,"고온태풍 막바지 대비, 가을재배 파종 준비 / 수확 시 마찰·고온으로 열개(표면 갈라짐) 발생 가능 — 온도 높으면 서둘러 수확"
여름재배,2026-09-07,월,수확,,"고온태풍 막바지 대비, 가을재배 파종 준비 / 수확 시 마찰·고온으로 열개(표면 갈라짐) 발생 가능 — 온도 높으면 서둘러 수확"
여름재배,2026-09-08,화,수확,,"고온태풍 막바지 대비, 가을재배 파종 준비 / 수확 시 마찰·고온으로 열개(표면 갈라짐) 발생 가능 — 온도 높으면 서둘러 수확"
여름재배,2026-09-09,수,수확,,"고온태풍 막바지 대비, 가을재배 파종 준비 / 수확 시 마찰·고온으로 열개(표면 갈라짐) 발생 가능 — 온도 높으면 서둘러 수확"
여름재배,2026-09-10,목,수확,,"고온태풍 막바지 대비, 가을재배 파종 준비 / 수확 시 마찰·고온으로 열개(표면 갈라짐) 발생 가능 — 온도 높으면 서둘러 수확"
여름재배,2026-09-11,금,수확,,"고온태풍 막바지 대비, 가을재배 파종 준비 / 수확 시 마찰·고온으로 열개(표면 갈라짐) 발생 가능 — 온도 높으면 서둘러 수확"
여름재배,2026-09-12,토,수확,,"고온태풍 막바지 대비, 가을재배 파종 준비 / 수확 시 마찰·고온으로 열개(표면 갈라짐) 발생 가능 — 온도 높으면 서둘러 수확"
여름재배,2026-09-13,일,수확,,"고온태풍 막바지 대비, 가을재배 파종 준비 / 수확 시 마찰·고온으로 열개(표면 갈라짐) 발생 가능 — 온도 높으면 서둘러 수확"
여름재배,2026-09-14,월,수확,,"고온태풍 막바지 대비, 가을재배 파종 준비 / 수확 시 마찰·고온으로 열개(표면 갈라짐) 발생 가능 — 온도 높으면 서둘러 수확"
여름재배,2026-09-15,화,수확,,"고온태풍 막바지 대비, 가을재배 파종 준비 / 수확 시 마찰·고온으로 열개(표면 갈라짐) 발생 가능 — 온도 높으면 서둘러 수확"
여름재배,2026-09-16,수,수확,,"고온태풍 막바지 대비, 가을재배 파종 준비 / 수확 시 마찰·고온으로 열개(표면 갈라짐) 발생 가능 — 온도 높으면 서둘러 수확"
여름재배,2026-09-17,목,수확,,"고온태풍 막바지 대비, 가을재배 파종 준비 / 수확 시 마찰·고온으로 열개(표면 갈라짐) 발생 가능 — 온도 높으면 서둘러 수확"
여름재배,2026-09-18,금,수확,,"고온태풍 막바지 대비, 가을재배 파종 준비 / 수확 시 마찰·고온으로 열개(표면 갈라짐) 발생 가능 — 온도 높으면 서둘러 수확"
여름재배,2026-09-19,토,수확,,"고온태풍 막바지 대비, 가을재배 파종 준비 / 수확 시 마찰·고온으로 열개(표면 갈라짐) 발생 가능 — 온도 높으면 서둘러 수확"
여름재배,2026-09-20,일,수확,,"고온태풍 막바지 대비, 가을재배 파종 준비 / 수확 시 마찰·고온으로 열개(표면 갈라짐) 발생 가능 — 온도 높으면 서둘러 수확"
여름재배,2026-09-21,월,수확,,"고온태풍 막바지 대비, 가을재배 파종 준비 / 수확 시 마찰·고온으로 열개(표면 갈라짐) 발생 가능 — 온도 높으면 서둘러 수확"
여름재배,2026-09-22,화,수확,,"고온태풍 막바지 대비, 가을재배 파종 준비 / 수확 시 마찰·고온으로 열개(표면 갈라짐) 발생 가능 — 온도 높으면 서둘러 수확"
여름재배,2026-09-23,수,수확,,"고온태풍 막바지 대비, 가을재배 파종 준비 / 수확 시 마찰·고온으로 열개(표면 갈라짐) 발생 가능 — 온도 높으면 서둘러 수확"
여름재배,2026-09-24,목,수확,,"고온태풍 막바지 대비, 가을재배 파종 준비 / 수확 시 마찰·고온으로 열개(표면 갈라짐) 발생 가능 — 온도 높으면 서둘러 수확"
여름재배,2026-09-25,금,수확,,"고온태풍 막바지 대비, 가을재배 파종 준비 / 수확 시 마찰·고온으로 열개(표면 갈라짐) 발생 가능 — 온도 높으면 서둘러 수확"
여름재배,2026-09-26,토,수확,,"고온태풍 막바지 대비, 가을재배 파종 준비 / 수확 시 마찰·고온으로 열개(표면 갈라짐) 발생 가능 — 온도 높으면 서둘러 수확"
여름재배,2026-09-27,일,수확,,"고온태풍 막바지 대비, 가을재배 파종 준비 / 수확 시 마찰·고온으로 열개(표면 갈라짐) 발생 가능 — 온도 높으면 서둘러 수확"
여름재배,2026-09-28,월,수확,,"고온태풍 막바지 대비, 가을재배 파종 준비 / 수확 시 마찰·고온으로 열개(표면 갈라짐) 발생 가능 — 온도 높으면 서둘러 수확"
여름재배,2026-09-29,화,수확,,"고온태풍 막바지 대비, 가을재배 파종 준비 / 수확 시 마찰·고온으로 열개(표면 갈라짐) 발생 가능 — 온도 높으면 서둘러 수확"
여름재배,2026-09-30,수,수확,,"고온태풍 막바지 대비, 가을재배 파종 준비 / 수확 시 마찰·고온으로 열개(표면 갈라짐) 발생 가능 — 온도 높으면 서둘러 수확"
여름재배,2026-10-01,목,예비저장,적정온도 12~18℃·습도 80~85%. 빛이 들지 않고 통풍 잘되는 서늘한 곳에 얇게 펴서 10~14일간 말려요.,"저온·서리 주의(가을재배 생육기), 병해충 방제 철저 / 저온→고온 급변 또는 고온 밀폐 저장 시 흑색심부(내부 흑변) 주의"
여름재배,2026-10-02,금,예비저장,적정온도 12~18℃·습도 80~85%. 빛이 들지 않고 통풍 잘되는 서늘한 곳에 얇게 펴서 10~14일간 말려요.,"저온·서리 주의(가을재배 생육기), 병해충 방제 철저 / 저온→고온 급변 또는 고온 밀폐 저장 시 흑색심부(내부 흑변) 주의"
여름재배,2026-10-03,토,예비저장,적정온도 12~18℃·습도 80~85%. 빛이 들지 않고 통풍 잘되는 서늘한 곳에 얇게 펴서 10~14일간 말려요.,"저온·서리 주의(가을재배 생육기), 병해충 방제 철저 / 저온→고온 급변 또는 고온 밀폐 저장 시 흑색심부(내부 흑변) 주의"
여름재배,2026-10-04,일,예비저장,적정온도 12~18℃·습도 80~85%. 빛이 들지 않고 통풍 잘되는 서늘한 곳에 얇게 펴서 10~14일간 말려요.,"저온·서리 주의(가을재배 생육기), 병해충 방제 철저 / 저온→고온 급변 또는 고온 밀폐 저장 시 흑색심부(내부 흑변) 주의"
여름재배,2026-10-05,월,예비저장,적정온도 12~18℃·습도 80~85%. 빛이 들지 않고 통풍 잘되는 서늘한 곳에 얇게 펴서 10~14일간 말려요.,"저온·서리 주의(가을재배 생육기), 병해충 방제 철저 / 저온→고온 급변 또는 고온 밀폐 저장 시 흑색심부(내부 흑변) 주의"
여름재배,2026-10-06,화,예비저장,적정온도 12~18℃·습도 80~85%. 빛이 들지 않고 통풍 잘되는 서늘한 곳에 얇게 펴서 10~14일간 말려요.,"저온·서리 주의(가을재배 생육기), 병해충 방제 철저 / 저온→고온 급변 또는 고온 밀폐 저장 시 흑색심부(내부 흑변) 주의"
여름재배,2026-10-07,수,예비저장,적정온도 12~18℃·습도 80~85%. 빛이 들지 않고 통풍 잘되는 서늘한 곳에 얇게 펴서 10~14일간 말려요.,"저온·서리 주의(가을재배 생육기), 병해충 방제 철저 / 저온→고온 급변 또는 고온 밀폐 저장 시 흑색심부(내부 흑변) 주의"
여름재배,2026-10-08,목,예비저장,적정온도 12~18℃·습도 80~85%. 빛이 들지 않고 통풍 잘되는 서늘한 곳에 얇게 펴서 10~14일간 말려요.,"저온·서리 주의(가을재배 생육기), 병해충 방제 철저 / 저온→고온 급변 또는 고온 밀폐 저장 시 흑색심부(내부 흑변) 주의"
여름재배,2026-10-09,금,예비저장,적정온도 12~18℃·습도 80~85%. 빛이 들지 않고 통풍 잘되는 서늘한 곳에 얇게 펴서 10~14일간 말려요.,"저온·서리 주의(가을재배 생육기), 병해충 방제 철저 / 저온→고온 급변 또는 고온 밀폐 저장 시 흑색심부(내부 흑변) 주의"
여름재배,2026-10-10,토,예비저장,적정온도 12~18℃·습도 80~85%. 빛이 들지 않고 통풍 잘되는 서늘한 곳에 얇게 펴서 10~14일간 말려요.,"저온·서리 주의(가을재배 생육기), 병해충 방제 철저 / 저온→고온 급변 또는 고온 밀폐 저장 시 흑색심부(내부 흑변) 주의"
여름재배,2026-10-11,일,예비저장,적정온도 12~18℃·습도 80~85%. 빛이 들지 않고 통풍 잘되는 서늘한 곳에 얇게 펴서 10~14일간 말려요.,"저온·서리 주의(가을재배 생육기), 병해충 방제 철저 / 저온→고온 급변 또는 고온 밀폐 저장 시 흑색심부(내부 흑변) 주의"
여름재배,2026-10-12,월,예비저장,적정온도 12~18℃·습도 80~85%. 빛이 들지 않고 통풍 잘되는 서늘한 곳에 얇게 펴서 10~14일간 말려요.,"저온·서리 주의(가을재배 생육기), 병해충 방제 철저 / 저온→고온 급변 또는 고온 밀폐 저장 시 흑색심부(내부 흑변) 주의"
여름재배,2026-10-13,화,예비저장,적정온도 12~18℃·습도 80~85%. 빛이 들지 않고 통풍 잘되는 서늘한 곳에 얇게 펴서 10~14일간 말려요.,"저온·서리 주의(가을재배 생육기), 병해충 방제 철저 / 저온→고온 급변 또는 고온 밀폐 저장 시 흑색심부(내부 흑변) 주의"
여름재배,2026-10-14,수,예비저장,적정온도 12~18℃·습도 80~85%. 빛이 들지 않고 통풍 잘되는 서늘한 곳에 얇게 펴서 10~14일간 말려요.,"저온·서리 주의(가을재배 생육기), 병해충 방제 철저 / 저온→고온 급변 또는 고온 밀폐 저장 시 흑색심부(내부 흑변) 주의"
여름재배,2026-10-15,목,본저장,적정온도 3~4℃(가공용 8~10℃)·습도 80~85% 유지. 장기 저장 시 4℃ 유지 및 주기적 환기가 필요해요.,"저온·서리 주의(가을재배 생육기), 병해충 방제 철저 / 저온→고온 급변 또는 고온 밀폐 저장 시 흑색심부(내부 흑변) 주의"
여름재배,2026-10-16,금,본저장,적정온도 3~4℃(가공용 8~10℃)·습도 80~85% 유지. 장기 저장 시 4℃ 유지 및 주기적 환기가 필요해요.,"저온·서리 주의(가을재배 생육기), 병해충 방제 철저 / 저온→고온 급변 또는 고온 밀폐 저장 시 흑색심부(내부 흑변) 주의"
여름재배,2026-10-17,토,본저장,적정온도 3~4℃(가공용 8~10℃)·습도 80~85% 유지. 장기 저장 시 4℃ 유지 및 주기적 환기가 필요해요.,"저온·서리 주의(가을재배 생육기), 병해충 방제 철저 / 저온→고온 급변 또는 고온 밀폐 저장 시 흑색심부(내부 흑변) 주의"
여름재배,2026-10-18,일,본저장,적정온도 3~4℃(가공용 8~10℃)·습도 80~85% 유지. 장기 저장 시 4℃ 유지 및 주기적 환기가 필요해요.,"저온·서리 주의(가을재배 생육기), 병해충 방제 철저 / 저온→고온 급변 또는 고온 밀폐 저장 시 흑색심부(내부 흑변) 주의"
여름재배,2026-10-19,월,본저장,적정온도 3~4℃(가공용 8~10℃)·습도 80~85% 유지. 장기 저장 시 4℃ 유지 및 주기적 환기가 필요해요.,"저온·서리 주의(가을재배 생육기), 병해충 방제 철저 / 저온→고온 급변 또는 고온 밀폐 저장 시 흑색심부(내부 흑변) 주의"
여름재배,2026-10-20,화,본저장,적정온도 3~4℃(가공용 8~10℃)·습도 80~85% 유지. 장기 저장 시 4℃ 유지 및 주기적 환기가 필요해요.,"저온·서리 주의(가을재배 생육기), 병해충 방제 철저 / 저온→고온 급변 또는 고온 밀폐 저장 시 흑색심부(내부 흑변) 주의"
여름재배,2026-10-21,수,본저장,적정온도 3~4℃(가공용 8~10℃)·습도 80~85% 유지. 장기 저장 시 4℃ 유지 및 주기적 환기가 필요해요.,"저온·서리 주의(가을재배 생육기), 병해충 방제 철저 / 저온→고온 급변 또는 고온 밀폐 저장 시 흑색심부(내부 흑변) 주의"
여름재배,2026-10-22,목,본저장,적정온도 3~4℃(가공용 8~10℃)·습도 80~85% 유지. 장기 저장 시 4℃ 유지 및 주기적 환기가 필요해요.,"저온·서리 주의(가을재배 생육기), 병해충 방제 철저 / 저온→고온 급변 또는 고온 밀폐 저장 시 흑색심부(내부 흑변) 주의"
여름재배,2026-10-23,금,본저장,적정온도 3~4℃(가공용 8~10℃)·습도 80~85% 유지. 장기 저장 시 4℃ 유지 및 주기적 환기가 필요해요.,"저온·서리 주의(가을재배 생육기), 병해충 방제 철저 / 저온→고온 급변 또는 고온 밀폐 저장 시 흑색심부(내부 흑변) 주의"
여름재배,2026-10-24,토,본저장,적정온도 3~4℃(가공용 8~10℃)·습도 80~85% 유지. 장기 저장 시 4℃ 유지 및 주기적 환기가 필요해요.,"저온·서리 주의(가을재배 생육기), 병해충 방제 철저 / 저온→고온 급변 또는 고온 밀폐 저장 시 흑색심부(내부 흑변) 주의"
여름재배,2026-10-25,일,본저장,적정온도 3~4℃(가공용 8~10℃)·습도 80~85% 유지. 장기 저장 시 4℃ 유지 및 주기적 환기가 필요해요.,"저온·서리 주의(가을재배 생육기), 병해충 방제 철저 / 저온→고온 급변 또는 고온 밀폐 저장 시 흑색심부(내부 흑변) 주의"
여름재배,2026-10-26,월,본저장,적정온도 3~4℃(가공용 8~10℃)·습도 80~85% 유지. 장기 저장 시 4℃ 유지 및 주기적 환기가 필요해요.,"저온·서리 주의(가을재배 생육기), 병해충 방제 철저 / 저온→고온 급변 또는 고온 밀폐 저장 시 흑색심부(내부 흑변) 주의"
여름재배,2026-10-27,화,본저장,적정온도 3~4℃(가공용 8~10℃)·습도 80~85% 유지. 장기 저장 시 4℃ 유지 및 주기적 환기가 필요해요.,"저온·서리 주의(가을재배 생육기), 병해충 방제 철저 / 저온→고온 급변 또는 고온 밀폐 저장 시 흑색심부(내부 흑변) 주의"
여름재배,2026-10-28,수,본저장,적정온도 3~4℃(가공용 8~10℃)·습도 80~85% 유지. 장기 저장 시 4℃ 유지 및 주기적 환기가 필요해요.,"저온·서리 주의(가을재배 생육기), 병해충 방제 철저 / 저온→고온 급변 또는 고온 밀폐 저장 시 흑색심부(내부 흑변) 주의"
여름재배,2026-10-29,목,본저장,적정온도 3~4℃(가공용 8~10℃)·습도 80~85% 유지. 장기 저장 시 4℃ 유지 및 주기적 환기가 필요해요.,"저온·서리 주의(가을재배 생육기), 병해충 방제 철저 / 저온→고온 급변 또는 고온 밀폐 저장 시 흑색심부(내부 흑변) 주의"
여름재배,2026-10-30,금,본저장,적정온도 3~4℃(가공용 8~10℃)·습도 80~85% 유지. 장기 저장 시 4℃ 유지 및 주기적 환기가 필요해요.,"저온·서리 주의(가을재배 생육기), 병해충 방제 철저 / 저온→고온 급변 또는 고온 밀폐 저장 시 흑색심부(내부 흑변) 주의"
여름재배,2026-10-31,토,본저장,적정온도 3~4℃(가공용 8~10℃)·습도 80~85% 유지. 장기 저장 시 4℃ 유지 및 주기적 환기가 필요해요.,"저온·서리 주의(가을재배 생육기), 병해충 방제 철저 / 저온→고온 급변 또는 고온 밀폐 저장 시 흑색심부(내부 흑변) 주의"
여름재배,2026-11-01,일,본저장,적정온도 3~4℃(가공용 8~10℃)·습도 80~85% 유지. 장기 저장 시 4℃ 유지 및 주기적 환기가 필요해요.,"저온·서리로 수량감소·동해 우려, 겨울시설재배 파종 준비 / 저온→고온 급변 또는 고온 밀폐 저장 시 흑색심부(내부 흑변) 주의"
여름재배,2026-11-02,월,본저장,적정온도 3~4℃(가공용 8~10℃)·습도 80~85% 유지. 장기 저장 시 4℃ 유지 및 주기적 환기가 필요해요.,"저온·서리로 수량감소·동해 우려, 겨울시설재배 파종 준비 / 저온→고온 급변 또는 고온 밀폐 저장 시 흑색심부(내부 흑변) 주의"
여름재배,2026-11-03,화,본저장,적정온도 3~4℃(가공용 8~10℃)·습도 80~85% 유지. 장기 저장 시 4℃ 유지 및 주기적 환기가 필요해요.,"저온·서리로 수량감소·동해 우려, 겨울시설재배 파종 준비 / 저온→고온 급변 또는 고온 밀폐 저장 시 흑색심부(내부 흑변) 주의"
여름재배,2026-11-04,수,본저장,적정온도 3~4℃(가공용 8~10℃)·습도 80~85% 유지. 장기 저장 시 4℃ 유지 및 주기적 환기가 필요해요.,"저온·서리로 수량감소·동해 우려, 겨울시설재배 파종 준비 / 저온→고온 급변 또는 고온 밀폐 저장 시 흑색심부(내부 흑변) 주의"
여름재배,2026-11-05,목,본저장,적정온도 3~4℃(가공용 8~10℃)·습도 80~85% 유지. 장기 저장 시 4℃ 유지 및 주기적 환기가 필요해요.,"저온·서리로 수량감소·동해 우려, 겨울시설재배 파종 준비 / 저온→고온 급변 또는 고온 밀폐 저장 시 흑색심부(내부 흑변) 주의"
여름재배,2026-11-06,금,본저장,적정온도 3~4℃(가공용 8~10℃)·습도 80~85% 유지. 장기 저장 시 4℃ 유지 및 주기적 환기가 필요해요.,"저온·서리로 수량감소·동해 우려, 겨울시설재배 파종 준비 / 저온→고온 급변 또는 고온 밀폐 저장 시 흑색심부(내부 흑변) 주의"
여름재배,2026-11-07,토,본저장,적정온도 3~4℃(가공용 8~10℃)·습도 80~85% 유지. 장기 저장 시 4℃ 유지 및 주기적 환기가 필요해요.,"저온·서리로 수량감소·동해 우려, 겨울시설재배 파종 준비 / 저온→고온 급변 또는 고온 밀폐 저장 시 흑색심부(내부 흑변) 주의"
여름재배,2026-11-08,일,본저장,적정온도 3~4℃(가공용 8~10℃)·습도 80~85% 유지. 장기 저장 시 4℃ 유지 및 주기적 환기가 필요해요.,"저온·서리로 수량감소·동해 우려, 겨울시설재배 파종 준비 / 저온→고온 급변 또는 고온 밀폐 저장 시 흑색심부(내부 흑변) 주의"
여름재배,2026-11-09,월,본저장,적정온도 3~4℃(가공용 8~10℃)·습도 80~85% 유지. 장기 저장 시 4℃ 유지 및 주기적 환기가 필요해요.,"저온·서리로 수량감소·동해 우려, 겨울시설재배 파종 준비 / 저온→고온 급변 또는 고온 밀폐 저장 시 흑색심부(내부 흑변) 주의"
여름재배,2026-11-10,화,본저장,적정온도 3~4℃(가공용 8~10℃)·습도 80~85% 유지. 장기 저장 시 4℃ 유지 및 주기적 환기가 필요해요.,"저온·서리로 수량감소·동해 우려, 겨울시설재배 파종 준비 / 저온→고온 급변 또는 고온 밀폐 저장 시 흑색심부(내부 흑변) 주의"
여름재배,2026-11-11,수,본저장,적정온도 3~4℃(가공용 8~10℃)·습도 80~85% 유지. 장기 저장 시 4℃ 유지 및 주기적 환기가 필요해요.,"저온·서리로 수량감소·동해 우려, 겨울시설재배 파종 준비 / 저온→고온 급변 또는 고온 밀폐 저장 시 흑색심부(내부 흑변) 주의"
여름재배,2026-11-12,목,본저장,적정온도 3~4℃(가공용 8~10℃)·습도 80~85% 유지. 장기 저장 시 4℃ 유지 및 주기적 환기가 필요해요.,"저온·서리로 수량감소·동해 우려, 겨울시설재배 파종 준비 / 저온→고온 급변 또는 고온 밀폐 저장 시 흑색심부(내부 흑변) 주의"
여름재배,2026-11-13,금,본저장,적정온도 3~4℃(가공용 8~10℃)·습도 80~85% 유지. 장기 저장 시 4℃ 유지 및 주기적 환기가 필요해요.,"저온·서리로 수량감소·동해 우려, 겨울시설재배 파종 준비 / 저온→고온 급변 또는 고온 밀폐 저장 시 흑색심부(내부 흑변) 주의"
가을재배,2026-07-11,토,싹 틔우기,10~15일간 싹을 틔워요.,"고온다습 장마 배수관리, 역병·무름병·습해 주의"
가을재배,2026-07-12,일,싹 틔우기,10~15일간 싹을 틔워요.,"고온다습 장마 배수관리, 역병·무름병·습해 주의"
가을재배,2026-07-13,월,싹 틔우기,10~15일간 싹을 틔워요.,"고온다습 장마 배수관리, 역병·무름병·습해 주의"
가을재배,2026-07-14,화,싹 틔우기,10~15일간 싹을 틔워요.,"고온다습 장마 배수관리, 역병·무름병·습해 주의"
가을재배,2026-07-15,수,싹 틔우기,10~15일간 싹을 틔워요.,"고온다습 장마 배수관리, 역병·무름병·습해 주의"
가을재배,2026-07-16,목,싹 틔우기,10~15일간 싹을 틔워요.,"고온다습 장마 배수관리, 역병·무름병·습해 주의"
가을재배,2026-07-17,금,싹 틔우기,10~15일간 싹을 틔워요.,"고온다습 장마 배수관리, 역병·무름병·습해 주의"
가을재배,2026-07-18,토,싹 틔우기,10~15일간 싹을 틔워요.,"고온다습 장마 배수관리, 역병·무름병·습해 주의"
가을재배,2026-07-19,일,싹 틔우기,10~15일간 싹을 틔워요.,"고온다습 장마 배수관리, 역병·무름병·습해 주의"
가을재배,2026-07-20,월,싹 틔우기,10~15일간 싹을 틔워요.,"고온다습 장마 배수관리, 역병·무름병·습해 주의"
가을재배,2026-07-21,화,싹 틔우기,10~15일간 싹을 틔워요.,"고온다습 장마 배수관리, 역병·무름병·습해 주의"
가을재배,2026-07-22,수,싹 틔우기,10~15일간 싹을 틔워요.,"고온다습 장마 배수관리, 역병·무름병·습해 주의"
가을재배,2026-07-23,목,싹 틔우기,10~15일간 싹을 틔워요.,"고온다습 장마 배수관리, 역병·무름병·습해 주의"
가을재배,2026-07-24,금,싹 틔우기,10~15일간 싹을 틔워요.,"고온다습 장마 배수관리, 역병·무름병·습해 주의"
가을재배,2026-07-25,토,싹 틔우기,10~15일간 싹을 틔워요.,"고온다습 장마 배수관리, 역병·무름병·습해 주의"
가을재배,2026-07-26,일,싹 틔우기,10~15일간 싹을 틔워요.,"고온다습 장마 배수관리, 역병·무름병·습해 주의"
가을재배,2026-07-27,월,싹 틔우기,10~15일간 싹을 틔워요.,"고온다습 장마 배수관리, 역병·무름병·습해 주의"
가을재배,2026-07-28,화,싹 틔우기,10~15일간 싹을 틔워요.,"고온다습 장마 배수관리, 역병·무름병·습해 주의"
가을재배,2026-07-29,수,싹 틔우기,10~15일간 싹을 틔워요.,"고온다습 장마 배수관리, 역병·무름병·습해 주의"
가을재배,2026-07-30,목,싹 틔우기,10~15일간 싹을 틔워요.,"고온다습 장마 배수관리, 역병·무름병·습해 주의"
가을재배,2026-07-31,금,싹 틔우기,10~15일간 싹을 틔워요.,"고온다습 장마 배수관리, 역병·무름병·습해 주의"
가을재배,2026-08-01,토,싹 틔우기,10~15일간 싹을 틔워요.,"고온·태풍 대비 배수관리, 출현율 저하 주의"
가을재배,2026-08-02,일,싹 틔우기,10~15일간 싹을 틔워요.,"고온·태풍 대비 배수관리, 출현율 저하 주의"
가을재배,2026-08-03,월,싹 틔우기,10~15일간 싹을 틔워요.,"고온·태풍 대비 배수관리, 출현율 저하 주의"
가을재배,2026-08-04,화,싹 틔우기,10~15일간 싹을 틔워요.,"고온·태풍 대비 배수관리, 출현율 저하 주의"
가을재배,2026-08-05,수,싹 틔우기,10~15일간 싹을 틔워요.,"고온·태풍 대비 배수관리, 출현율 저하 주의"
가을재배,2026-08-06,목,싹 틔우기,10~15일간 싹을 틔워요.,"고온·태풍 대비 배수관리, 출현율 저하 주의"
가을재배,2026-08-07,금,싹 틔우기,10~15일간 싹을 틔워요.,"고온·태풍 대비 배수관리, 출현율 저하 주의"
가을재배,2026-08-08,토,싹 틔우기,10~15일간 싹을 틔워요.,"고온·태풍 대비 배수관리, 출현율 저하 주의"
가을재배,2026-08-09,일,싹 틔우기,10~15일간 싹을 틔워요.,"고온·태풍 대비 배수관리, 출현율 저하 주의"
가을재배,2026-08-10,월,싹 틔우기,10~15일간 싹을 틔워요.,"고온·태풍 대비 배수관리, 출현율 저하 주의"
가을재배,2026-08-11,화,밭 준비 & 파종,,"고온·태풍 대비 배수관리, 출현율 저하 주의"
가을재배,2026-08-12,수,밭 준비 & 파종,,"고온·태풍 대비 배수관리, 출현율 저하 주의"
가을재배,2026-08-13,목,밭 준비 & 파종,,"고온·태풍 대비 배수관리, 출현율 저하 주의"
가을재배,2026-08-14,금,밭 준비 & 파종,,"고온·태풍 대비 배수관리, 출현율 저하 주의"
가을재배,2026-08-15,토,밭 준비 & 파종,,"고온·태풍 대비 배수관리, 출현율 저하 주의"
가을재배,2026-08-16,일,밭 준비 & 파종,,"고온·태풍 대비 배수관리, 출현율 저하 주의"
가을재배,2026-08-17,월,밭 준비 & 파종,,"고온·태풍 대비 배수관리, 출현율 저하 주의"
가을재배,2026-08-18,화,밭 준비 & 파종,,"고온·태풍 대비 배수관리, 출현율 저하 주의"
가을재배,2026-08-19,수,밭 준비 & 파종,,"고온·태풍 대비 배수관리, 출현율 저하 주의"
가을재배,2026-08-20,목,밭 준비 & 파종,,"고온·태풍 대비 배수관리, 출현율 저하 주의"
가을재배,2026-08-21,금,밭 준비 & 파종,,"고온·태풍 대비 배수관리, 출현율 저하 주의"
가을재배,2026-08-22,토,밭 준비 & 파종,,"고온·태풍 대비 배수관리, 출현율 저하 주의"
가을재배,2026-08-23,일,밭 준비 & 파종,,"고온·태풍 대비 배수관리, 출현율 저하 주의"
가을재배,2026-08-24,월,밭 준비 & 파종,,"고온·태풍 대비 배수관리, 출현율 저하 주의"
가을재배,2026-08-25,화,밭 준비 & 파종,,"고온·태풍 대비 배수관리, 출현율 저하 주의"
가을재배,2026-08-26,수,밭 준비 & 파종,,"고온·태풍 대비 배수관리, 출현율 저하 주의"
가을재배,2026-08-27,목,밭 준비 & 파종,,"고온·태풍 대비 배수관리, 출현율 저하 주의"
가을재배,2026-08-28,금,밭 준비 & 파종,,"고온·태풍 대비 배수관리, 출현율 저하 주의"
가을재배,2026-08-29,토,밭 준비 & 파종,,"고온·태풍 대비 배수관리, 출현율 저하 주의"
가을재배,2026-08-30,일,밭 준비 & 파종,,"고온·태풍 대비 배수관리, 출현율 저하 주의"
가을재배,2026-08-31,월,밭 준비 & 파종,,"고온·태풍 대비 배수관리, 출현율 저하 주의"
가을재배,2026-09-01,화,제초·북주기·배수,,"고온태풍 막바지 대비, 가을재배 파종 준비"
가을재배,2026-09-02,수,제초·북주기·배수,,"고온태풍 막바지 대비, 가을재배 파종 준비"
가을재배,2026-09-03,목,제초·북주기·배수,,"고온태풍 막바지 대비, 가을재배 파종 준비"
가을재배,2026-09-04,금,제초·북주기·배수,,"고온태풍 막바지 대비, 가을재배 파종 준비"
가을재배,2026-09-05,토,제초·북주기·배수,,"고온태풍 막바지 대비, 가을재배 파종 준비"
가을재배,2026-09-06,일,제초·북주기·배수,,"고온태풍 막바지 대비, 가을재배 파종 준비"
가을재배,2026-09-07,월,제초·북주기·배수,,"고온태풍 막바지 대비, 가을재배 파종 준비"
가을재배,2026-09-08,화,제초·북주기·배수,,"고온태풍 막바지 대비, 가을재배 파종 준비"
가을재배,2026-09-09,수,제초·북주기·배수,,"고온태풍 막바지 대비, 가을재배 파종 준비"
가을재배,2026-09-10,목,제초·북주기·배수,,"고온태풍 막바지 대비, 가을재배 파종 준비"
가을재배,2026-09-11,금,제초·북주기·배수,,"고온태풍 막바지 대비, 가을재배 파종 준비"
가을재배,2026-09-12,토,제초·북주기·배수,,"고온태풍 막바지 대비, 가을재배 파종 준비"
가을재배,2026-09-13,일,제초·북주기·배수,,"고온태풍 막바지 대비, 가을재배 파종 준비"
가을재배,2026-09-14,월,제초·북주기·배수,,"고온태풍 막바지 대비, 가을재배 파종 준비"
가을재배,2026-09-15,화,제초·북주기·배수,,"고온태풍 막바지 대비, 가을재배 파종 준비"
가을재배,2026-09-16,수,제초·북주기·배수,,"고온태풍 막바지 대비, 가을재배 파종 준비"
가을재배,2026-09-17,목,제초·북주기·배수,,"고온태풍 막바지 대비, 가을재배 파종 준비"
가을재배,2026-09-18,금,제초·북주기·배수,,"고온태풍 막바지 대비, 가을재배 파종 준비"
가을재배,2026-09-19,토,제초·북주기·배수,,"고온태풍 막바지 대비, 가을재배 파종 준비"
가을재배,2026-09-20,일,제초·북주기·배수,,"고온태풍 막바지 대비, 가을재배 파종 준비"
가을재배,2026-09-21,월,제초·북주기·배수,,"고온태풍 막바지 대비, 가을재배 파종 준비"
가을재배,2026-09-22,화,제초·북주기·배수,,"고온태풍 막바지 대비, 가을재배 파종 준비"
가을재배,2026-09-23,수,제초·북주기·배수,,"고온태풍 막바지 대비, 가을재배 파종 준비"
가을재배,2026-09-24,목,제초·북주기·배수,,"고온태풍 막바지 대비, 가을재배 파종 준비"
가을재배,2026-09-25,금,제초·북주기·배수,,"고온태풍 막바지 대비, 가을재배 파종 준비"
가을재배,2026-09-26,토,제초·북주기·배수,,"고온태풍 막바지 대비, 가을재배 파종 준비"
가을재배,2026-09-27,일,제초·북주기·배수,,"고온태풍 막바지 대비, 가을재배 파종 준비"
가을재배,2026-09-28,월,제초·북주기·배수,,"고온태풍 막바지 대비, 가을재배 파종 준비"
가을재배,2026-09-29,화,제초·북주기·배수,,"고온태풍 막바지 대비, 가을재배 파종 준비"
가을재배,2026-09-30,수,제초·북주기·배수,,"고온태풍 막바지 대비, 가을재배 파종 준비"
가을재배,2026-10-01,목,제초·북주기·배수 · 병해충 방제,,"저온·서리 주의(가을재배 생육기), 병해충 방제 철저 / 덩이줄기 비대기: 칼슘 부족 상태에서 급성장 시 중심공동(속 빈 증상) 발생 주의"
가을재배,2026-10-02,금,제초·북주기·배수 · 병해충 방제,,"저온·서리 주의(가을재배 생육기), 병해충 방제 철저 / 덩이줄기 비대기: 칼슘 부족 상태에서 급성장 시 중심공동(속 빈 증상) 발생 주의"
가을재배,2026-10-03,토,제초·북주기·배수 · 병해충 방제,,"저온·서리 주의(가을재배 생육기), 병해충 방제 철저 / 덩이줄기 비대기: 칼슘 부족 상태에서 급성장 시 중심공동(속 빈 증상) 발생 주의"
가을재배,2026-10-04,일,제초·북주기·배수 · 병해충 방제,,"저온·서리 주의(가을재배 생육기), 병해충 방제 철저 / 덩이줄기 비대기: 칼슘 부족 상태에서 급성장 시 중심공동(속 빈 증상) 발생 주의"
가을재배,2026-10-05,월,제초·북주기·배수 · 병해충 방제,,"저온·서리 주의(가을재배 생육기), 병해충 방제 철저 / 덩이줄기 비대기: 칼슘 부족 상태에서 급성장 시 중심공동(속 빈 증상) 발생 주의"
가을재배,2026-10-06,화,제초·북주기·배수 · 병해충 방제,,"저온·서리 주의(가을재배 생육기), 병해충 방제 철저 / 덩이줄기 비대기: 칼슘 부족 상태에서 급성장 시 중심공동(속 빈 증상) 발생 주의"
가을재배,2026-10-07,수,제초·북주기·배수 · 병해충 방제,,"저온·서리 주의(가을재배 생육기), 병해충 방제 철저 / 덩이줄기 비대기: 칼슘 부족 상태에서 급성장 시 중심공동(속 빈 증상) 발생 주의"
가을재배,2026-10-08,목,제초·북주기·배수 · 병해충 방제,,"저온·서리 주의(가을재배 생육기), 병해충 방제 철저 / 덩이줄기 비대기: 칼슘 부족 상태에서 급성장 시 중심공동(속 빈 증상) 발생 주의"
가을재배,2026-10-09,금,제초·북주기·배수 · 병해충 방제,,"저온·서리 주의(가을재배 생육기), 병해충 방제 철저 / 덩이줄기 비대기: 칼슘 부족 상태에서 급성장 시 중심공동(속 빈 증상) 발생 주의"
가을재배,2026-10-10,토,제초·북주기·배수 · 병해충 방제,,"저온·서리 주의(가을재배 생육기), 병해충 방제 철저 / 덩이줄기 비대기: 칼슘 부족 상태에서 급성장 시 중심공동(속 빈 증상) 발생 주의"
가을재배,2026-10-11,일,병해충 방제,,"저온·서리 주의(가을재배 생육기), 병해충 방제 철저 / 덩이줄기 비대기: 칼슘 부족 상태에서 급성장 시 중심공동(속 빈 증상) 발생 주의"
가을재배,2026-10-12,월,병해충 방제,,"저온·서리 주의(가을재배 생육기), 병해충 방제 철저 / 덩이줄기 비대기: 칼슘 부족 상태에서 급성장 시 중심공동(속 빈 증상) 발생 주의"
가을재배,2026-10-13,화,병해충 방제,,"저온·서리 주의(가을재배 생육기), 병해충 방제 철저 / 덩이줄기 비대기: 칼슘 부족 상태에서 급성장 시 중심공동(속 빈 증상) 발생 주의"
가을재배,2026-10-14,수,병해충 방제,,"저온·서리 주의(가을재배 생육기), 병해충 방제 철저 / 덩이줄기 비대기: 칼슘 부족 상태에서 급성장 시 중심공동(속 빈 증상) 발생 주의"
가을재배,2026-10-15,목,병해충 방제,,"저온·서리 주의(가을재배 생육기), 병해충 방제 철저 / 덩이줄기 비대기: 칼슘 부족 상태에서 급성장 시 중심공동(속 빈 증상) 발생 주의"
가을재배,2026-10-16,금,병해충 방제,,"저온·서리 주의(가을재배 생육기), 병해충 방제 철저 / 덩이줄기 비대기: 칼슘 부족 상태에서 급성장 시 중심공동(속 빈 증상) 발생 주의"
가을재배,2026-10-17,토,병해충 방제,,"저온·서리 주의(가을재배 생육기), 병해충 방제 철저 / 덩이줄기 비대기: 칼슘 부족 상태에서 급성장 시 중심공동(속 빈 증상) 발생 주의"
가을재배,2026-10-18,일,병해충 방제,,"저온·서리 주의(가을재배 생육기), 병해충 방제 철저 / 덩이줄기 비대기: 칼슘 부족 상태에서 급성장 시 중심공동(속 빈 증상) 발생 주의"
가을재배,2026-10-19,월,병해충 방제,,"저온·서리 주의(가을재배 생육기), 병해충 방제 철저 / 덩이줄기 비대기: 칼슘 부족 상태에서 급성장 시 중심공동(속 빈 증상) 발생 주의"
가을재배,2026-10-20,화,병해충 방제,,"저온·서리 주의(가을재배 생육기), 병해충 방제 철저 / 덩이줄기 비대기: 칼슘 부족 상태에서 급성장 시 중심공동(속 빈 증상) 발생 주의"
가을재배,2026-10-21,수,병해충 방제,,"저온·서리 주의(가을재배 생육기), 병해충 방제 철저 / 덩이줄기 비대기: 칼슘 부족 상태에서 급성장 시 중심공동(속 빈 증상) 발생 주의"
가을재배,2026-10-22,목,병해충 방제,,"저온·서리 주의(가을재배 생육기), 병해충 방제 철저 / 덩이줄기 비대기: 칼슘 부족 상태에서 급성장 시 중심공동(속 빈 증상) 발생 주의"
가을재배,2026-10-23,금,병해충 방제,,"저온·서리 주의(가을재배 생육기), 병해충 방제 철저 / 덩이줄기 비대기: 칼슘 부족 상태에서 급성장 시 중심공동(속 빈 증상) 발생 주의"
가을재배,2026-10-24,토,병해충 방제,,"저온·서리 주의(가을재배 생육기), 병해충 방제 철저 / 덩이줄기 비대기: 칼슘 부족 상태에서 급성장 시 중심공동(속 빈 증상) 발생 주의"
가을재배,2026-10-25,일,병해충 방제,,"저온·서리 주의(가을재배 생육기), 병해충 방제 철저 / 덩이줄기 비대기: 칼슘 부족 상태에서 급성장 시 중심공동(속 빈 증상) 발생 주의"
가을재배,2026-10-26,월,병해충 방제,,"저온·서리 주의(가을재배 생육기), 병해충 방제 철저 / 덩이줄기 비대기: 칼슘 부족 상태에서 급성장 시 중심공동(속 빈 증상) 발생 주의"
가을재배,2026-10-27,화,병해충 방제,,"저온·서리 주의(가을재배 생육기), 병해충 방제 철저 / 덩이줄기 비대기: 칼슘 부족 상태에서 급성장 시 중심공동(속 빈 증상) 발생 주의"
가을재배,2026-10-28,수,병해충 방제,,"저온·서리 주의(가을재배 생육기), 병해충 방제 철저 / 덩이줄기 비대기: 칼슘 부족 상태에서 급성장 시 중심공동(속 빈 증상) 발생 주의"
가을재배,2026-10-29,목,병해충 방제,,"저온·서리 주의(가을재배 생육기), 병해충 방제 철저 / 덩이줄기 비대기: 칼슘 부족 상태에서 급성장 시 중심공동(속 빈 증상) 발생 주의"
가을재배,2026-10-30,금,병해충 방제,,"저온·서리 주의(가을재배 생육기), 병해충 방제 철저 / 덩이줄기 비대기: 칼슘 부족 상태에서 급성장 시 중심공동(속 빈 증상) 발생 주의"
가을재배,2026-10-31,토,병해충 방제,,"저온·서리 주의(가을재배 생육기), 병해충 방제 철저 / 덩이줄기 비대기: 칼슘 부족 상태에서 급성장 시 중심공동(속 빈 증상) 발생 주의"
가을재배,2026-11-01,일,수확,,"저온·서리로 수량감소·동해 우려, 겨울시설재배 파종 준비 / 수확 시 마찰·고온으로 열개(표면 갈라짐) 발생 가능 — 온도 높으면 서둘러 수확"
가을재배,2026-11-02,월,수확,,"저온·서리로 수량감소·동해 우려, 겨울시설재배 파종 준비 / 수확 시 마찰·고온으로 열개(표면 갈라짐) 발생 가능 — 온도 높으면 서둘러 수확"
가을재배,2026-11-03,화,수확,,"저온·서리로 수량감소·동해 우려, 겨울시설재배 파종 준비 / 수확 시 마찰·고온으로 열개(표면 갈라짐) 발생 가능 — 온도 높으면 서둘러 수확"
가을재배,2026-11-04,수,수확,,"저온·서리로 수량감소·동해 우려, 겨울시설재배 파종 준비 / 수확 시 마찰·고온으로 열개(표면 갈라짐) 발생 가능 — 온도 높으면 서둘러 수확"
가을재배,2026-11-05,목,수확,,"저온·서리로 수량감소·동해 우려, 겨울시설재배 파종 준비 / 수확 시 마찰·고온으로 열개(표면 갈라짐) 발생 가능 — 온도 높으면 서둘러 수확"
가을재배,2026-11-06,금,수확,,"저온·서리로 수량감소·동해 우려, 겨울시설재배 파종 준비 / 수확 시 마찰·고온으로 열개(표면 갈라짐) 발생 가능 — 온도 높으면 서둘러 수확"
가을재배,2026-11-07,토,수확,,"저온·서리로 수량감소·동해 우려, 겨울시설재배 파종 준비 / 수확 시 마찰·고온으로 열개(표면 갈라짐) 발생 가능 — 온도 높으면 서둘러 수확"
가을재배,2026-11-08,일,수확,,"저온·서리로 수량감소·동해 우려, 겨울시설재배 파종 준비 / 수확 시 마찰·고온으로 열개(표면 갈라짐) 발생 가능 — 온도 높으면 서둘러 수확"
가을재배,2026-11-09,월,수확,,"저온·서리로 수량감소·동해 우려, 겨울시설재배 파종 준비 / 수확 시 마찰·고온으로 열개(표면 갈라짐) 발생 가능 — 온도 높으면 서둘러 수확"
가을재배,2026-11-10,화,수확,,"저온·서리로 수량감소·동해 우려, 겨울시설재배 파종 준비 / 수확 시 마찰·고온으로 열개(표면 갈라짐) 발생 가능 — 온도 높으면 서둘러 수확"
가을재배,2026-11-11,수,수확,,"저온·서리로 수량감소·동해 우려, 겨울시설재배 파종 준비 / 수확 시 마찰·고온으로 열개(표면 갈라짐) 발생 가능 — 온도 높으면 서둘러 수확"
가을재배,2026-11-12,목,수확,,"저온·서리로 수량감소·동해 우려, 겨울시설재배 파종 준비 / 수확 시 마찰·고온으로 열개(표면 갈라짐) 발생 가능 — 온도 높으면 서둘러 수확"
가을재배,2026-11-13,금,수확,,"저온·서리로 수량감소·동해 우려, 겨울시설재배 파종 준비 / 수확 시 마찰·고온으로 열개(표면 갈라짐) 발생 가능 — 온도 높으면 서둘러 수확"
가을재배,2026-11-14,토,수확,,"저온·서리로 수량감소·동해 우려, 겨울시설재배 파종 준비 / 수확 시 마찰·고온으로 열개(표면 갈라짐) 발생 가능 — 온도 높으면 서둘러 수확"
가을재배,2026-11-15,일,수확,,"저온·서리로 수량감소·동해 우려, 겨울시설재배 파종 준비 / 수확 시 마찰·고온으로 열개(표면 갈라짐) 발생 가능 — 온도 높으면 서둘러 수확"
가을재배,2026-11-16,월,수확,,"저온·서리로 수량감소·동해 우려, 겨울시설재배 파종 준비 / 수확 시 마찰·고온으로 열개(표면 갈라짐) 발생 가능 — 온도 높으면 서둘러 수확"
가을재배,2026-11-17,화,수확,,"저온·서리로 수량감소·동해 우려, 겨울시설재배 파종 준비 / 수확 시 마찰·고온으로 열개(표면 갈라짐) 발생 가능 — 온도 높으면 서둘러 수확"
가을재배,2026-11-18,수,수확,,"저온·서리로 수량감소·동해 우려, 겨울시설재배 파종 준비 / 수확 시 마찰·고온으로 열개(표면 갈라짐) 발생 가능 — 온도 높으면 서둘러 수확"
가을재배,2026-11-19,목,수확,,"저온·서리로 수량감소·동해 우려, 겨울시설재배 파종 준비 / 수확 시 마찰·고온으로 열개(표면 갈라짐) 발생 가능 — 온도 높으면 서둘러 수확"
가을재배,2026-11-20,금,수확,,"저온·서리로 수량감소·동해 우려, 겨울시설재배 파종 준비 / 수확 시 마찰·고온으로 열개(표면 갈라짐) 발생 가능 — 온도 높으면 서둘러 수확"
가을재배,2026-11-21,토,수확,,"저온·서리로 수량감소·동해 우려, 겨울시설재배 파종 준비 / 수확 시 마찰·고온으로 열개(표면 갈라짐) 발생 가능 — 온도 높으면 서둘러 수확"
가을재배,2026-11-22,일,수확,,"저온·서리로 수량감소·동해 우려, 겨울시설재배 파종 준비 / 수확 시 마찰·고온으로 열개(표면 갈라짐) 발생 가능 — 온도 높으면 서둘러 수확"
가을재배,2026-11-23,월,수확,,"저온·서리로 수량감소·동해 우려, 겨울시설재배 파종 준비 / 수확 시 마찰·고온으로 열개(표면 갈라짐) 발생 가능 — 온도 높으면 서둘러 수확"
가을재배,2026-11-24,화,수확,,"저온·서리로 수량감소·동해 우려, 겨울시설재배 파종 준비 / 수확 시 마찰·고온으로 열개(표면 갈라짐) 발생 가능 — 온도 높으면 서둘러 수확"
가을재배,2026-11-25,수,수확,,"저온·서리로 수량감소·동해 우려, 겨울시설재배 파종 준비 / 수확 시 마찰·고온으로 열개(표면 갈라짐) 발생 가능 — 온도 높으면 서둘러 수확"
가을재배,2026-11-26,목,수확,,"저온·서리로 수량감소·동해 우려, 겨울시설재배 파종 준비 / 수확 시 마찰·고온으로 열개(표면 갈라짐) 발생 가능 — 온도 높으면 서둘러 수확"
가을재배,2026-11-27,금,수확,,"저온·서리로 수량감소·동해 우려, 겨울시설재배 파종 준비 / 수확 시 마찰·고온으로 열개(표면 갈라짐) 발생 가능 — 온도 높으면 서둘러 수확"
가을재배,2026-11-28,토,수확,,"저온·서리로 수량감소·동해 우려, 겨울시설재배 파종 준비 / 수확 시 마찰·고온으로 열개(표면 갈라짐) 발생 가능 — 온도 높으면 서둘러 수확"
가을재배,2026-11-29,일,수확,,"저온·서리로 수량감소·동해 우려, 겨울시설재배 파종 준비 / 수확 시 마찰·고온으로 열개(표면 갈라짐) 발생 가능 — 온도 높으면 서둘러 수확"
가을재배,2026-11-30,월,수확,,"저온·서리로 수량감소·동해 우려, 겨울시설재배 파종 준비 / 수확 시 마찰·고온으로 열개(표면 갈라짐) 발생 가능 — 온도 높으면 서둘러 수확"
가을재배,2026-12-01,화,예비저장,적정온도 12~18℃·습도 80~85%. 빛이 들지 않고 통풍 잘되는 서늘한 곳에 얇게 펴서 10~14일간 말려요.,"시설 보온 관리, 저장 중인 감자는 저온(3~4℃) 유지 및 주기적 환기 / 저온→고온 급변 또는 고온 밀폐 저장 시 흑색심부(내부 흑변) 주의"
가을재배,2026-12-02,수,예비저장,적정온도 12~18℃·습도 80~85%. 빛이 들지 않고 통풍 잘되는 서늘한 곳에 얇게 펴서 10~14일간 말려요.,"시설 보온 관리, 저장 중인 감자는 저온(3~4℃) 유지 및 주기적 환기 / 저온→고온 급변 또는 고온 밀폐 저장 시 흑색심부(내부 흑변) 주의"
가을재배,2026-12-03,목,예비저장,적정온도 12~18℃·습도 80~85%. 빛이 들지 않고 통풍 잘되는 서늘한 곳에 얇게 펴서 10~14일간 말려요.,"시설 보온 관리, 저장 중인 감자는 저온(3~4℃) 유지 및 주기적 환기 / 저온→고온 급변 또는 고온 밀폐 저장 시 흑색심부(내부 흑변) 주의"
가을재배,2026-12-04,금,예비저장,적정온도 12~18℃·습도 80~85%. 빛이 들지 않고 통풍 잘되는 서늘한 곳에 얇게 펴서 10~14일간 말려요.,"시설 보온 관리, 저장 중인 감자는 저온(3~4℃) 유지 및 주기적 환기 / 저온→고온 급변 또는 고온 밀폐 저장 시 흑색심부(내부 흑변) 주의"
가을재배,2026-12-05,토,예비저장,적정온도 12~18℃·습도 80~85%. 빛이 들지 않고 통풍 잘되는 서늘한 곳에 얇게 펴서 10~14일간 말려요.,"시설 보온 관리, 저장 중인 감자는 저온(3~4℃) 유지 및 주기적 환기 / 저온→고온 급변 또는 고온 밀폐 저장 시 흑색심부(내부 흑변) 주의"
가을재배,2026-12-06,일,예비저장,적정온도 12~18℃·습도 80~85%. 빛이 들지 않고 통풍 잘되는 서늘한 곳에 얇게 펴서 10~14일간 말려요.,"시설 보온 관리, 저장 중인 감자는 저온(3~4℃) 유지 및 주기적 환기 / 저온→고온 급변 또는 고온 밀폐 저장 시 흑색심부(내부 흑변) 주의"
가을재배,2026-12-07,월,예비저장,적정온도 12~18℃·습도 80~85%. 빛이 들지 않고 통풍 잘되는 서늘한 곳에 얇게 펴서 10~14일간 말려요.,"시설 보온 관리, 저장 중인 감자는 저온(3~4℃) 유지 및 주기적 환기 / 저온→고온 급변 또는 고온 밀폐 저장 시 흑색심부(내부 흑변) 주의"
가을재배,2026-12-08,화,예비저장,적정온도 12~18℃·습도 80~85%. 빛이 들지 않고 통풍 잘되는 서늘한 곳에 얇게 펴서 10~14일간 말려요.,"시설 보온 관리, 저장 중인 감자는 저온(3~4℃) 유지 및 주기적 환기 / 저온→고온 급변 또는 고온 밀폐 저장 시 흑색심부(내부 흑변) 주의"
가을재배,2026-12-09,수,예비저장,적정온도 12~18℃·습도 80~85%. 빛이 들지 않고 통풍 잘되는 서늘한 곳에 얇게 펴서 10~14일간 말려요.,"시설 보온 관리, 저장 중인 감자는 저온(3~4℃) 유지 및 주기적 환기 / 저온→고온 급변 또는 고온 밀폐 저장 시 흑색심부(내부 흑변) 주의"
가을재배,2026-12-10,목,예비저장,적정온도 12~18℃·습도 80~85%. 빛이 들지 않고 통풍 잘되는 서늘한 곳에 얇게 펴서 10~14일간 말려요.,"시설 보온 관리, 저장 중인 감자는 저온(3~4℃) 유지 및 주기적 환기 / 저온→고온 급변 또는 고온 밀폐 저장 시 흑색심부(내부 흑변) 주의"
가을재배,2026-12-11,금,예비저장,적정온도 12~18℃·습도 80~85%. 빛이 들지 않고 통풍 잘되는 서늘한 곳에 얇게 펴서 10~14일간 말려요.,"시설 보온 관리, 저장 중인 감자는 저온(3~4℃) 유지 및 주기적 환기 / 저온→고온 급변 또는 고온 밀폐 저장 시 흑색심부(내부 흑변) 주의"
가을재배,2026-12-12,토,예비저장,적정온도 12~18℃·습도 80~85%. 빛이 들지 않고 통풍 잘되는 서늘한 곳에 얇게 펴서 10~14일간 말려요.,"시설 보온 관리, 저장 중인 감자는 저온(3~4℃) 유지 및 주기적 환기 / 저온→고온 급변 또는 고온 밀폐 저장 시 흑색심부(내부 흑변) 주의"
가을재배,2026-12-13,일,예비저장,적정온도 12~18℃·습도 80~85%. 빛이 들지 않고 통풍 잘되는 서늘한 곳에 얇게 펴서 10~14일간 말려요.,"시설 보온 관리, 저장 중인 감자는 저온(3~4℃) 유지 및 주기적 환기 / 저온→고온 급변 또는 고온 밀폐 저장 시 흑색심부(내부 흑변) 주의"
가을재배,2026-12-14,월,예비저장,적정온도 12~18℃·습도 80~85%. 빛이 들지 않고 통풍 잘되는 서늘한 곳에 얇게 펴서 10~14일간 말려요.,"시설 보온 관리, 저장 중인 감자는 저온(3~4℃) 유지 및 주기적 환기 / 저온→고온 급변 또는 고온 밀폐 저장 시 흑색심부(내부 흑변) 주의"
가을재배,2026-12-15,화,본저장,적정온도 3~4℃(가공용 8~10℃)·습도 80~85% 유지. 장기 저장 시 4℃ 유지 및 주기적 환기가 필요해요.,"시설 보온 관리, 저장 중인 감자는 저온(3~4℃) 유지 및 주기적 환기 / 저온→고온 급변 또는 고온 밀폐 저장 시 흑색심부(내부 흑변) 주의"
가을재배,2026-12-16,수,본저장,적정온도 3~4℃(가공용 8~10℃)·습도 80~85% 유지. 장기 저장 시 4℃ 유지 및 주기적 환기가 필요해요.,"시설 보온 관리, 저장 중인 감자는 저온(3~4℃) 유지 및 주기적 환기 / 저온→고온 급변 또는 고온 밀폐 저장 시 흑색심부(내부 흑변) 주의"
가을재배,2026-12-17,목,본저장,적정온도 3~4℃(가공용 8~10℃)·습도 80~85% 유지. 장기 저장 시 4℃ 유지 및 주기적 환기가 필요해요.,"시설 보온 관리, 저장 중인 감자는 저온(3~4℃) 유지 및 주기적 환기 / 저온→고온 급변 또는 고온 밀폐 저장 시 흑색심부(내부 흑변) 주의"
가을재배,2026-12-18,금,본저장,적정온도 3~4℃(가공용 8~10℃)·습도 80~85% 유지. 장기 저장 시 4℃ 유지 및 주기적 환기가 필요해요.,"시설 보온 관리, 저장 중인 감자는 저온(3~4℃) 유지 및 주기적 환기 / 저온→고온 급변 또는 고온 밀폐 저장 시 흑색심부(내부 흑변) 주의"
가을재배,2026-12-19,토,본저장,적정온도 3~4℃(가공용 8~10℃)·습도 80~85% 유지. 장기 저장 시 4℃ 유지 및 주기적 환기가 필요해요.,"시설 보온 관리, 저장 중인 감자는 저온(3~4℃) 유지 및 주기적 환기 / 저온→고온 급변 또는 고온 밀폐 저장 시 흑색심부(내부 흑변) 주의"
가을재배,2026-12-20,일,본저장,적정온도 3~4℃(가공용 8~10℃)·습도 80~85% 유지. 장기 저장 시 4℃ 유지 및 주기적 환기가 필요해요.,"시설 보온 관리, 저장 중인 감자는 저온(3~4℃) 유지 및 주기적 환기 / 저온→고온 급변 또는 고온 밀폐 저장 시 흑색심부(내부 흑변) 주의"
가을재배,2026-12-21,월,본저장,적정온도 3~4℃(가공용 8~10℃)·습도 80~85% 유지. 장기 저장 시 4℃ 유지 및 주기적 환기가 필요해요.,"시설 보온 관리, 저장 중인 감자는 저온(3~4℃) 유지 및 주기적 환기 / 저온→고온 급변 또는 고온 밀폐 저장 시 흑색심부(내부 흑변) 주의"
가을재배,2026-12-22,화,본저장,적정온도 3~4℃(가공용 8~10℃)·습도 80~85% 유지. 장기 저장 시 4℃ 유지 및 주기적 환기가 필요해요.,"시설 보온 관리, 저장 중인 감자는 저온(3~4℃) 유지 및 주기적 환기 / 저온→고온 급변 또는 고온 밀폐 저장 시 흑색심부(내부 흑변) 주의"
가을재배,2026-12-23,수,본저장,적정온도 3~4℃(가공용 8~10℃)·습도 80~85% 유지. 장기 저장 시 4℃ 유지 및 주기적 환기가 필요해요.,"시설 보온 관리, 저장 중인 감자는 저온(3~4℃) 유지 및 주기적 환기 / 저온→고온 급변 또는 고온 밀폐 저장 시 흑색심부(내부 흑변) 주의"
가을재배,2026-12-24,목,본저장,적정온도 3~4℃(가공용 8~10℃)·습도 80~85% 유지. 장기 저장 시 4℃ 유지 및 주기적 환기가 필요해요.,"시설 보온 관리, 저장 중인 감자는 저온(3~4℃) 유지 및 주기적 환기 / 저온→고온 급변 또는 고온 밀폐 저장 시 흑색심부(내부 흑변) 주의"
가을재배,2026-12-25,금,본저장,적정온도 3~4℃(가공용 8~10℃)·습도 80~85% 유지. 장기 저장 시 4℃ 유지 및 주기적 환기가 필요해요.,"시설 보온 관리, 저장 중인 감자는 저온(3~4℃) 유지 및 주기적 환기 / 저온→고온 급변 또는 고온 밀폐 저장 시 흑색심부(내부 흑변) 주의"
가을재배,2026-12-26,토,본저장,적정온도 3~4℃(가공용 8~10℃)·습도 80~85% 유지. 장기 저장 시 4℃ 유지 및 주기적 환기가 필요해요.,"시설 보온 관리, 저장 중인 감자는 저온(3~4℃) 유지 및 주기적 환기 / 저온→고온 급변 또는 고온 밀폐 저장 시 흑색심부(내부 흑변) 주의"
가을재배,2026-12-27,일,본저장,적정온도 3~4℃(가공용 8~10℃)·습도 80~85% 유지. 장기 저장 시 4℃ 유지 및 주기적 환기가 필요해요.,"시설 보온 관리, 저장 중인 감자는 저온(3~4℃) 유지 및 주기적 환기 / 저온→고온 급변 또는 고온 밀폐 저장 시 흑색심부(내부 흑변) 주의"
가을재배,2026-12-28,월,본저장,적정온도 3~4℃(가공용 8~10℃)·습도 80~85% 유지. 장기 저장 시 4℃ 유지 및 주기적 환기가 필요해요.,"시설 보온 관리, 저장 중인 감자는 저온(3~4℃) 유지 및 주기적 환기 / 저온→고온 급변 또는 고온 밀폐 저장 시 흑색심부(내부 흑변) 주의"
가을재배,2026-12-29,화,본저장,적정온도 3~4℃(가공용 8~10℃)·습도 80~85% 유지. 장기 저장 시 4℃ 유지 및 주기적 환기가 필요해요.,"시설 보온 관리, 저장 중인 감자는 저온(3~4℃) 유지 및 주기적 환기 / 저온→고온 급변 또는 고온 밀폐 저장 시 흑색심부(내부 흑변) 주의"
가을재배,2026-12-30,수,본저장,적정온도 3~4℃(가공용 8~10℃)·습도 80~85% 유지. 장기 저장 시 4℃ 유지 및 주기적 환기가 필요해요.,"시설 보온 관리, 저장 중인 감자는 저온(3~4℃) 유지 및 주기적 환기 / 저온→고온 급변 또는 고온 밀폐 저장 시 흑색심부(내부 흑변) 주의"
가을재배,2026-12-31,목,본저장,적정온도 3~4℃(가공용 8~10℃)·습도 80~85% 유지. 장기 저장 시 4℃ 유지 및 주기적 환기가 필요해요.,"시설 보온 관리, 저장 중인 감자는 저온(3~4℃) 유지 및 주기적 환기 / 저온→고온 급변 또는 고온 밀폐 저장 시 흑색심부(내부 흑변) 주의"
가을재배,2027-01-01,금,본저장,적정온도 3~4℃(가공용 8~10℃)·습도 80~85% 유지. 장기 저장 시 4℃ 유지 및 주기적 환기가 필요해요.,"시설재배 저온 관리 필요(보온), 씨감자 싹틔움상 적정온도(18~25℃) 유지 / 저온→고온 급변 또는 고온 밀폐 저장 시 흑색심부(내부 흑변) 주의"
가을재배,2027-01-02,토,본저장,적정온도 3~4℃(가공용 8~10℃)·습도 80~85% 유지. 장기 저장 시 4℃ 유지 및 주기적 환기가 필요해요.,"시설재배 저온 관리 필요(보온), 씨감자 싹틔움상 적정온도(18~25℃) 유지 / 저온→고온 급변 또는 고온 밀폐 저장 시 흑색심부(내부 흑변) 주의"
가을재배,2027-01-03,일,본저장,적정온도 3~4℃(가공용 8~10℃)·습도 80~85% 유지. 장기 저장 시 4℃ 유지 및 주기적 환기가 필요해요.,"시설재배 저온 관리 필요(보온), 씨감자 싹틔움상 적정온도(18~25℃) 유지 / 저온→고온 급변 또는 고온 밀폐 저장 시 흑색심부(내부 흑변) 주의"
가을재배,2027-01-04,월,본저장,적정온도 3~4℃(가공용 8~10℃)·습도 80~85% 유지. 장기 저장 시 4℃ 유지 및 주기적 환기가 필요해요.,"시설재배 저온 관리 필요(보온), 씨감자 싹틔움상 적정온도(18~25℃) 유지 / 저온→고온 급변 또는 고온 밀폐 저장 시 흑색심부(내부 흑변) 주의"
가을재배,2027-01-05,화,본저장,적정온도 3~4℃(가공용 8~10℃)·습도 80~85% 유지. 장기 저장 시 4℃ 유지 및 주기적 환기가 필요해요.,"시설재배 저온 관리 필요(보온), 씨감자 싹틔움상 적정온도(18~25℃) 유지 / 저온→고온 급변 또는 고온 밀폐 저장 시 흑색심부(내부 흑변) 주의"
가을재배,2027-01-06,수,본저장,적정온도 3~4℃(가공용 8~10℃)·습도 80~85% 유지. 장기 저장 시 4℃ 유지 및 주기적 환기가 필요해요.,"시설재배 저온 관리 필요(보온), 씨감자 싹틔움상 적정온도(18~25℃) 유지 / 저온→고온 급변 또는 고온 밀폐 저장 시 흑색심부(내부 흑변) 주의"
가을재배,2027-01-07,목,본저장,적정온도 3~4℃(가공용 8~10℃)·습도 80~85% 유지. 장기 저장 시 4℃ 유지 및 주기적 환기가 필요해요.,"시설재배 저온 관리 필요(보온), 씨감자 싹틔움상 적정온도(18~25℃) 유지 / 저온→고온 급변 또는 고온 밀폐 저장 시 흑색심부(내부 흑변) 주의"
가을재배,2027-01-08,금,본저장,적정온도 3~4℃(가공용 8~10℃)·습도 80~85% 유지. 장기 저장 시 4℃ 유지 및 주기적 환기가 필요해요.,"시설재배 저온 관리 필요(보온), 씨감자 싹틔움상 적정온도(18~25℃) 유지 / 저온→고온 급변 또는 고온 밀폐 저장 시 흑색심부(내부 흑변) 주의"
가을재배,2027-01-09,토,본저장,적정온도 3~4℃(가공용 8~10℃)·습도 80~85% 유지. 장기 저장 시 4℃ 유지 및 주기적 환기가 필요해요.,"시설재배 저온 관리 필요(보온), 씨감자 싹틔움상 적정온도(18~25℃) 유지 / 저온→고온 급변 또는 고온 밀폐 저장 시 흑색심부(내부 흑변) 주의"
가을재배,2027-01-10,일,본저장,적정온도 3~4℃(가공용 8~10℃)·습도 80~85% 유지. 장기 저장 시 4℃ 유지 및 주기적 환기가 필요해요.,"시설재배 저온 관리 필요(보온), 씨감자 싹틔움상 적정온도(18~25℃) 유지 / 저온→고온 급변 또는 고온 밀폐 저장 시 흑색심부(내부 흑변) 주의"
가을재배,2027-01-11,월,본저장,적정온도 3~4℃(가공용 8~10℃)·습도 80~85% 유지. 장기 저장 시 4℃ 유지 및 주기적 환기가 필요해요.,"시설재배 저온 관리 필요(보온), 씨감자 싹틔움상 적정온도(18~25℃) 유지 / 저온→고온 급변 또는 고온 밀폐 저장 시 흑색심부(내부 흑변) 주의"
가을재배,2027-01-12,화,본저장,적정온도 3~4℃(가공용 8~10℃)·습도 80~85% 유지. 장기 저장 시 4℃ 유지 및 주기적 환기가 필요해요.,"시설재배 저온 관리 필요(보온), 씨감자 싹틔움상 적정온도(18~25℃) 유지 / 저온→고온 급변 또는 고온 밀폐 저장 시 흑색심부(내부 흑변) 주의"
가을재배,2027-01-13,수,본저장,적정온도 3~4℃(가공용 8~10℃)·습도 80~85% 유지. 장기 저장 시 4℃ 유지 및 주기적 환기가 필요해요.,"시설재배 저온 관리 필요(보온), 씨감자 싹틔움상 적정온도(18~25℃) 유지 / 저온→고온 급변 또는 고온 밀폐 저장 시 흑색심부(내부 흑변) 주의"
겨울(시설)재배,2026-11-21,토,파종,시설 안에서 심어요.,"저온·서리로 수량감소·동해 우려, 겨울시설재배 파종 준비"
겨울(시설)재배,2026-11-22,일,파종,시설 안에서 심어요.,"저온·서리로 수량감소·동해 우려, 겨울시설재배 파종 준비"
겨울(시설)재배,2026-11-23,월,파종,시설 안에서 심어요.,"저온·서리로 수량감소·동해 우려, 겨울시설재배 파종 준비"
겨울(시설)재배,2026-11-24,화,파종,시설 안에서 심어요.,"저온·서리로 수량감소·동해 우려, 겨울시설재배 파종 준비"
겨울(시설)재배,2026-11-25,수,파종,시설 안에서 심어요.,"저온·서리로 수량감소·동해 우려, 겨울시설재배 파종 준비"
겨울(시설)재배,2026-11-26,목,파종,시설 안에서 심어요.,"저온·서리로 수량감소·동해 우려, 겨울시설재배 파종 준비"
겨울(시설)재배,2026-11-27,금,파종,시설 안에서 심어요.,"저온·서리로 수량감소·동해 우려, 겨울시설재배 파종 준비"
겨울(시설)재배,2026-11-28,토,파종,시설 안에서 심어요.,"저온·서리로 수량감소·동해 우려, 겨울시설재배 파종 준비"
겨울(시설)재배,2026-11-29,일,파종,시설 안에서 심어요.,"저온·서리로 수량감소·동해 우려, 겨울시설재배 파종 준비"
겨울(시설)재배,2026-11-30,월,파종,시설 안에서 심어요.,"저온·서리로 수량감소·동해 우려, 겨울시설재배 파종 준비"
겨울(시설)재배,2026-12-01,화,파종 · 시설 보온 & 관수,시설 안에서 심어요. / 보온·물 관리가 핵심.,"시설 보온 관리, 저장 중인 감자는 저온(3~4℃) 유지 및 주기적 환기"
겨울(시설)재배,2026-12-02,수,파종 · 시설 보온 & 관수,시설 안에서 심어요. / 보온·물 관리가 핵심.,"시설 보온 관리, 저장 중인 감자는 저온(3~4℃) 유지 및 주기적 환기"
겨울(시설)재배,2026-12-03,목,파종 · 시설 보온 & 관수,시설 안에서 심어요. / 보온·물 관리가 핵심.,"시설 보온 관리, 저장 중인 감자는 저온(3~4℃) 유지 및 주기적 환기"
겨울(시설)재배,2026-12-04,금,파종 · 시설 보온 & 관수,시설 안에서 심어요. / 보온·물 관리가 핵심.,"시설 보온 관리, 저장 중인 감자는 저온(3~4℃) 유지 및 주기적 환기"
겨울(시설)재배,2026-12-05,토,파종 · 시설 보온 & 관수,시설 안에서 심어요. / 보온·물 관리가 핵심.,"시설 보온 관리, 저장 중인 감자는 저온(3~4℃) 유지 및 주기적 환기"
겨울(시설)재배,2026-12-06,일,파종 · 시설 보온 & 관수,시설 안에서 심어요. / 보온·물 관리가 핵심.,"시설 보온 관리, 저장 중인 감자는 저온(3~4℃) 유지 및 주기적 환기"
겨울(시설)재배,2026-12-07,월,파종 · 시설 보온 & 관수,시설 안에서 심어요. / 보온·물 관리가 핵심.,"시설 보온 관리, 저장 중인 감자는 저온(3~4℃) 유지 및 주기적 환기"
겨울(시설)재배,2026-12-08,화,파종 · 시설 보온 & 관수,시설 안에서 심어요. / 보온·물 관리가 핵심.,"시설 보온 관리, 저장 중인 감자는 저온(3~4℃) 유지 및 주기적 환기"
겨울(시설)재배,2026-12-09,수,파종 · 시설 보온 & 관수,시설 안에서 심어요. / 보온·물 관리가 핵심.,"시설 보온 관리, 저장 중인 감자는 저온(3~4℃) 유지 및 주기적 환기"
겨울(시설)재배,2026-12-10,목,파종 · 시설 보온 & 관수,시설 안에서 심어요. / 보온·물 관리가 핵심.,"시설 보온 관리, 저장 중인 감자는 저온(3~4℃) 유지 및 주기적 환기"
겨울(시설)재배,2026-12-11,금,파종 · 시설 보온 & 관수,시설 안에서 심어요. / 보온·물 관리가 핵심.,"시설 보온 관리, 저장 중인 감자는 저온(3~4℃) 유지 및 주기적 환기"
겨울(시설)재배,2026-12-12,토,파종 · 시설 보온 & 관수,시설 안에서 심어요. / 보온·물 관리가 핵심.,"시설 보온 관리, 저장 중인 감자는 저온(3~4℃) 유지 및 주기적 환기"
겨울(시설)재배,2026-12-13,일,파종 · 시설 보온 & 관수,시설 안에서 심어요. / 보온·물 관리가 핵심.,"시설 보온 관리, 저장 중인 감자는 저온(3~4℃) 유지 및 주기적 환기"
겨울(시설)재배,2026-12-14,월,파종 · 시설 보온 & 관수,시설 안에서 심어요. / 보온·물 관리가 핵심.,"시설 보온 관리, 저장 중인 감자는 저온(3~4℃) 유지 및 주기적 환기"
겨울(시설)재배,2026-12-15,화,파종 · 시설 보온 & 관수,시설 안에서 심어요. / 보온·물 관리가 핵심.,"시설 보온 관리, 저장 중인 감자는 저온(3~4℃) 유지 및 주기적 환기"
겨울(시설)재배,2026-12-16,수,파종 · 시설 보온 & 관수,시설 안에서 심어요. / 보온·물 관리가 핵심.,"시설 보온 관리, 저장 중인 감자는 저온(3~4℃) 유지 및 주기적 환기"
겨울(시설)재배,2026-12-17,목,파종 · 시설 보온 & 관수,시설 안에서 심어요. / 보온·물 관리가 핵심.,"시설 보온 관리, 저장 중인 감자는 저온(3~4℃) 유지 및 주기적 환기"
겨울(시설)재배,2026-12-18,금,파종 · 시설 보온 & 관수,시설 안에서 심어요. / 보온·물 관리가 핵심.,"시설 보온 관리, 저장 중인 감자는 저온(3~4℃) 유지 및 주기적 환기"
겨울(시설)재배,2026-12-19,토,파종 · 시설 보온 & 관수,시설 안에서 심어요. / 보온·물 관리가 핵심.,"시설 보온 관리, 저장 중인 감자는 저온(3~4℃) 유지 및 주기적 환기"
겨울(시설)재배,2026-12-20,일,파종 · 시설 보온 & 관수,시설 안에서 심어요. / 보온·물 관리가 핵심.,"시설 보온 관리, 저장 중인 감자는 저온(3~4℃) 유지 및 주기적 환기"
겨울(시설)재배,2026-12-21,월,파종 · 시설 보온 & 관수,시설 안에서 심어요. / 보온·물 관리가 핵심.,"시설 보온 관리, 저장 중인 감자는 저온(3~4℃) 유지 및 주기적 환기"
겨울(시설)재배,2026-12-22,화,파종 · 시설 보온 & 관수,시설 안에서 심어요. / 보온·물 관리가 핵심.,"시설 보온 관리, 저장 중인 감자는 저온(3~4℃) 유지 및 주기적 환기"
겨울(시설)재배,2026-12-23,수,파종 · 시설 보온 & 관수,시설 안에서 심어요. / 보온·물 관리가 핵심.,"시설 보온 관리, 저장 중인 감자는 저온(3~4℃) 유지 및 주기적 환기"
겨울(시설)재배,2026-12-24,목,파종 · 시설 보온 & 관수,시설 안에서 심어요. / 보온·물 관리가 핵심.,"시설 보온 관리, 저장 중인 감자는 저온(3~4℃) 유지 및 주기적 환기"
겨울(시설)재배,2026-12-25,금,파종 · 시설 보온 & 관수,시설 안에서 심어요. / 보온·물 관리가 핵심.,"시설 보온 관리, 저장 중인 감자는 저온(3~4℃) 유지 및 주기적 환기"
겨울(시설)재배,2026-12-26,토,파종 · 시설 보온 & 관수,시설 안에서 심어요. / 보온·물 관리가 핵심.,"시설 보온 관리, 저장 중인 감자는 저온(3~4℃) 유지 및 주기적 환기"
겨울(시설)재배,2026-12-27,일,파종 · 시설 보온 & 관수,시설 안에서 심어요. / 보온·물 관리가 핵심.,"시설 보온 관리, 저장 중인 감자는 저온(3~4℃) 유지 및 주기적 환기"
겨울(시설)재배,2026-12-28,월,파종 · 시설 보온 & 관수,시설 안에서 심어요. / 보온·물 관리가 핵심.,"시설 보온 관리, 저장 중인 감자는 저온(3~4℃) 유지 및 주기적 환기"
겨울(시설)재배,2026-12-29,화,파종 · 시설 보온 & 관수,시설 안에서 심어요. / 보온·물 관리가 핵심.,"시설 보온 관리, 저장 중인 감자는 저온(3~4℃) 유지 및 주기적 환기"
겨울(시설)재배,2026-12-30,수,파종 · 시설 보온 & 관수,시설 안에서 심어요. / 보온·물 관리가 핵심.,"시설 보온 관리, 저장 중인 감자는 저온(3~4℃) 유지 및 주기적 환기"
겨울(시설)재배,2026-12-31,목,파종 · 시설 보온 & 관수,시설 안에서 심어요. / 보온·물 관리가 핵심.,"시설 보온 관리, 저장 중인 감자는 저온(3~4℃) 유지 및 주기적 환기"
겨울(시설)재배,2027-01-01,금,파종 · 시설 보온 & 관수,시설 안에서 심어요. / 보온·물 관리가 핵심.,"시설재배 저온 관리 필요(보온), 씨감자 싹틔움상 적정온도(18~25℃) 유지"
겨울(시설)재배,2027-01-02,토,파종 · 시설 보온 & 관수,시설 안에서 심어요. / 보온·물 관리가 핵심.,"시설재배 저온 관리 필요(보온), 씨감자 싹틔움상 적정온도(18~25℃) 유지"
겨울(시설)재배,2027-01-03,일,파종 · 시설 보온 & 관수,시설 안에서 심어요. / 보온·물 관리가 핵심.,"시설재배 저온 관리 필요(보온), 씨감자 싹틔움상 적정온도(18~25℃) 유지"
겨울(시설)재배,2027-01-04,월,파종 · 시설 보온 & 관수,시설 안에서 심어요. / 보온·물 관리가 핵심.,"시설재배 저온 관리 필요(보온), 씨감자 싹틔움상 적정온도(18~25℃) 유지"
겨울(시설)재배,2027-01-05,화,파종 · 시설 보온 & 관수,시설 안에서 심어요. / 보온·물 관리가 핵심.,"시설재배 저온 관리 필요(보온), 씨감자 싹틔움상 적정온도(18~25℃) 유지"
겨울(시설)재배,2027-01-06,수,파종 · 시설 보온 & 관수,시설 안에서 심어요. / 보온·물 관리가 핵심.,"시설재배 저온 관리 필요(보온), 씨감자 싹틔움상 적정온도(18~25℃) 유지"
겨울(시설)재배,2027-01-07,목,파종 · 시설 보온 & 관수,시설 안에서 심어요. / 보온·물 관리가 핵심.,"시설재배 저온 관리 필요(보온), 씨감자 싹틔움상 적정온도(18~25℃) 유지"
겨울(시설)재배,2027-01-08,금,파종 · 시설 보온 & 관수,시설 안에서 심어요. / 보온·물 관리가 핵심.,"시설재배 저온 관리 필요(보온), 씨감자 싹틔움상 적정온도(18~25℃) 유지"
겨울(시설)재배,2027-01-09,토,파종 · 시설 보온 & 관수,시설 안에서 심어요. / 보온·물 관리가 핵심.,"시설재배 저온 관리 필요(보온), 씨감자 싹틔움상 적정온도(18~25℃) 유지"
겨울(시설)재배,2027-01-10,일,파종 · 시설 보온 & 관수,시설 안에서 심어요. / 보온·물 관리가 핵심.,"시설재배 저온 관리 필요(보온), 씨감자 싹틔움상 적정온도(18~25℃) 유지"
겨울(시설)재배,2027-01-11,월,파종 · 시설 보온 & 관수,시설 안에서 심어요. / 보온·물 관리가 핵심.,"시설재배 저온 관리 필요(보온), 씨감자 싹틔움상 적정온도(18~25℃) 유지"
겨울(시설)재배,2027-01-12,화,파종 · 시설 보온 & 관수,시설 안에서 심어요. / 보온·물 관리가 핵심.,"시설재배 저온 관리 필요(보온), 씨감자 싹틔움상 적정온도(18~25℃) 유지"
겨울(시설)재배,2027-01-13,수,파종 · 시설 보온 & 관수,시설 안에서 심어요. / 보온·물 관리가 핵심.,"시설재배 저온 관리 필요(보온), 씨감자 싹틔움상 적정온도(18~25℃) 유지"
겨울(시설)재배,2027-01-14,목,파종 · 시설 보온 & 관수,시설 안에서 심어요. / 보온·물 관리가 핵심.,"시설재배 저온 관리 필요(보온), 씨감자 싹틔움상 적정온도(18~25℃) 유지"
겨울(시설)재배,2027-01-15,금,파종 · 시설 보온 & 관수,시설 안에서 심어요. / 보온·물 관리가 핵심.,"시설재배 저온 관리 필요(보온), 씨감자 싹틔움상 적정온도(18~25℃) 유지"
겨울(시설)재배,2027-01-16,토,파종 · 시설 보온 & 관수,시설 안에서 심어요. / 보온·물 관리가 핵심.,"시설재배 저온 관리 필요(보온), 씨감자 싹틔움상 적정온도(18~25℃) 유지"
겨울(시설)재배,2027-01-17,일,파종 · 시설 보온 & 관수,시설 안에서 심어요. / 보온·물 관리가 핵심.,"시설재배 저온 관리 필요(보온), 씨감자 싹틔움상 적정온도(18~25℃) 유지"
겨울(시설)재배,2027-01-18,월,파종 · 시설 보온 & 관수,시설 안에서 심어요. / 보온·물 관리가 핵심.,"시설재배 저온 관리 필요(보온), 씨감자 싹틔움상 적정온도(18~25℃) 유지"
겨울(시설)재배,2027-01-19,화,파종 · 시설 보온 & 관수,시설 안에서 심어요. / 보온·물 관리가 핵심.,"시설재배 저온 관리 필요(보온), 씨감자 싹틔움상 적정온도(18~25℃) 유지"
겨울(시설)재배,2027-01-20,수,파종 · 시설 보온 & 관수,시설 안에서 심어요. / 보온·물 관리가 핵심.,"시설재배 저온 관리 필요(보온), 씨감자 싹틔움상 적정온도(18~25℃) 유지"
겨울(시설)재배,2027-01-21,목,시설 보온 & 관수,보온·물 관리가 핵심.,"시설재배 저온 관리 필요(보온), 씨감자 싹틔움상 적정온도(18~25℃) 유지"
겨울(시설)재배,2027-01-22,금,시설 보온 & 관수,보온·물 관리가 핵심.,"시설재배 저온 관리 필요(보온), 씨감자 싹틔움상 적정온도(18~25℃) 유지"
겨울(시설)재배,2027-01-23,토,시설 보온 & 관수,보온·물 관리가 핵심.,"시설재배 저온 관리 필요(보온), 씨감자 싹틔움상 적정온도(18~25℃) 유지"
겨울(시설)재배,2027-01-24,일,시설 보온 & 관수,보온·물 관리가 핵심.,"시설재배 저온 관리 필요(보온), 씨감자 싹틔움상 적정온도(18~25℃) 유지"
겨울(시설)재배,2027-01-25,월,시설 보온 & 관수,보온·물 관리가 핵심.,"시설재배 저온 관리 필요(보온), 씨감자 싹틔움상 적정온도(18~25℃) 유지"
겨울(시설)재배,2027-01-26,화,시설 보온 & 관수,보온·물 관리가 핵심.,"시설재배 저온 관리 필요(보온), 씨감자 싹틔움상 적정온도(18~25℃) 유지"
겨울(시설)재배,2027-01-27,수,시설 보온 & 관수,보온·물 관리가 핵심.,"시설재배 저온 관리 필요(보온), 씨감자 싹틔움상 적정온도(18~25℃) 유지"
겨울(시설)재배,2027-01-28,목,시설 보온 & 관수,보온·물 관리가 핵심.,"시설재배 저온 관리 필요(보온), 씨감자 싹틔움상 적정온도(18~25℃) 유지"
겨울(시설)재배,2027-01-29,금,시설 보온 & 관수,보온·물 관리가 핵심.,"시설재배 저온 관리 필요(보온), 씨감자 싹틔움상 적정온도(18~25℃) 유지"
겨울(시설)재배,2027-01-30,토,시설 보온 & 관수,보온·물 관리가 핵심.,"시설재배 저온 관리 필요(보온), 씨감자 싹틔움상 적정온도(18~25℃) 유지"
겨울(시설)재배,2027-01-31,일,시설 보온 & 관수,보온·물 관리가 핵심.,"시설재배 저온 관리 필요(보온), 씨감자 싹틔움상 적정온도(18~25℃) 유지"
겨울(시설)재배,2027-02-01,월,시설 환기 & 병해충 방제,,"시설 내 고온 환기 필요, 노지 봄재배는 저온·서리로 출현·생육 지연 우려 / 덩이줄기 비대기: 칼슘 부족 상태에서 급성장 시 중심공동(속 빈 증상) 발생 주의"
겨울(시설)재배,2027-02-02,화,시설 환기 & 병해충 방제,,"시설 내 고온 환기 필요, 노지 봄재배는 저온·서리로 출현·생육 지연 우려 / 덩이줄기 비대기: 칼슘 부족 상태에서 급성장 시 중심공동(속 빈 증상) 발생 주의"
겨울(시설)재배,2027-02-03,수,시설 환기 & 병해충 방제,,"시설 내 고온 환기 필요, 노지 봄재배는 저온·서리로 출현·생육 지연 우려 / 덩이줄기 비대기: 칼슘 부족 상태에서 급성장 시 중심공동(속 빈 증상) 발생 주의"
겨울(시설)재배,2027-02-04,목,시설 환기 & 병해충 방제,,"시설 내 고온 환기 필요, 노지 봄재배는 저온·서리로 출현·생육 지연 우려 / 덩이줄기 비대기: 칼슘 부족 상태에서 급성장 시 중심공동(속 빈 증상) 발생 주의"
겨울(시설)재배,2027-02-05,금,시설 환기 & 병해충 방제,,"시설 내 고온 환기 필요, 노지 봄재배는 저온·서리로 출현·생육 지연 우려 / 덩이줄기 비대기: 칼슘 부족 상태에서 급성장 시 중심공동(속 빈 증상) 발생 주의"
겨울(시설)재배,2027-02-06,토,시설 환기 & 병해충 방제,,"시설 내 고온 환기 필요, 노지 봄재배는 저온·서리로 출현·생육 지연 우려 / 덩이줄기 비대기: 칼슘 부족 상태에서 급성장 시 중심공동(속 빈 증상) 발생 주의"
겨울(시설)재배,2027-02-07,일,시설 환기 & 병해충 방제,,"시설 내 고온 환기 필요, 노지 봄재배는 저온·서리로 출현·생육 지연 우려 / 덩이줄기 비대기: 칼슘 부족 상태에서 급성장 시 중심공동(속 빈 증상) 발생 주의"
겨울(시설)재배,2027-02-08,월,시설 환기 & 병해충 방제,,"시설 내 고온 환기 필요, 노지 봄재배는 저온·서리로 출현·생육 지연 우려 / 덩이줄기 비대기: 칼슘 부족 상태에서 급성장 시 중심공동(속 빈 증상) 발생 주의"
겨울(시설)재배,2027-02-09,화,시설 환기 & 병해충 방제,,"시설 내 고온 환기 필요, 노지 봄재배는 저온·서리로 출현·생육 지연 우려 / 덩이줄기 비대기: 칼슘 부족 상태에서 급성장 시 중심공동(속 빈 증상) 발생 주의"
겨울(시설)재배,2027-02-10,수,시설 환기 & 병해충 방제,,"시설 내 고온 환기 필요, 노지 봄재배는 저온·서리로 출현·생육 지연 우려 / 덩이줄기 비대기: 칼슘 부족 상태에서 급성장 시 중심공동(속 빈 증상) 발생 주의"
겨울(시설)재배,2027-02-11,목,시설 환기 & 병해충 방제,,"시설 내 고온 환기 필요, 노지 봄재배는 저온·서리로 출현·생육 지연 우려 / 덩이줄기 비대기: 칼슘 부족 상태에서 급성장 시 중심공동(속 빈 증상) 발생 주의"
겨울(시설)재배,2027-02-12,금,시설 환기 & 병해충 방제,,"시설 내 고온 환기 필요, 노지 봄재배는 저온·서리로 출현·생육 지연 우려 / 덩이줄기 비대기: 칼슘 부족 상태에서 급성장 시 중심공동(속 빈 증상) 발생 주의"
겨울(시설)재배,2027-02-13,토,시설 환기 & 병해충 방제,,"시설 내 고온 환기 필요, 노지 봄재배는 저온·서리로 출현·생육 지연 우려 / 덩이줄기 비대기: 칼슘 부족 상태에서 급성장 시 중심공동(속 빈 증상) 발생 주의"
겨울(시설)재배,2027-02-14,일,시설 환기 & 병해충 방제,,"시설 내 고온 환기 필요, 노지 봄재배는 저온·서리로 출현·생육 지연 우려 / 덩이줄기 비대기: 칼슘 부족 상태에서 급성장 시 중심공동(속 빈 증상) 발생 주의"
겨울(시설)재배,2027-02-15,월,시설 환기 & 병해충 방제,,"시설 내 고온 환기 필요, 노지 봄재배는 저온·서리로 출현·생육 지연 우려 / 덩이줄기 비대기: 칼슘 부족 상태에서 급성장 시 중심공동(속 빈 증상) 발생 주의"
겨울(시설)재배,2027-02-16,화,시설 환기 & 병해충 방제,,"시설 내 고온 환기 필요, 노지 봄재배는 저온·서리로 출현·생육 지연 우려 / 덩이줄기 비대기: 칼슘 부족 상태에서 급성장 시 중심공동(속 빈 증상) 발생 주의"
겨울(시설)재배,2027-02-17,수,시설 환기 & 병해충 방제,,"시설 내 고온 환기 필요, 노지 봄재배는 저온·서리로 출현·생육 지연 우려 / 덩이줄기 비대기: 칼슘 부족 상태에서 급성장 시 중심공동(속 빈 증상) 발생 주의"
겨울(시설)재배,2027-02-18,목,시설 환기 & 병해충 방제,,"시설 내 고온 환기 필요, 노지 봄재배는 저온·서리로 출현·생육 지연 우려 / 덩이줄기 비대기: 칼슘 부족 상태에서 급성장 시 중심공동(속 빈 증상) 발생 주의"
겨울(시설)재배,2027-02-19,금,시설 환기 & 병해충 방제,,"시설 내 고온 환기 필요, 노지 봄재배는 저온·서리로 출현·생육 지연 우려 / 덩이줄기 비대기: 칼슘 부족 상태에서 급성장 시 중심공동(속 빈 증상) 발생 주의"
겨울(시설)재배,2027-02-20,토,시설 환기 & 병해충 방제,,"시설 내 고온 환기 필요, 노지 봄재배는 저온·서리로 출현·생육 지연 우려 / 덩이줄기 비대기: 칼슘 부족 상태에서 급성장 시 중심공동(속 빈 증상) 발생 주의"
겨울(시설)재배,2027-02-21,일,시설 환기 & 병해충 방제,,"시설 내 고온 환기 필요, 노지 봄재배는 저온·서리로 출현·생육 지연 우려 / 덩이줄기 비대기: 칼슘 부족 상태에서 급성장 시 중심공동(속 빈 증상) 발생 주의"
겨울(시설)재배,2027-02-22,월,시설 환기 & 병해충 방제,,"시설 내 고온 환기 필요, 노지 봄재배는 저온·서리로 출현·생육 지연 우려 / 덩이줄기 비대기: 칼슘 부족 상태에서 급성장 시 중심공동(속 빈 증상) 발생 주의"
겨울(시설)재배,2027-02-23,화,시설 환기 & 병해충 방제,,"시설 내 고온 환기 필요, 노지 봄재배는 저온·서리로 출현·생육 지연 우려 / 덩이줄기 비대기: 칼슘 부족 상태에서 급성장 시 중심공동(속 빈 증상) 발생 주의"
겨울(시설)재배,2027-02-24,수,시설 환기 & 병해충 방제,,"시설 내 고온 환기 필요, 노지 봄재배는 저온·서리로 출현·생육 지연 우려 / 덩이줄기 비대기: 칼슘 부족 상태에서 급성장 시 중심공동(속 빈 증상) 발생 주의"
겨울(시설)재배,2027-02-25,목,시설 환기 & 병해충 방제,,"시설 내 고온 환기 필요, 노지 봄재배는 저온·서리로 출현·생육 지연 우려 / 덩이줄기 비대기: 칼슘 부족 상태에서 급성장 시 중심공동(속 빈 증상) 발생 주의"
겨울(시설)재배,2027-02-26,금,시설 환기 & 병해충 방제,,"시설 내 고온 환기 필요, 노지 봄재배는 저온·서리로 출현·생육 지연 우려 / 덩이줄기 비대기: 칼슘 부족 상태에서 급성장 시 중심공동(속 빈 증상) 발생 주의"
겨울(시설)재배,2027-02-27,토,시설 환기 & 병해충 방제,,"시설 내 고온 환기 필요, 노지 봄재배는 저온·서리로 출현·생육 지연 우려 / 덩이줄기 비대기: 칼슘 부족 상태에서 급성장 시 중심공동(속 빈 증상) 발생 주의"
겨울(시설)재배,2027-02-28,일,시설 환기 & 병해충 방제,,"시설 내 고온 환기 필요, 노지 봄재배는 저온·서리로 출현·생육 지연 우려 / 덩이줄기 비대기: 칼슘 부족 상태에서 급성장 시 중심공동(속 빈 증상) 발생 주의"
겨울(시설)재배,2027-04-11,일,수확,,"가뭄 대비 물 관리, 늦서리 주의 지속(고랭지) / 수확 시 마찰·고온으로 열개(표면 갈라짐) 발생 가능 — 온도 높으면 서둘러 수확"
겨울(시설)재배,2027-04-12,월,수확,,"가뭄 대비 물 관리, 늦서리 주의 지속(고랭지) / 수확 시 마찰·고온으로 열개(표면 갈라짐) 발생 가능 — 온도 높으면 서둘러 수확"
겨울(시설)재배,2027-04-13,화,수확,,"가뭄 대비 물 관리, 늦서리 주의 지속(고랭지) / 수확 시 마찰·고온으로 열개(표면 갈라짐) 발생 가능 — 온도 높으면 서둘러 수확"
겨울(시설)재배,2027-04-14,수,수확,,"가뭄 대비 물 관리, 늦서리 주의 지속(고랭지) / 수확 시 마찰·고온으로 열개(표면 갈라짐) 발생 가능 — 온도 높으면 서둘러 수확"
겨울(시설)재배,2027-04-15,목,수확,,"가뭄 대비 물 관리, 늦서리 주의 지속(고랭지) / 수확 시 마찰·고온으로 열개(표면 갈라짐) 발생 가능 — 온도 높으면 서둘러 수확"
겨울(시설)재배,2027-04-16,금,수확,,"가뭄 대비 물 관리, 늦서리 주의 지속(고랭지) / 수확 시 마찰·고온으로 열개(표면 갈라짐) 발생 가능 — 온도 높으면 서둘러 수확"
겨울(시설)재배,2027-04-17,토,수확,,"가뭄 대비 물 관리, 늦서리 주의 지속(고랭지) / 수확 시 마찰·고온으로 열개(표면 갈라짐) 발생 가능 — 온도 높으면 서둘러 수확"
겨울(시설)재배,2027-04-18,일,수확,,"가뭄 대비 물 관리, 늦서리 주의 지속(고랭지) / 수확 시 마찰·고온으로 열개(표면 갈라짐) 발생 가능 — 온도 높으면 서둘러 수확"
겨울(시설)재배,2027-04-19,월,수확,,"가뭄 대비 물 관리, 늦서리 주의 지속(고랭지) / 수확 시 마찰·고온으로 열개(표면 갈라짐) 발생 가능 — 온도 높으면 서둘러 수확"
겨울(시설)재배,2027-04-20,화,수확,,"가뭄 대비 물 관리, 늦서리 주의 지속(고랭지) / 수확 시 마찰·고온으로 열개(표면 갈라짐) 발생 가능 — 온도 높으면 서둘러 수확"
겨울(시설)재배,2027-04-21,수,수확,,"가뭄 대비 물 관리, 늦서리 주의 지속(고랭지) / 수확 시 마찰·고온으로 열개(표면 갈라짐) 발생 가능 — 온도 높으면 서둘러 수확"
겨울(시설)재배,2027-04-22,목,수확,,"가뭄 대비 물 관리, 늦서리 주의 지속(고랭지) / 수확 시 마찰·고온으로 열개(표면 갈라짐) 발생 가능 — 온도 높으면 서둘러 수확"
겨울(시설)재배,2027-04-23,금,수확,,"가뭄 대비 물 관리, 늦서리 주의 지속(고랭지) / 수확 시 마찰·고온으로 열개(표면 갈라짐) 발생 가능 — 온도 높으면 서둘러 수확"
겨울(시설)재배,2027-04-24,토,수확,,"가뭄 대비 물 관리, 늦서리 주의 지속(고랭지) / 수확 시 마찰·고온으로 열개(표면 갈라짐) 발생 가능 — 온도 높으면 서둘러 수확"
겨울(시설)재배,2027-04-25,일,수확,,"가뭄 대비 물 관리, 늦서리 주의 지속(고랭지) / 수확 시 마찰·고온으로 열개(표면 갈라짐) 발생 가능 — 온도 높으면 서둘러 수확"
겨울(시설)재배,2027-04-26,월,수확,,"가뭄 대비 물 관리, 늦서리 주의 지속(고랭지) / 수확 시 마찰·고온으로 열개(표면 갈라짐) 발생 가능 — 온도 높으면 서둘러 수확"
겨울(시설)재배,2027-04-27,화,수확,,"가뭄 대비 물 관리, 늦서리 주의 지속(고랭지) / 수확 시 마찰·고온으로 열개(표면 갈라짐) 발생 가능 — 온도 높으면 서둘러 수확"
겨울(시설)재배,2027-04-28,수,수확,,"가뭄 대비 물 관리, 늦서리 주의 지속(고랭지) / 수확 시 마찰·고온으로 열개(표면 갈라짐) 발생 가능 — 온도 높으면 서둘러 수확"
겨울(시설)재배,2027-04-29,목,수확,,"가뭄 대비 물 관리, 늦서리 주의 지속(고랭지) / 수확 시 마찰·고온으로 열개(표면 갈라짐) 발생 가능 — 온도 높으면 서둘러 수확"
겨울(시설)재배,2027-04-30,금,수확,,"가뭄 대비 물 관리, 늦서리 주의 지속(고랭지) / 수확 시 마찰·고온으로 열개(표면 갈라짐) 발생 가능 — 온도 높으면 서둘러 수확"
겨울(시설)재배,2027-05-01,토,수확,,"가뭄·장마 대비, 덩이줄기 비대기 물 관리 특히 중요(부족 시 비대 불량) / 수확 시 마찰·고온으로 열개(표면 갈라짐) 발생 가능 — 온도 높으면 서둘러 수확"
겨울(시설)재배,2027-05-02,일,수확,,"가뭄·장마 대비, 덩이줄기 비대기 물 관리 특히 중요(부족 시 비대 불량) / 수확 시 마찰·고온으로 열개(표면 갈라짐) 발생 가능 — 온도 높으면 서둘러 수확"
겨울(시설)재배,2027-05-03,월,수확,,"가뭄·장마 대비, 덩이줄기 비대기 물 관리 특히 중요(부족 시 비대 불량) / 수확 시 마찰·고온으로 열개(표면 갈라짐) 발생 가능 — 온도 높으면 서둘러 수확"
겨울(시설)재배,2027-05-04,화,수확,,"가뭄·장마 대비, 덩이줄기 비대기 물 관리 특히 중요(부족 시 비대 불량) / 수확 시 마찰·고온으로 열개(표면 갈라짐) 발생 가능 — 온도 높으면 서둘러 수확"
겨울(시설)재배,2027-05-05,수,수확,,"가뭄·장마 대비, 덩이줄기 비대기 물 관리 특히 중요(부족 시 비대 불량) / 수확 시 마찰·고온으로 열개(표면 갈라짐) 발생 가능 — 온도 높으면 서둘러 수확"
겨울(시설)재배,2027-05-06,목,수확,,"가뭄·장마 대비, 덩이줄기 비대기 물 관리 특히 중요(부족 시 비대 불량) / 수확 시 마찰·고온으로 열개(표면 갈라짐) 발생 가능 — 온도 높으면 서둘러 수확"
겨울(시설)재배,2027-05-07,금,수확,,"가뭄·장마 대비, 덩이줄기 비대기 물 관리 특히 중요(부족 시 비대 불량) / 수확 시 마찰·고온으로 열개(표면 갈라짐) 발생 가능 — 온도 높으면 서둘러 수확"
겨울(시설)재배,2027-05-08,토,수확,,"가뭄·장마 대비, 덩이줄기 비대기 물 관리 특히 중요(부족 시 비대 불량) / 수확 시 마찰·고온으로 열개(표면 갈라짐) 발생 가능 — 온도 높으면 서둘러 수확"
겨울(시설)재배,2027-05-09,일,수확,,"가뭄·장마 대비, 덩이줄기 비대기 물 관리 특히 중요(부족 시 비대 불량) / 수확 시 마찰·고온으로 열개(표면 갈라짐) 발생 가능 — 온도 높으면 서둘러 수확"
겨울(시설)재배,2027-05-10,월,수확,,"가뭄·장마 대비, 덩이줄기 비대기 물 관리 특히 중요(부족 시 비대 불량) / 수확 시 마찰·고온으로 열개(표면 갈라짐) 발생 가능 — 온도 높으면 서둘러 수확"
겨울(시설)재배,2027-05-11,화,수확,,"가뭄·장마 대비, 덩이줄기 비대기 물 관리 특히 중요(부족 시 비대 불량) / 수확 시 마찰·고온으로 열개(표면 갈라짐) 발생 가능 — 온도 높으면 서둘러 수확"
겨울(시설)재배,2027-05-12,수,수확,,"가뭄·장마 대비, 덩이줄기 비대기 물 관리 특히 중요(부족 시 비대 불량) / 수확 시 마찰·고온으로 열개(표면 갈라짐) 발생 가능 — 온도 높으면 서둘러 수확"
겨울(시설)재배,2027-05-13,목,수확,,"가뭄·장마 대비, 덩이줄기 비대기 물 관리 특히 중요(부족 시 비대 불량) / 수확 시 마찰·고온으로 열개(표면 갈라짐) 발생 가능 — 온도 높으면 서둘러 수확"
겨울(시설)재배,2027-05-14,금,수확,,"가뭄·장마 대비, 덩이줄기 비대기 물 관리 특히 중요(부족 시 비대 불량) / 수확 시 마찰·고온으로 열개(표면 갈라짐) 발생 가능 — 온도 높으면 서둘러 수확"
겨울(시설)재배,2027-05-15,토,수확,,"가뭄·장마 대비, 덩이줄기 비대기 물 관리 특히 중요(부족 시 비대 불량) / 수확 시 마찰·고온으로 열개(표면 갈라짐) 발생 가능 — 온도 높으면 서둘러 수확"
겨울(시설)재배,2027-05-16,일,수확,,"가뭄·장마 대비, 덩이줄기 비대기 물 관리 특히 중요(부족 시 비대 불량) / 수확 시 마찰·고온으로 열개(표면 갈라짐) 발생 가능 — 온도 높으면 서둘러 수확"
겨울(시설)재배,2027-05-17,월,수확,,"가뭄·장마 대비, 덩이줄기 비대기 물 관리 특히 중요(부족 시 비대 불량) / 수확 시 마찰·고온으로 열개(표면 갈라짐) 발생 가능 — 온도 높으면 서둘러 수확"
겨울(시설)재배,2027-05-18,화,수확,,"가뭄·장마 대비, 덩이줄기 비대기 물 관리 특히 중요(부족 시 비대 불량) / 수확 시 마찰·고온으로 열개(표면 갈라짐) 발생 가능 — 온도 높으면 서둘러 수확"
겨울(시설)재배,2027-05-19,수,수확,,"가뭄·장마 대비, 덩이줄기 비대기 물 관리 특히 중요(부족 시 비대 불량) / 수확 시 마찰·고온으로 열개(표면 갈라짐) 발생 가능 — 온도 높으면 서둘러 수확"
겨울(시설)재배,2027-05-20,목,수확,,"가뭄·장마 대비, 덩이줄기 비대기 물 관리 특히 중요(부족 시 비대 불량) / 수확 시 마찰·고온으로 열개(표면 갈라짐) 발생 가능 — 온도 높으면 서둘러 수확"
겨울(시설)재배,2027-05-21,금,예비저장,적정온도 12~18℃·습도 80~85%. 빛이 들지 않고 통풍 잘되는 서늘한 곳에 얇게 펴서 10~14일간 말려요.,"가뭄·장마 대비, 덩이줄기 비대기 물 관리 특히 중요(부족 시 비대 불량) / 저온→고온 급변 또는 고온 밀폐 저장 시 흑색심부(내부 흑변) 주의"
겨울(시설)재배,2027-05-22,토,예비저장,적정온도 12~18℃·습도 80~85%. 빛이 들지 않고 통풍 잘되는 서늘한 곳에 얇게 펴서 10~14일간 말려요.,"가뭄·장마 대비, 덩이줄기 비대기 물 관리 특히 중요(부족 시 비대 불량) / 저온→고온 급변 또는 고온 밀폐 저장 시 흑색심부(내부 흑변) 주의"
겨울(시설)재배,2027-05-23,일,예비저장,적정온도 12~18℃·습도 80~85%. 빛이 들지 않고 통풍 잘되는 서늘한 곳에 얇게 펴서 10~14일간 말려요.,"가뭄·장마 대비, 덩이줄기 비대기 물 관리 특히 중요(부족 시 비대 불량) / 저온→고온 급변 또는 고온 밀폐 저장 시 흑색심부(내부 흑변) 주의"
겨울(시설)재배,2027-05-24,월,예비저장,적정온도 12~18℃·습도 80~85%. 빛이 들지 않고 통풍 잘되는 서늘한 곳에 얇게 펴서 10~14일간 말려요.,"가뭄·장마 대비, 덩이줄기 비대기 물 관리 특히 중요(부족 시 비대 불량) / 저온→고온 급변 또는 고온 밀폐 저장 시 흑색심부(내부 흑변) 주의"
겨울(시설)재배,2027-05-25,화,예비저장,적정온도 12~18℃·습도 80~85%. 빛이 들지 않고 통풍 잘되는 서늘한 곳에 얇게 펴서 10~14일간 말려요.,"가뭄·장마 대비, 덩이줄기 비대기 물 관리 특히 중요(부족 시 비대 불량) / 저온→고온 급변 또는 고온 밀폐 저장 시 흑색심부(내부 흑변) 주의"
겨울(시설)재배,2027-05-26,수,예비저장,적정온도 12~18℃·습도 80~85%. 빛이 들지 않고 통풍 잘되는 서늘한 곳에 얇게 펴서 10~14일간 말려요.,"가뭄·장마 대비, 덩이줄기 비대기 물 관리 특히 중요(부족 시 비대 불량) / 저온→고온 급변 또는 고온 밀폐 저장 시 흑색심부(내부 흑변) 주의"
겨울(시설)재배,2027-05-27,목,예비저장,적정온도 12~18℃·습도 80~85%. 빛이 들지 않고 통풍 잘되는 서늘한 곳에 얇게 펴서 10~14일간 말려요.,"가뭄·장마 대비, 덩이줄기 비대기 물 관리 특히 중요(부족 시 비대 불량) / 저온→고온 급변 또는 고온 밀폐 저장 시 흑색심부(내부 흑변) 주의"
겨울(시설)재배,2027-05-28,금,예비저장,적정온도 12~18℃·습도 80~85%. 빛이 들지 않고 통풍 잘되는 서늘한 곳에 얇게 펴서 10~14일간 말려요.,"가뭄·장마 대비, 덩이줄기 비대기 물 관리 특히 중요(부족 시 비대 불량) / 저온→고온 급변 또는 고온 밀폐 저장 시 흑색심부(내부 흑변) 주의"
겨울(시설)재배,2027-05-29,토,예비저장,적정온도 12~18℃·습도 80~85%. 빛이 들지 않고 통풍 잘되는 서늘한 곳에 얇게 펴서 10~14일간 말려요.,"가뭄·장마 대비, 덩이줄기 비대기 물 관리 특히 중요(부족 시 비대 불량) / 저온→고온 급변 또는 고온 밀폐 저장 시 흑색심부(내부 흑변) 주의"
겨울(시설)재배,2027-05-30,일,예비저장,적정온도 12~18℃·습도 80~85%. 빛이 들지 않고 통풍 잘되는 서늘한 곳에 얇게 펴서 10~14일간 말려요.,"가뭄·장마 대비, 덩이줄기 비대기 물 관리 특히 중요(부족 시 비대 불량) / 저온→고온 급변 또는 고온 밀폐 저장 시 흑색심부(내부 흑변) 주의"
겨울(시설)재배,2027-05-31,월,예비저장,적정온도 12~18℃·습도 80~85%. 빛이 들지 않고 통풍 잘되는 서늘한 곳에 얇게 펴서 10~14일간 말려요.,"가뭄·장마 대비, 덩이줄기 비대기 물 관리 특히 중요(부족 시 비대 불량) / 저온→고온 급변 또는 고온 밀폐 저장 시 흑색심부(내부 흑변) 주의"
겨울(시설)재배,2027-06-01,화,예비저장,적정온도 12~18℃·습도 80~85%. 빛이 들지 않고 통풍 잘되는 서늘한 곳에 얇게 펴서 10~14일간 말려요.,"장마철 배수 관리 필수, 역병·습해 주의(장기 침수 시 단시간에 부패 진행) / 저온→고온 급변 또는 고온 밀폐 저장 시 흑색심부(내부 흑변) 주의"
겨울(시설)재배,2027-06-02,수,예비저장,적정온도 12~18℃·습도 80~85%. 빛이 들지 않고 통풍 잘되는 서늘한 곳에 얇게 펴서 10~14일간 말려요.,"장마철 배수 관리 필수, 역병·습해 주의(장기 침수 시 단시간에 부패 진행) / 저온→고온 급변 또는 고온 밀폐 저장 시 흑색심부(내부 흑변) 주의"
겨울(시설)재배,2027-06-03,목,예비저장,적정온도 12~18℃·습도 80~85%. 빛이 들지 않고 통풍 잘되는 서늘한 곳에 얇게 펴서 10~14일간 말려요.,"장마철 배수 관리 필수, 역병·습해 주의(장기 침수 시 단시간에 부패 진행) / 저온→고온 급변 또는 고온 밀폐 저장 시 흑색심부(내부 흑변) 주의"
겨울(시설)재배,2027-06-04,금,본저장,적정온도 3~4℃(가공용 8~10℃)·습도 80~85% 유지. 장기 저장 시 4℃ 유지 및 주기적 환기가 필요해요.,"장마철 배수 관리 필수, 역병·습해 주의(장기 침수 시 단시간에 부패 진행) / 저온→고온 급변 또는 고온 밀폐 저장 시 흑색심부(내부 흑변) 주의"
겨울(시설)재배,2027-06-05,토,본저장,적정온도 3~4℃(가공용 8~10℃)·습도 80~85% 유지. 장기 저장 시 4℃ 유지 및 주기적 환기가 필요해요.,"장마철 배수 관리 필수, 역병·습해 주의(장기 침수 시 단시간에 부패 진행) / 저온→고온 급변 또는 고온 밀폐 저장 시 흑색심부(내부 흑변) 주의"
겨울(시설)재배,2027-06-06,일,본저장,적정온도 3~4℃(가공용 8~10℃)·습도 80~85% 유지. 장기 저장 시 4℃ 유지 및 주기적 환기가 필요해요.,"장마철 배수 관리 필수, 역병·습해 주의(장기 침수 시 단시간에 부패 진행) / 저온→고온 급변 또는 고온 밀폐 저장 시 흑색심부(내부 흑변) 주의"
겨울(시설)재배,2027-06-07,월,본저장,적정온도 3~4℃(가공용 8~10℃)·습도 80~85% 유지. 장기 저장 시 4℃ 유지 및 주기적 환기가 필요해요.,"장마철 배수 관리 필수, 역병·습해 주의(장기 침수 시 단시간에 부패 진행) / 저온→고온 급변 또는 고온 밀폐 저장 시 흑색심부(내부 흑변) 주의"
겨울(시설)재배,2027-06-08,화,본저장,적정온도 3~4℃(가공용 8~10℃)·습도 80~85% 유지. 장기 저장 시 4℃ 유지 및 주기적 환기가 필요해요.,"장마철 배수 관리 필수, 역병·습해 주의(장기 침수 시 단시간에 부패 진행) / 저온→고온 급변 또는 고온 밀폐 저장 시 흑색심부(내부 흑변) 주의"
겨울(시설)재배,2027-06-09,수,본저장,적정온도 3~4℃(가공용 8~10℃)·습도 80~85% 유지. 장기 저장 시 4℃ 유지 및 주기적 환기가 필요해요.,"장마철 배수 관리 필수, 역병·습해 주의(장기 침수 시 단시간에 부패 진행) / 저온→고온 급변 또는 고온 밀폐 저장 시 흑색심부(내부 흑변) 주의"
겨울(시설)재배,2027-06-10,목,본저장,적정온도 3~4℃(가공용 8~10℃)·습도 80~85% 유지. 장기 저장 시 4℃ 유지 및 주기적 환기가 필요해요.,"장마철 배수 관리 필수, 역병·습해 주의(장기 침수 시 단시간에 부패 진행) / 저온→고온 급변 또는 고온 밀폐 저장 시 흑색심부(내부 흑변) 주의"
겨울(시설)재배,2027-06-11,금,본저장,적정온도 3~4℃(가공용 8~10℃)·습도 80~85% 유지. 장기 저장 시 4℃ 유지 및 주기적 환기가 필요해요.,"장마철 배수 관리 필수, 역병·습해 주의(장기 침수 시 단시간에 부패 진행) / 저온→고온 급변 또는 고온 밀폐 저장 시 흑색심부(내부 흑변) 주의"
겨울(시설)재배,2027-06-12,토,본저장,적정온도 3~4℃(가공용 8~10℃)·습도 80~85% 유지. 장기 저장 시 4℃ 유지 및 주기적 환기가 필요해요.,"장마철 배수 관리 필수, 역병·습해 주의(장기 침수 시 단시간에 부패 진행) / 저온→고온 급변 또는 고온 밀폐 저장 시 흑색심부(내부 흑변) 주의"
겨울(시설)재배,2027-06-13,일,본저장,적정온도 3~4℃(가공용 8~10℃)·습도 80~85% 유지. 장기 저장 시 4℃ 유지 및 주기적 환기가 필요해요.,"장마철 배수 관리 필수, 역병·습해 주의(장기 침수 시 단시간에 부패 진행) / 저온→고온 급변 또는 고온 밀폐 저장 시 흑색심부(내부 흑변) 주의"
겨울(시설)재배,2027-06-14,월,본저장,적정온도 3~4℃(가공용 8~10℃)·습도 80~85% 유지. 장기 저장 시 4℃ 유지 및 주기적 환기가 필요해요.,"장마철 배수 관리 필수, 역병·습해 주의(장기 침수 시 단시간에 부패 진행) / 저온→고온 급변 또는 고온 밀폐 저장 시 흑색심부(내부 흑변) 주의"
겨울(시설)재배,2027-06-15,화,본저장,적정온도 3~4℃(가공용 8~10℃)·습도 80~85% 유지. 장기 저장 시 4℃ 유지 및 주기적 환기가 필요해요.,"장마철 배수 관리 필수, 역병·습해 주의(장기 침수 시 단시간에 부패 진행) / 저온→고온 급변 또는 고온 밀폐 저장 시 흑색심부(내부 흑변) 주의"
겨울(시설)재배,2027-06-16,수,본저장,적정온도 3~4℃(가공용 8~10℃)·습도 80~85% 유지. 장기 저장 시 4℃ 유지 및 주기적 환기가 필요해요.,"장마철 배수 관리 필수, 역병·습해 주의(장기 침수 시 단시간에 부패 진행) / 저온→고온 급변 또는 고온 밀폐 저장 시 흑색심부(내부 흑변) 주의"
겨울(시설)재배,2027-06-17,목,본저장,적정온도 3~4℃(가공용 8~10℃)·습도 80~85% 유지. 장기 저장 시 4℃ 유지 및 주기적 환기가 필요해요.,"장마철 배수 관리 필수, 역병·습해 주의(장기 침수 시 단시간에 부패 진행) / 저온→고온 급변 또는 고온 밀폐 저장 시 흑색심부(내부 흑변) 주의"
겨울(시설)재배,2027-06-18,금,본저장,적정온도 3~4℃(가공용 8~10℃)·습도 80~85% 유지. 장기 저장 시 4℃ 유지 및 주기적 환기가 필요해요.,"장마철 배수 관리 필수, 역병·습해 주의(장기 침수 시 단시간에 부패 진행) / 저온→고온 급변 또는 고온 밀폐 저장 시 흑색심부(내부 흑변) 주의"
겨울(시설)재배,2027-06-19,토,본저장,적정온도 3~4℃(가공용 8~10℃)·습도 80~85% 유지. 장기 저장 시 4℃ 유지 및 주기적 환기가 필요해요.,"장마철 배수 관리 필수, 역병·습해 주의(장기 침수 시 단시간에 부패 진행) / 저온→고온 급변 또는 고온 밀폐 저장 시 흑색심부(내부 흑변) 주의"
겨울(시설)재배,2027-06-20,일,본저장,적정온도 3~4℃(가공용 8~10℃)·습도 80~85% 유지. 장기 저장 시 4℃ 유지 및 주기적 환기가 필요해요.,"장마철 배수 관리 필수, 역병·습해 주의(장기 침수 시 단시간에 부패 진행) / 저온→고온 급변 또는 고온 밀폐 저장 시 흑색심부(내부 흑변) 주의"
겨울(시설)재배,2027-06-21,월,본저장,적정온도 3~4℃(가공용 8~10℃)·습도 80~85% 유지. 장기 저장 시 4℃ 유지 및 주기적 환기가 필요해요.,"장마철 배수 관리 필수, 역병·습해 주의(장기 침수 시 단시간에 부패 진행) / 저온→고온 급변 또는 고온 밀폐 저장 시 흑색심부(내부 흑변) 주의"
겨울(시설)재배,2027-06-22,화,본저장,적정온도 3~4℃(가공용 8~10℃)·습도 80~85% 유지. 장기 저장 시 4℃ 유지 및 주기적 환기가 필요해요.,"장마철 배수 관리 필수, 역병·습해 주의(장기 침수 시 단시간에 부패 진행) / 저온→고온 급변 또는 고온 밀폐 저장 시 흑색심부(내부 흑변) 주의"
겨울(시설)재배,2027-06-23,수,본저장,적정온도 3~4℃(가공용 8~10℃)·습도 80~85% 유지. 장기 저장 시 4℃ 유지 및 주기적 환기가 필요해요.,"장마철 배수 관리 필수, 역병·습해 주의(장기 침수 시 단시간에 부패 진행) / 저온→고온 급변 또는 고온 밀폐 저장 시 흑색심부(내부 흑변) 주의"
겨울(시설)재배,2027-06-24,목,본저장,적정온도 3~4℃(가공용 8~10℃)·습도 80~85% 유지. 장기 저장 시 4℃ 유지 및 주기적 환기가 필요해요.,"장마철 배수 관리 필수, 역병·습해 주의(장기 침수 시 단시간에 부패 진행) / 저온→고온 급변 또는 고온 밀폐 저장 시 흑색심부(내부 흑변) 주의"
겨울(시설)재배,2027-06-25,금,본저장,적정온도 3~4℃(가공용 8~10℃)·습도 80~85% 유지. 장기 저장 시 4℃ 유지 및 주기적 환기가 필요해요.,"장마철 배수 관리 필수, 역병·습해 주의(장기 침수 시 단시간에 부패 진행) / 저온→고온 급변 또는 고온 밀폐 저장 시 흑색심부(내부 흑변) 주의"
겨울(시설)재배,2027-06-26,토,본저장,적정온도 3~4℃(가공용 8~10℃)·습도 80~85% 유지. 장기 저장 시 4℃ 유지 및 주기적 환기가 필요해요.,"장마철 배수 관리 필수, 역병·습해 주의(장기 침수 시 단시간에 부패 진행) / 저온→고온 급변 또는 고온 밀폐 저장 시 흑색심부(내부 흑변) 주의"
겨울(시설)재배,2027-06-27,일,본저장,적정온도 3~4℃(가공용 8~10℃)·습도 80~85% 유지. 장기 저장 시 4℃ 유지 및 주기적 환기가 필요해요.,"장마철 배수 관리 필수, 역병·습해 주의(장기 침수 시 단시간에 부패 진행) / 저온→고온 급변 또는 고온 밀폐 저장 시 흑색심부(내부 흑변) 주의"
겨울(시설)재배,2027-06-28,월,본저장,적정온도 3~4℃(가공용 8~10℃)·습도 80~85% 유지. 장기 저장 시 4℃ 유지 및 주기적 환기가 필요해요.,"장마철 배수 관리 필수, 역병·습해 주의(장기 침수 시 단시간에 부패 진행) / 저온→고온 급변 또는 고온 밀폐 저장 시 흑색심부(내부 흑변) 주의"
겨울(시설)재배,2027-06-29,화,본저장,적정온도 3~4℃(가공용 8~10℃)·습도 80~85% 유지. 장기 저장 시 4℃ 유지 및 주기적 환기가 필요해요.,"장마철 배수 관리 필수, 역병·습해 주의(장기 침수 시 단시간에 부패 진행) / 저온→고온 급변 또는 고온 밀폐 저장 시 흑색심부(내부 흑변) 주의"
겨울(시설)재배,2027-06-30,수,본저장,적정온도 3~4℃(가공용 8~10℃)·습도 80~85% 유지. 장기 저장 시 4℃ 유지 및 주기적 환기가 필요해요.,"장마철 배수 관리 필수, 역병·습해 주의(장기 침수 시 단시간에 부패 진행) / 저온→고온 급변 또는 고온 밀폐 저장 시 흑색심부(내부 흑변) 주의"
겨울(시설)재배,2027-07-01,목,본저장,적정온도 3~4℃(가공용 8~10℃)·습도 80~85% 유지. 장기 저장 시 4℃ 유지 및 주기적 환기가 필요해요.,"고온다습 장마 배수관리, 역병·무름병·습해 주의 / 저온→고온 급변 또는 고온 밀폐 저장 시 흑색심부(내부 흑변) 주의"
겨울(시설)재배,2027-07-02,금,본저장,적정온도 3~4℃(가공용 8~10℃)·습도 80~85% 유지. 장기 저장 시 4℃ 유지 및 주기적 환기가 필요해요.,"고온다습 장마 배수관리, 역병·무름병·습해 주의 / 저온→고온 급변 또는 고온 밀폐 저장 시 흑색심부(내부 흑변) 주의"
겨울(시설)재배,2027-07-03,토,본저장,적정온도 3~4℃(가공용 8~10℃)·습도 80~85% 유지. 장기 저장 시 4℃ 유지 및 주기적 환기가 필요해요.,"고온다습 장마 배수관리, 역병·무름병·습해 주의 / 저온→고온 급변 또는 고온 밀폐 저장 시 흑색심부(내부 흑변) 주의"
