서비스ID,서비스명,서비스분야,서비스목적요약,지원내용,선정기준,소관기관명,소관기관유형,부서명,사용자구분,신청기한,신청방법,접수기관,전화문의,상세조회URL,조회수,_매칭키워드
140000000185,귀산촌인 창업 및 주택 구입 지원,농림축산어업,"귀산촌인에게 창업자금, 주택구입비용, 목조주택신축비용 등을 위한 융자 지원","○ 임산물 생산․유통 등 기반 조성 분야 창업 : 금리 2.0%, 융자기간 15년(거치5, 상환10), 융자한도 300백만원
 - 임산물 생산·재배·이용·가공·유통·보관 등에 소요되는 자금
  ㆍ 임야 매입·임차
  ㆍ 재료 구입
  ㆍ 시설의 설치 및 기계·장비 구입·임차
  ㆍ 생산 체험장 설치
  ㆍ 기타 임업 기반시설의 설치 등 일체 소요비용

○ 주택구입‧개량 : 금리 2.0%, 융자기간 15년(거치5, 상환10), 융자한도 75백만원
 - 주택구입‧신축(대지 구입 포함) 및 노후 임가 주택의 증‧개축‧재축‧리모델링

○ 국산목조주택 신축 : 금리 2.0%, 융자기간 15년(거치5, 상환10), 융자한도 100백만원
 - 전체 목재사용량의 30%이상을 국산목재를 이용하여 건축 연면적 150㎡이하의 목조주택 신축

○ 중복수혜불가 조건
 - 다음의 경우 귀산촌인 창업 및 주택구입 지원사업과 중복지원 불가
  * 귀농농업창업 및 주택구입  지원사업으로 3억원을 지원받은 자
  * 귀어귀촌창업 및 주택구입 지원사업으로 3억원을 지원받은 자

 - 단, 지원받은 금액이 3억원 미만인 경우 지원받은 사업을 모두 합하여 3억원까지 지원 가능","○ 지원자격 및 요건
 - 이주기한, 거주기간, 교육이수 실적을 모두 충족하여야 함
 - (이주기한) 신청일 기준 산촌지역 전입일로부터 만 5년이 경과하지 않은 자로서 사업 신청일 전에 세대주(단독세대 가능)가 가족과 함께 산촌으로 이주하여 실제 거주하면서 임업에 종사하고 있거나 하고자 하는 자
  ㆍ 산촌지역으로 이주하여 주택자금 대출 예정인 임업인, 일반인, 개인사업자 또는 퇴직예정자의 경우 대출금 수령 후 2개월 이내 거주지를 이전하여야 함
     * 창업자금은 이주할 예정인 자는 지원 제외
     * 대출 이후 2개월 이내에 퇴직 또는 사업자 등록 이전·말소사실을 산림조합에 제출(농업경영체 등록증은 1년 이내)하여야 하며, 기한 내 미제출 시 대출금 회수 및 추가 지원 제한(단, 국산목조주택신축의 경우 임업종사 제외)
 - (거주기간) 산촌지역으로 이주하기 전 최소 1년 이상 산촌 외의 지역에서 거주한 자
  ㆍ 다만, 사업대상자가 가족관계등록부상 동일 가족 내에서 독립세대를 구성해 산촌으로 이주한 경우, 사업대상자가 산촌 외의 지역에서 1년 이상 거주
  ㆍ 독립세대주가 산촌으로 이주하여 세대구성원이 된 경우, 사업대상자인 구성원이 산촌 외 지역에서 1년 이상 거주
 - (교육이수 실적) 산림청, 농림축산식품부(농정원 포함), 농촌진흥청 및 지자체가 주관 또는 위탁(승인‧공모‧협업‧위탁)한 교육기관이 운영하는 교육(농업‧임업‧귀산촌‧귀농귀촌 교육 등)을 40시간 이상 이수한 자(’21년 부터는 60시간 이상 이수한 자)
  ㆍ 상기 기관에서 실시하는 사이버 교육 이수시간의 50%를 최대 20시간까지 인정(산림교육원, 농업교육포털 교육수료증 제출이 가능한 사이버 교육에 한 함)
  ㆍ 단, 임업인, 임업후계자 등 전문임업인, 임업계열 학교* 졸업자, 임업관련 분야 국가자격증을 소지한 자는 산림분야 교육을 이수한 것으로 인정

 - 지원제외 대상
  ㆍ ｢농림축산식품분야 재정사업관리 기본규정｣제78조(농식품사업자금 부정수급 등), 제79조(지원제한) 및 제80조(농식품사업자금의 환수 및 지원제한 행정처분)의 규정에 저촉된 사항이 확인되거나 처분 조치가 완료되지 아니한 자
  ㆍ 임업분야 창업을 하고자 하는 자 중 사업자 선정이후 자금을 지원받았으나, 일정기간 내 퇴직이나 사업자 등록 이전·말소를 하지 않거나 사업을 실행하지 않은 자(’19년 선정된 자에 한해 적용, ’21년부터 삭제)
  ㆍ 농업 외 타산업 분야에 전업적(專業的) 직업을 가진 자 및 사업자등록증 소지자
  ㆍ 병역미필자, 고등학교 등에 재학 중인 자
  ㆍ 금융기관에 연체 중인 자 또는 파산 등으로 법적인 면책을 받아 회생 중인 자
  ㆍ 한국신용정보원의 ｢신용정보관리규약｣에 따라 연체, 대위변제‧대지급, 부도, 관련인, 금융질서문란 등의 정보가 등록되어 있는 자
  ㆍ 사업신청은 본인이 직접 하여야 하며(대리 신청 불가), 사업계획에 대한 충분한 설명을 하지 못할 경우 심사과정에서 제외
  ㆍ 농림축산식품부, 해양수산부 등 타부처 정책자금을 지원받은 경우 대출한도에서 지원금액을 차감
  ㆍ 귀산촌인 창업 및 주택구입지원 사업대상자로 선정된 적이 있거나 자금을 지원받은 자 중 자진 포기한 후 2년이 경과되지 않은 자
  ㆍ 직업군인, 북한이탈주민, 조선업고용조정자(2015.1.1.이후 퇴직자(예정자))는 근무지(거주지)가 산촌지역인 경우 거주기간을 제한하지 않음(제대 만 5년까지 인정)",산림청,중앙행정기관,사유림경영소득과,개인,상시신청,방문신청,산림조합중앙회 임업인콜센터,산림조합중앙회 임업인콜센터/1544-4200,https://www.gov.kr/portal/rcvfvrSvc/dtlEx/140000000185,8696,"귀농,귀촌,농업,농촌"
148000000045,공동집하장 확충 지원,문화·환경,지자체를 대상으로 영농폐기물을 수거·보관할 수 있는 공동집하장 확충 지원,"○ 공동집하장 확충 지원
 - 공동집하장 설치비의 30% 국고보조","○ 사업내용의 합목적성, 실현가능성, 지역사회 협력, 지자체장의 의지, 기대효과 등을 고려하여 지원대상 지자체를 선정",기후에너지환경부,중앙행정기관,생활폐기물과,법인/시설/단체,해당연도 사업은 전년도 3월까지 신청,직접입력,환경부,기후에너지환경부 생활폐기물과/044-201-7428,https://www.gov.kr/portal/rcvfvrSvc/dtlEx/148000000045,1740,영농
148000000046,농촌 폐비닐 수거보상금 지급,문화·환경,농촌 폐비닐을 수거한 농민에게 kg당 20원씩 국고보조,"○ 농촌 폐비닐 수거보상금 지원
 - 수거된 폐비닐 ㎏당 20원 국고보조","○ 사업내용의 합목적성, 실현가능성, 지역사회 협력, 지자체장의 의지, 기대효과 등을 고려하여 지원대상 지자체를 선정",기후에너지환경부,중앙행정기관,생활폐기물과,개인,해당연도 사업은 전년도 3월까지 신청,직접입력,환경부,기후에너지환경부 생활폐기물과/044-201-7428,https://www.gov.kr/portal/rcvfvrSvc/dtlEx/148000000046,3300,"농촌,농민"
149200000153,고용보험 미적용자 출산급여,임신·출산,고용보험 미적용으로 출산전후휴가급여를 받지 못하는 출산여성에게 출산급여 지원,"○ 출산급여
 - 출산급여 총 150만원 일괄 지급(월 50만원 x 3월분)
 - 유산, 사산의 경우는 임신 기간에 따라 급여 수준 상이
 - 임신 기간 15주까지 : 30만원 / 16~21주 : 50만원 / 22~27주 : 100만원 / 28주 이상 : 150만원","·소득활동을 하지만 고용보험의 출산휴가급여를 지원받지 못하는 출산여성*

* 자영업자(1인 사업자), 특수형태근로종사자·자유 계약자(프리랜서), 근로자 중 고용보험의 출산전후휴가 급여 수급(180일)요건 미충족자, 고용보험법 적용제외사업의 근로자, 고용보험법 적용제외자

<근로자>

1유형 고용보험 피보험자이나 180일 요건 미충족으로 고용보험의 ‘출산휴가급여를 지원받지 못하는 자(출산일 전일까지 30일 이상 피보험자격을 유지하고 있어야함)

2유형 고용보험법 적용제외 사업의 근로자이거나 고용보험법 적용 제외자

※ 고용보험법 적용 제외 사업이란? (법 제8조 및 영제2조)

- 총공사금액 2천만원 미만 공사

- 연면적 100㎡ 이하 건축물의 건축 또는 200㎡ 이하 건축물의 대수선 공사

- ‘가구내 고용활동’과 ‘달리 분류되지 않은 자가소비 생산활동’은 출산급여 대상에서 제외

※ 고용보험법 적용 제외자란? (법 제10조 및 영 제3조)

- 소정근로시간이 월 60시간 미만인 근로자(주 15시간 미만 포함).
단, 3개월 이상 계속 근로자 및 일용근로자는 고용보험법 적용

   * 공무원, 사립학교교직원, 외국인근로자, 별정우체국 직원은 출산급여 대상에서 제외

- 농업, 임업 및 어업 중 법인이 아닌 자가 상시 4명 이하의 근로자를 사용하는 사업에 종사하는 근로자

<1인 사업자>

3유형 출산일 현재 피고용이 없는 단독·공동 사업자

  * 다만, 예외적으로 임신 진단 이후 피고용인(1인까지만 인정)을 채용한 경우 지원 가능
** 공동사업자인 경우 명의, 실질 모두 공동사업자인 경우에 한함

<기타 소득활동하는 자>

4유형 근로자 또는 1인사업자가 아닌 특수형태근로자, 프리랜서 등",고용노동부,중앙행정기관,고용문화개선정책과,개인,출산일로부터 1년 이내(기간내 미신청시 소멸),기타 온라인신청||방문신청,고용센터,고용노동부 고객상담센터/1350,https://www.gov.kr/portal/rcvfvrSvc/dtlEx/149200000153,44514,농업
154300000002,식품 기능성 평가지원,농림축산어업,"사업대상자 : 생산자단체, 식품기업, 농업인, 농업법인","○ 준비단계지원 : 86백만 원 = 4개 내외 품목 × 40~60백만원 × 50~60% / 자부담 40~50%
○ 인체적용전시험 : 540백만 원 = 9개 품목 × 120백만원 × 50~60% / 자부담 40~50%
○ 인체적용시험 1년차 : 540백만 원 = 9개 품목 × 120백만원 × 50~60% / 자부담 40~50%
○ 인체적용시험 2년차 : 552백만 원 = 10개 품목 × 120백만원 × 50~60% / 자부담 40~50%
○ 원료 등록지원 : 70백만 원 = 4개 내외 품목 × 30~40백만원(차등지원) ×  50~60% / 자부담 40~50%","○국내 농산물 유래 기능성 식품 소재로 지원받아 연구하고자 하는 품목의 유형, 해당기능, 제품형태 등 동 사업목적에 부합하는 근거자료(관련 기능성, 안전성 및 표준화자료 등)가 구비되어 있는 사업자
 * 우선지원대상 : 착수 1~2년내 기능성 연구성과 도출 가능성이 높은 품목, 국내외 기존 연구자료가 잘 축적된 품목, 농업 부가가치화 등 파급효과가 큰 품목",농림축산식품부,중앙행정기관,그린바이오산업팀,법인/시설/단체,매년 1~2월에 사업공고 후 선정 ,기타 온라인신청||방문신청,식품기능성평가지원사업단,한국식품연구원/063-219-9341,https://www.gov.kr/portal/rcvfvrSvc/dtlEx/154300000002,1556,농업
154300000004,식품외식종합자금,고용·창업,"식품제조, 가공업체 및 외식업체 등에게 시설자금과 운영자금 지원","○ 지원내용
 - 시설자금 : 저장ㆍ가공ㆍ부대시설의 건축ㆍ확보ㆍ증설ㆍ개보수 및 물류장비 등 구입비(단, 부지매입비 제외)
 - 운영자금 : 국내산 농산물 원료 및 식재료 구입, 저장․가공 등 기업 경영비용

○ 지원 조건
 - 농식품시설현대화, 외식업체 육성, 식품가공원료매입 , 농공상융합형중소기업육성, 식품원료계열화 : 고정금리 2.0∼3.0% 및 변동금리
 - 지원기준 : 총 사업 소요액의 80% 이내 융자, 자부담 20% 이상
 - 대출기간
  · 농식품시설현대화 : 시설자금 10년(3년 거치 7년 상환), 운영자금(2년 이내)
  · 외식업체 육성 : 시설자금 5년(2년 거치 3년 상환), 운영자금(1년 이내)
  · 식품가공원료 매입 : 운영자금(1년 이내)
  · 농공상융합형중소기업육성 : 시설자금 10년(3년 거치 7년 상환), 운영자금(2년 이내)
  · 식품원료계열화 : 운영자금(1년 이내)","○ 신청업체의 재무 및 영업실적, 사업타당성 등을 적격 심사하여 평점 50점 이상인 업체를 사업 대상자로 선정

○ 소규모 식품 제조가공창업 지원 농업인은 신청자격(경력 포함), 사업 계획서, 제출서류 구비 여부 등을 종합적으로 검토하여 선정 등",농림축산식품부,중앙행정기관,푸드테크정책과,법인/시설/단체,"전년 12월~1월에 사업 공고하여 매년 상반기 신청(1회) 및 정기배정, 수시(포기자금, 추가자금 등)배정 ",방문신청,한국농수산식품유통공사,한국농수산식품유통공사/061-931-1141,https://www.gov.kr/portal/rcvfvrSvc/dtlEx/154300000004,2561,농업
154300000005,기술창업자금 지원,고용·창업,농업법인 및 중소기업을 대상으로 우수기술 사업화에 필요한 자금을 저리 융자 지원,○ 우수기술 사업화에 필요한 소요자금 규모를 평가하여 저리 융자로 자금 지원,○ 예산 소진 시까지 신청 후 평가 추진,농림축산식품부,중앙행정기관,스마트농업정책과,법인/시설/단체,예산 소진시 조기 마감,기타 온라인신청,,한국농업기술진흥원 기술평가팀/063-919-1478,https://www.gov.kr/portal/rcvfvrSvc/dtlEx/154300000005,6399,농업
154300000011,귀농 농업창업 및 주택구입지원 사업,농림축산어업,만18세 이상 65세이하 귀농인에게 농업창업자금 및 주택구매자금 지원,"○ 귀농 초기 부족한 자금을 융자 지원하여 귀농인의 안정적 정착 지원(이차보전사업)
 - 신용, 담보 등 대출심사 필요

○ 융자 
 - 농업 창업 자금 : 3억 원(한도), 2.0%, 
 - 주택 구매(신축) 자금 : 7.5천만 원(한도), 2.0%","○ 지원요건(이주기한, 거주기간, 교육이수실적 등)을 갖추고 지원제외대상에 해당하지 않는 자로서 선정심사위원회 심사를 거쳐 사업대상자로 선정된 자
○ 상세 지원요건 및 지원제외요건은 귀농 농업창업 및 주택구입 자금지원 시행지침 참고 필요",농림축산식품부,중앙행정기관,청년농육성정책팀,개인,"○ (상반기) 1월 1일 ~ 2월 10일, (하반기) 6월 1일 ~ 7월 10일 원칙",방문신청,지자체 농업기술센터 등  시·군 단위 귀농·귀촌 업무 담당 부서,귀농귀촌종합센터/1899-9097,https://www.gov.kr/portal/rcvfvrSvc/dtlEx/154300000011,22188,"귀농,농업"
154300000012,피해보전직불,농림축산어업,해당연도 피해보전직불 대상품목을 재배·사육하는 농업인에게 보전직불금 지원 (현행 95%),"FTA 협정 이행으로 인한 수입 증가로 가격 하락의 피해가 발생할 경우, 발생된 피해 분의 일정 부분(현행 95%)을 피해보전직불금으로 지원","○ 농업인등에 해당하는 자로, 「농어업경영체 육성 및 지원에 관한 법률」 제4조제1항에 근거하여 농업경영체로 등록한 자
○ 피해보전직접지불금 지원대상 품목을 해당 협정의 발효일 이전부터 생산한 자
○ 2024년도에 자기의 비용과 책임으로 지원대상 품목을 직접 생산·판매하여 가격하락의 피해가 실제로 귀속된 자",농림축산식품부,중앙행정기관,농업정책과,개인,2025. 7.,방문신청,시·군·구청,FTA 이행에 따른 농업인등 지원센터/1899-4114,https://www.gov.kr/portal/rcvfvrSvc/dtlEx/154300000012,2582,농업
154300000014,유기농업자재 지원,농림축산어업,"친환경농업인 등에게 유기농업자재, 녹비작물 종자 등 구입비용 일부 지원","○ 녹비 종자(5종) : 헤어리베치, 녹비(청)보리, 호밀, 자운영, 수단그라스(조중생종, 만생종)
 - 다만, 수단그라스(조중생종, 만생종)는 인삼 재배농가에 한해 지원

○ 유기농업자재 : 친환경농어업법에서 정한 기준에 따른 공시 자재

○ 자재 원료 : 「친환경농어업 육성 및 유기식품 등의 관리․지원에 관한 법률」 시행규칙 제3조 제1항 [별표 1]의 제1호 가목에 따른 사용가능한 허용물질

○ 천적(25종)

○ 토양검정(일반농가), 시비처방 등 컨설팅(친환경인증 및 일반농가)","가. 녹비작물 종자
 ○ 「농어업경영체 육성 및 지원에 관한 법률」제4조에 따라 농업경영정보를 등록한 농업경영체로서 녹비작물 재배를 희망하는 농업인 및 농업법인
  - 다만, 「보조금 관리에 관한 법률」 및 「농림축산식품분야 재정사업관리 기본규정」제28조제8항 및 제63조에 의거 보조금의 부당사용사유 등으로 지원제한 기간에 포함되는 농업경영체는 사업대상에서 제외됨
○ 선정 우선순위: 유기인증 농지 〉무농약인증 농지 〉일반 농지(지자체 자율 결정)

나. 유기농업자재 및 자재원료
 ○ 「농어업경영체 육성 및 지원에 관한 법률」제4조에 따라 농업경영정보를 등록한 농업경영체로서, 「친환경농어업육성 및 유기식품 등의 관리․지원에 관한 법률」에 따라 유기․무농약 농산물 인증을 받은 농업인 및 농업법인
  - 다만, 「보조금 관리에 관한 법률」 및 「농림축산식품분야 재정사업관리 기본규정」제28조제8항 및 제63조에 의거 보조금의 부당사용사유 등으로 지원제한 기간에 포함되는 농업경영체는 사업대상에서 제외됨
○ 선정 우선순위
   - (친환경농어업법에 따른 친환경인증 농지) 유기인증 농지 〉무농약인증 농지
   - (그 외 농지) ’24년 친환경농업기반구축 사업에 포함된 일반농지 〉’13~’23년 친환경농업기반구축 사업에 포함되었던 일반농지 > 지자체 자율 결정

○ 중복수혜불가 조건
 - 유기농업자재 및 자재원료
  * '유기질비료지원사업' 신청농지는 '토양개량 및 작물생육' 목적의 자재원료와 유기농업자재로 공시된 유기질비료.부숙유기질비료는 지원 대상에서 제외
  * '토양개량제지원사업' 신청농지는 '토양개량' 목적의 자재원료와 유기농업자재로 공시된 토양개량제(석회질비료, 규산질비료)는 지원 대상에서 제외",농림축산식품부,중앙행정기관,친환경농업과,개인,매년 11월 ~ 12월 신청,방문신청,주민센터,해당지역 주민센터/해당지역 주민센터,https://www.gov.kr/portal/rcvfvrSvc/dtlEx/154300000014,5849,"농업,농가,농지"
154300000016,농식품산업 해외진출 융자 지원,농림축산어업,해외농업 진출기업의 해외 진출자금(농산물 생산·유통에 필요한 영농비)등 융자 지원,"○ 해외농업 진출기업의 현지 조기정착 및 기반마련을 위해 농산물 생산에 필요한 영농비ㆍ농기계 구입비, 유통에 필요한 건조ㆍ저장ㆍ가공시설 설치비 등과 축산물 생산, 유통에 소요되는 시설의 설치, 운영자금 및 이에 따른 장비 및 시설물의 임차 비용 등 융자 
- (지원조건) 연 2.0%(단, 곡물사업의 경우 1.5%), 5년 거치 10년 상환
- (지원기준) 총 사업비의 50~70% 이내","○ 해외농업자원개발 해당국에서 투자승인을 받는 등 융자 결정 후 즉시 사업 추진이 가능한 자

○ 해외농업·산림자원 개발협력법 제33조(비상시 해외농업자원의 반입명령)에 의하여 비상 시, 개발한 자원의 일부 또는 전부에 대한 정부의 반입명령 수용이 가능한 자

○ 다음의 경우에는 원칙적으로 지원 대상에서 제외 
 - 식량 순수입 빈곤국(식량 원조 수혜 등), 정치적 불안정 등으로 투자‧국외여행 등에 우려가 있는 국가 진출하는 경우 

○ 우선지원 요건
 - 밀, 옥수수, 콩 등 식량‧사료작물로서 국내 농산물과 경합되지 않는 작물 개발자 우선 지원
 - 수급조절, 가격안정 등 공공의 목적을 위해 국가기관(정부사업 대행기관 포함)이 행하는 사업 우선 지원따라 해외농업자원개발 사업계획을 신고한 자",농림축산식품부,중앙행정기관,국제협력총괄과,법인/시설/단체,연중 공고기한 내 신청가능,기타 온라인신청||방문신청,한국농어촌공사,한국농어촌공사/061-338-6473,https://www.gov.kr/portal/rcvfvrSvc/dtlEx/154300000016,1771,"농업,영농"
154300000020,특용작물시설 현대화 지원,농림축산어업,특용작물 재배시설 개.보수 지원 및 생산 기기 등 현대화 지원,"○ 특용작물(버섯, 녹차, 약용 등)을 신성장 동력 산업으로 육성하기 위한 재배시설 개.보수 지원 및 생산 기기 등 현대화 지원","○ 특용작물(버섯, 녹차, 약용작물 등) 재배 농업인.농업법인.생산자단체

○ 녹차.약용작물 유통.가공시설(저온저장고) 지원은 농가와 계약재배 또는 직접 경작하는 농업법인 및 생산자단체에 한함",농림축산식품부,중앙행정기관,원예산업과,개인||법인/시설/단체,매년 2월까지,방문신청,시·군·구청,해당지역 시군구청/해당지역 시군구청,https://www.gov.kr/portal/rcvfvrSvc/dtlEx/154300000020,4114,"농업,농가"
154300000022,농업 경영·기술 심층컨설팅,농림축산어업,농업경영체를 대상으로 대규모 영농투자 전 전문분야 컨설팅를 통해 농업투자 실패 예방,"○ 농업경영체를 대상으로 대규모 영농투자 전 전문분야 컨설팅를 통해 농업투자 실패 예방 및 적정 투자 유도
○ 영농 분야별(기술, 경영)로 심층컨설팅을 통해 창업투자 타당성 분석 및 투자 제언, 전문가 방문상담 지원(국비 70%, 자부담 30%)","가. 개별경영체 
▪ 농업인(후계농, 귀농인, 청창농 등 포함)
 * 농업경영체 등록 필수(단, 청년농 영농정착지원사업 선정자 중 독립경영 예정자는 농업경영체 등록 제외)

나. 법인경영체
○ (공통조건) 
▪ 설립 후 운영실적 1년 이상
▪ 총 출자금이 5천만원 이상
▪ 자본금이 자부담금 이상으로 확보되었고, 자기자본이 자부담금의 50% 이상 확보(단, 자기자본이 자부담금 이상이면 자본금은 자부담금의 50% 이상 확보해도 가능)
 * 법인경영체의 경우 농림축산식품분야 재정사업관리 기본규정 제35조 제9항 관련[별표6] 충족 필수 
 * 농업경영체 등록 필수
○ (개별조건) 농업법인(영농조합법인, 농업회사법인) 설립조건 준수",농림축산식품부,중앙행정기관,청년농육성정책팀,개인||법인/시설/단체,연도별 공모 시기 상이(일반적으로 전년 말),방문신청,,농림수산식품교육문화정보원/044-861-8524,https://www.gov.kr/portal/rcvfvrSvc/dtlEx/154300000022,3898,"귀농,농업,영농"
154300000028,농산물 우수관리(GAP) 시설 보완 지원,농림축산어업,요건에 부합되는 우수관리 위생시설에게 농산물우수관리시설 보완 지원,○ 농산물의 수확 후 위생·안전 관리를 위한 농산물우수관리시설 보완 지원,"○ 자격 및 요건: 「농어업경영체 육성 및 지원에 관한 법률」제4조에 따라 농업경영정보를 등록한 농업인‧농업법인 등
 - 농업인: 「농어업·농어촌 및 식품산업 기본법」제3조제2호
 - 농업법인: 「농어업경영체 육성 및 지원에 관한 법률」제2조제2호
 ○ 생산자단체: 「농어업·농어촌 및 식품산업 기본법」제3조제4호",농림축산식품부,중앙행정기관,농축산위생품질팀,법인/시설/단체,지자체 공고 기간내,방문신청,시·군·구청,농림축산식품부 농축산위생품질팀/044-201-2974,https://www.gov.kr/portal/rcvfvrSvc/dtlEx/154300000028,1746,농업
154300000038,"농촌관광기반사업지원(농업종합자금 융자,  관광농원 및 농어촌민박사업 해당)",문화·환경,현 거주 주택을 농어촌 민박 용도로 이용토록 증축·개축 비용을 융자,"○ 농업인 또는 농업법인에 대하여 관광농원 시설 의설치, 개·보수, 사업 운영자금을 지원 

○ 농어촌민박사업을 운영하고자 하는 농업인을 대상으로 현 거주 주택을 농어촌민박에 맞게 변경하기 위한 주택 증·개축 비용 지원","○ 관광농원 : 시장·군수로부터 관광농원 사업 계획 승인서를 발급받은 농업인 또는 농업법인

○ 농어촌민박 사업자 : 시장·군수로부터 농어촌민박사업자 신고 필증을 발급받은 농업인",농림축산식품부,중앙행정기관,농촌경제과,개인||법인/시설/단체,NH농협은행 서비스담당자 확인필요,방문신청,NH농협은행,NH농협은행 농업금융부/02-2080-7582,https://www.gov.kr/portal/rcvfvrSvc/dtlEx/154300000038,5980,"농업,농촌"
154300000046,공동방제단 운영 소독 지원,행정·안전,소규모 농가 및 취약지역에 대해 농협 공동방제단을 동원하여 소독 지원,"○ 소규모 농가 및 취약지역에 대해 농협 공동방제단을 동원하여 소독 지원
  - 소규모 농가(54천호)
  - 가금거래 전통시장(328개소)
  - 밀집사육지역 주변(63개소)
  - 해외여행 중점관리 축산관계자 농장(2,000개소)",○ 지자체 가축사육 행정통계 및 국가동물방역통합시스템(KAHIS)의 사육 통계 기준,농림축산식품부,중앙행정기관,구제역방역과,개인,접수기관 별 상이,신청불필요,- 농림축산식품부- 각 지자체,해당지역 시군구청/해당지역 농(축)협,https://www.gov.kr/portal/rcvfvrSvc/dtlEx/154300000046,1802,농가
154300000052,농촌맞춤형봉사활동지원(농촌 재능나눔) 공모사업,농림축산어업,봉사단체 대상으로 농촌지역 봉사활동에 대한 부대 경비 지원,○ 농촌지역 맞춤형봉사활동(농촌재능나눔)을 지원하기 위해 인건비를 제외한 재료비등 부대 경비를 지원하는 사업,○ 공모를 통해 봉사활동단체의 사업계획 적절성 평가를 통해 선정,농림축산식품부,중앙행정기관,농촌사회서비스과,법인/시설/단체,매년 5월31일,기타 온라인신청||방문신청,농어촌공사,농어촌공사/031-8084-9563||농어촌공사/031-8084-9565,https://www.gov.kr/portal/rcvfvrSvc/dtlEx/154300000052,1943,농촌
154300000055,농촌아이돌봄지원,보육·교육,농촌 특성을 반영한 보육지원 (개소당 152백만원),"○ 농촌공동아이돌봄센터
 - 시설비: 개소당 최대 152백만원 지원
  · 보육교사 숙박시설 신축비, 어린이집 개보수비, 차량구입비 등
 - 운영비: 개소당 최대 1,370만원 지원
  · 보육교직원 자기개발비, 프로그램 개발비, 냉난방비 등

○ 이동식 놀이교실
 - 운영비: 개소당 최대 152백만원 지원
  · 인건비, 프로그램 개발·운영비, 장비 및 기자재 구입비, 차량 임차료, 홍보비 및 기타 운영비",○ 매년 신청을 받아 지원 필요성(지역 내 다른 보육시설 존재여부 등)을 중심으로 심사하여 예산범위 내에서 지원대상 선정,농림축산식품부,중앙행정기관,농촌여성정책과,법인/시설/단체,매년 9~10월 시 도를 통해 공모,방문신청,주민센터,농림축산식품부/044-201-1797,https://www.gov.kr/portal/rcvfvrSvc/dtlEx/154300000055,2105,농촌
154300000056,농번기돌봄지원,보육·교육,아이돌봄방 운영을 하려는 법인·단체에게 시설비 및 운영비 지원,"○ (시설비) 개소당 최대 20백만원 지원(국비 50%, 지방비 50%)
   -화장실·조리시설 등 기존 시설 개보수 및 장비·기자재 구입에 활용 가능
○ (운영비) 운영기간에 따라 시설당 30백만원 내외 지원(국비 50%, 지방비 50%)
   -인건비, 교재․교구비, 급식·간식비, 기타 시설운영비 등으로 활용 가능",○ 매년 신청을 받아 현장점검을 통해 신청자의 운영능력 및 지원필요성 등을 심사하여 예산번위 내에서 지원대상 결정,농림축산식품부,중앙행정기관,농촌여성정책과,법인/시설/단체,상시신청,방문신청,,농어촌희망재단/02-509-2445,https://www.gov.kr/portal/rcvfvrSvc/dtlEx/154300000056,2435,농촌
154300000058,농촌형 교통모델 지원,농림축산어업,교통서비스 제공이 가능한 자에게 교통사업 추진에 필요한 비용 지원,"○ 대중교통 미운행 지역 등 교통여건이 취약한 농촌 지역을 위한 대체 교통사업 추진에 필요한 비용 전반
 - 교통서비스 운영비 : 차량 유지·보수비, 운행손실 보상비, 택시요금 차액 보조비, 보험료, 유류비, 콜센터 운영비, 홍보비 등
 - 인건비 : 운수사업 종사자 인건비","○ 군 운수사업체, 비영리법인 등 농촌 지역에 교통서비스 제공이 가능한 자",농림축산식품부,중앙행정기관,농촌공간계획과,법인/시설/단체,접수기관 별 상이,방문신청,시·군·구청,농림축산식품부 농촌정책과/044-201-1521,https://www.gov.kr/portal/rcvfvrSvc/dtlEx/154300000058,2144,농촌
154300000059,우수 후계농업경영인 추가 지원,농림축산어업,"후계농으로 선정된 후 5년 이상 영농에 종사중인 농가에 농지 구입, 시설 설치 융자 지원","○ 경종 및 축산 분야에서 농지 구입, 시설 설치 등 영농규모 확대 등을 위한 자금 융자지원",지원대상과 동일,농림축산식품부,중앙행정기관,청년농육성정책팀,개인,자세한 날짜는 시군구청에 따라 다를 수 있음,방문신청,시·군·구청,농림축산식품부 청년농육성정책팀/044-201-1597,https://www.gov.kr/portal/rcvfvrSvc/dtlEx/154300000059,4729,"농업,영농,농가,농지"
154300000061,전통발효식품육성,농림축산어업,전통식품산업 사업자에게 전통식품·주 기반종성 및 식품명인 발굴 육성,"○ 전통식품산업진흥 : 전통식품산업 세분화 조사, 발효미생물상품화지원사업 등 전통식품 산업진흥 기반조성 및 활성화

○ 전통주산업진흥 : 주류산업정보 실태조사, 찾아가는 양조장사업, 발효제 보급사업 등 전통주 산업진흥 기반구축 및 활성화

○ 식품명인 발굴 육성 
  - 우수한 우리식품의 계승ㆍ발전을 위한 식품제조ㆍ가공ㆍ조리 등 분야를 정하여 식품명인으로 지정.육성
  - 식품명인의 발굴과 발굴된 명인 및 제품에 대해 홍보 및 판로 확대
   ㆍ(식품명인 지정 대상) 해당 식품 제조.가공.조리 분야에 계속해서 20년 이상 종사한 자
   ㆍ전통식품의 제조.가공.조리방법을 원형대로 보전하고 있으며 이를 그대로 실현할 수 있는 자
   ㆍ식품명인으로부터 보유기능에 대한 전수교육을 5년(식품명인 사망 시는 2년) 이상 받고 10년 이상 그 업에 종사한 자

○ 식품명인체험홍보관 
  - (명칭/위치) 한국전통식품문화체험관 이음(Eeum) / 서울 역삼동 621-16, (1층) 전통주 갤러리, (2~3층) 식품명인 체험홍보관
  - (전시) 전통식품 관련 콘텐츠, 제품, 주기 및 식기 등
  - (교육) 역사ㆍ문화, 제조방법, 특성, 어울리는 음식, 음용방법 등 
  - (체험) 명인의 전통식품 만들기, 전통식품 요리강좌, 전통주 테이스팅 및 술 담그기, 다도 체험 등
  - (판매.임대) 명인제품, 전통주 판매 및 카페 운영 / 교육 공간 임대   
   
○ 발효미생물상품화지원
  - 지원자격 및 요건
   ㆍ(종균보급기관) 유용균주를 확보하고 있으면서 보급이 가능한 기관
   ㆍ(제조업체) 장류, 식초류를 제조하는 식품기업, 영농조합법인, 농업회사법인 등   
  - 사업내용
   ㆍ(종균 보급) 장류, 식초류 제조업체 맞춤형 유용균주 보급
   ㆍ(상품화) 공급받은 유용균주를 활용하여 제품개발 및 상품화

○ 찾아가는 양조장 
  - 사업목적
   ㆍ지역의 우수 양조장을 선정하여 생산에서 관광, 체험까지 연계된 복합 공간으로 고도화
   ㆍ양조장의 6차 산업화 추진으로 관광 활성화 및 국내 농산물 사용확대 등 지역경제 활성화 도모
  - 사업내용
   ㆍ(신규 선정) 지자체 매칭사업으로 지방비 확보 가능한 양조장 선정
   ㆍ(맞춤형 지원) 전문기관을 통해 컨설팅 및 홍보마케팅 지원
   ㆍ(사업비지원) 1년차 48백만원(농식품부 24, 지자체 24), 2년차 48백만원    
   ㆍ(지원비율) 총 집행액의 80% (자부담 20%)

○ 김치종균 보급사업
  - (사업목적) 김치의 맛·품질을 향상시키는 김치 종균을 중소 김치 업체 등에 보급·지원함으로써 국산 김치의 품질 경쟁력 제고 및 수출증대에 기여
  - (사업내용) 세계김치연구소가 종균을 생산하여 김치업체에 무료로 공급하고, 정부가 생산비를 보조
  - (지원대상) 중소 김치제조업체 
  - (지원규모) 연간 7,000kg 이내    
  - (지원비율) 100% (일부 자부담이 있을 수 있음)

○ 김원료공급단지 구축
  - (사업목적) 김치원료 공급단지 조성을 통해 김치원료 수급 안정 및 수출 경쟁력 확보로 국내 김치산업 육성 및 세계화 추진
  - (사업내용) ① 김치원료 수급 안정을 위한 원료 저온저장 시설 및 ② 절임배추 생산시설 조성을 통해 김치업체의 안정적 원료 조달 지원
  - (지원대상) 총 3개 지자체(충북 괴산, 전남 해남, 전북 고창)
  - (지원비율) 40%",○ 세부 사업별로 사업자 모집이 필요한 경우 한국농수산식품유통공사 홈페이지를 통한 사업자 모집 공고 후 접수된 사업 신청서를 검토·평가하여 사업 대상자를 선정,농림축산식품부,중앙행정기관,식품외식산업과,개인||법인/시설/단체,각 사업별 신청기한 별도 공지,기타 온라인신청||방문신청,한국농수산식품유통공사,한국농수산식품유통공사/061-931-0731,https://www.gov.kr/portal/rcvfvrSvc/dtlEx/154300000061,2641,"농업,영농"
154300000068,과실전문 생산단지 기반조성 지원,농림축산어업,"과수주산지등 집단화된 지구에게 배수로,경작로등 과수생산 및 출하기반 구축","○ 과수 주산지를 대상으로 용수 공급, 배수로 및 경작로 등 과수생산 및 출하 기반 구축
 - 용수원개발(관정, 양수장 등), 경작로 정비(진입로, 경작 농로 확장·포장), 과원경지정리(원지형을 이용한 과원 경지정리, 토사유실방지 축대 설치 등)","○ FTA기금 과수생산유통지원사업 추진 지역 중 개소당 사업규모가 30ha 이상(최소 10ha이상) 집단화된 지구 
○ 지방비 부담이 가능하며, 사업추진에 필요한 사유지 기부채납, 사업수혜농가들의 전속출하(생산량의 80%이상) 실적이 높은 지구, 사업완료 후 생산유통통합조직에 전속출하(생산량의 80%이상)하는 지구 등 최우선 지원 
○ 거점산지유통센터(APC)와 연계추진이 가능한 지구 우선 지원
○ 품목별 생산자 조직이 잘 운영되고 있으며, 농산물의 공동출하․공동계산이 잘되고 있는 지구
○ GAP 집단인증을 받은 지구, 수혜농가의 농업재해보험 가입률이 높은 지구 우선 지원
○ 집단화 규모가 큰 과실전문생산(수출)단지 위주로 우선 정비
○ 종합적 과원관리를 필요로 하는 집단화된 과수재배 주산단지 정비
○ 타법․타사업 등에 저촉되지 않는 지구
○ 사업완료 후 시설물에 대하여 농업인이 자체적으로 경비를 부담하고 유지 관리하여야 함을 감안하여 농업인 자체 유지관리 조직 구성 및 운영이 활발하며, 시설 활용도가 높고 선량한 유지관리가 가능한 지구
○ 국도, 지방도, 농어촌도로 등 기간도로와 연결이 용이하여 농산물 유통에 유리한 지구
○ 밭작물공동경영체육성지원사업 대상지역 우선지원
○ 지역 행복생활권 계획과 연계된 지구는 선정 시 가점 부여
○ 해당 지자체(시·군·구)에서 공공급식지원에 관한 조례가 제정되었거나, 지역 푸드플랜 계획을 수립한 지자체 또는 먹거리 계획 협약을 맺은 경우 가점부여",농림축산식품부,중앙행정기관,원예경영과,법인/시설/단체,접수기관 별 상이,방문신청,원예경영과,농림축산식품부 원예경영과/044-201-2255,https://www.gov.kr/portal/rcvfvrSvc/dtlEx/154300000068,1671,"농업,농가"
154300000078,농산물자조금 지원,농림축산어업,"농산물자조금 단체에게 소비촉진 홍보비,시장개척비,사무국 운영비등 지원","○ 농산물 판로확대 및 농가소득 증진을 위하여 생산자단체에 소비촉진 홍보비, 시장개척비, 사무국 운영비 등 지원",○ 의무자조금단체 전년도 운영실적 평가 등을 통해 예산 배정,농림축산식품부,중앙행정기관,원예산업과,법인/시설/단체,접수기관 별 상이,방문신청,품목 담당부서,농림축산식품부 원예산업과/044-201-2235,https://www.gov.kr/portal/rcvfvrSvc/dtlEx/154300000078,1930,농가
154300000080,농산물산지유통활성화지원(산지조직지원),농림축산어업,"농산물 마케팅, 홍보 및 농가조직화 비용 지원","○ 농산물 마케팅, 홍보 및 농가조직화 비용 지원","○ 농림축산식품부에서 매년 9월, 별도의 공고 등을 통해 생산유통 통합조직 선정",농림축산식품부,중앙행정기관,유통정책과,법인/시설/단체,사업계획 및 실적을 APC 지원시스템에 입력(세부일정 등은 별도 공지),기타 온라인신청,시·군·구청,한국농수산식품유통공사/061-931-1032,https://www.gov.kr/portal/rcvfvrSvc/dtlEx/154300000080,1652,농가
154300000081,산지유통활성화지원,농림축산어업,"농협조직, 농업법인, 협동조합과 같은 산지유통조직의 원물확보자금등 융자 지원 ",○ 산지유통조직의 원물확보자금 등 융자 지원,"○ 생산유통통합조직으로 승인(또는 등록) 요건을 갖춘 조직
 - 세부사항은 사업시행지침 참조",농림축산식품부,중앙행정기관,유통정책과,법인/시설/단체,사업계획 및 실적을 APC 지원시스템에 입력(세부일정 등은 별도 공지),기타 온라인신청,,농협은행/02-2080-7585,https://www.gov.kr/portal/rcvfvrSvc/dtlEx/154300000081,1728,농업
154300000087,국내채종기반구축사업,농림축산어업,"국내 채종을하는  종자업체에 농업인과 채종계약을 하고, 지급한 종자 수매대금 50%를 지원","○ 국내 채종 종자업체가 농업인과 채종계약을 하고 실제 지급한 종자수매대금의 50%를 종자업체에 지원
 - 대상품목 : 채소 전품목(옥수수, 참깨, 들깨, 강낭콩 포함)
 - 양파는 실생종자 생산 재배건만 해당(종구생산 재배건은 제외)","○ 종자업(채소)을 3년 이상 영위하고 있어야 함
 - 최근 2년간 종자 수출실적이 있는 경우는 종자업 영위 2년 이상

○ 신청품종은 품종보호출원(또는 품종보호등록)품종 또는 생산·판매 신고 품종이어야 함(단, 수출전용품종은 예외)
  - 외국업체가 외국에서 육성하여 단순 국내 위탁채종하는 품종은 제외",농림축산식품부,중앙행정기관,종자산업지원과,법인/시설/단체,매년 1월,방문신청||직접입력,농림축산식품부 국립종자원 종자산업지원과,국립종자원 종자산업지원과/054-912-0162,https://www.gov.kr/portal/rcvfvrSvc/dtlEx/154300000087,1657,농업
154300000092,GAP인증 및 이력추적관리 유통활성화 등 지원 사업,농림축산어업,"GAP인증 생산 농업인,소비자,유통업자등에게 대중매체,업체참여홍보등 지원","○ 농산물우수관리(GAP) 및 농산물이력추적제도의 생산자·소비자·유통자 인지도 제고를 위한 영상송출 등 대중매체 홍보, 유통·급식업체 참여 홍보, GAP 우수사례경진대회 및 기획홍보전 개최 등",○ 공모를 통한 평가 후 선정,농림축산식품부,중앙행정기관,인증관리과,개인,접수기관 별 상이,방문신청,농림축산식품부 국립농산물품질관리원 인증관리과,국립농산물품질관리원 인증관리과/054-429-4149,https://www.gov.kr/portal/rcvfvrSvc/dtlEx/154300000092,2355,농업
154300000093,친환경농산물 인증활성화 사업,농림축산어업,"친환경농축산물 인증농가･기관에게 교육,현장조사 기기등 지원","○ 인증기관 종사자 교육 운영

○ 인증사업자 의무교육",○ 친환경 인증을 신청한 농가 또는 인증기관 중 서류 및 현장심사를 통과한 자,농림축산식품부,중앙행정기관,인증관리과,개인,접수기관 별 상이,방문신청,친환경인증기관협회,친환경인증기관협회/031-295-8185,https://www.gov.kr/portal/rcvfvrSvc/dtlEx/154300000093,3428,농가
154300000110,밭작물공동경영체 육성 지원,농림축산어업,"공동경영체를 운영하는 농업법인,농협,협동조합에게 시설,장비,컨설팅등 지원","○ 역량강화 : 생산농가 조직화 교육 및 조직 결성, 컨설팅 비용
 - 공동경영체 운영체계(공동경영체 운영위원회 설치, 제도ㆍ규약 마련 등) 수립, 생산역량혁신 계획수립(품종선택, 영농기술, 작부체계, 농기계공동운영, 경영비 절감 등)을 위한 컨설팅 및 교육(재배기술, 농기계 조작·관리, GAP 인증 취득, 공동생산 선진지 견학 비용 등) 
  * ‘지역 농발계획’에 포함된 ‘밭작물 공동경영체 육성계획’을 토대로 실시한 기초역량 진단 결과 초기 단계에 해당하는 경우 역량강화를 위한 교육·컨설팅을 1년 차에 반드시 포함
  * 단, 기초역량 진단 결과 정착․심화단계일 경우라도 교육 및 컨설팅 수요가 있는 경우 심사를 통해 지원 가능 
  * GAP 인증 절차에 필요한 분석비는 ‘주산지 GAP 토양ㆍ용수 안전성 분석지원사업’으로 지원 가능

○ 생산비 절감 : 공동영농에 필요한 기계류(파종기, 정식기, 방제기, 수확기 등)
  * 구매 시에는 한국농기계공업협동조합의 품질보증을 받은 제품을 사용

○ 품질관리
 ① 고품질 농산물 생산에 필요한 공동육묘장, 비가림시설, 공동선별 및 포장시설, GAP인증 시설 등의 설치비(토지 제외)
 ② 상품화 경쟁력 강화를 위한 시설‧장비(건조시설, 공동선별시설 및 포상시설, 저온저장고, 일반저장고, 가공시설, 6차 산업과 연계된 시설 등) 
  * 공동영농에 필요한 시설ㆍ장비 여부는 사업자 선정 현장심사 시 판단하되 과잉보유 장비 추가 신청은 불가
  * 기존 보유 시설에 대한 증축, 보완 등 개보수를 우선 지원하고, 신규시설 설치는 되도록 지양

○ 주산지협의체 운영(예산에 따른 역할 및 구성 계획 반영)
  - 지자체 주도로 생산자 조직, 통합마케팅 조직, aT, 농어촌공사, KREI, 전문가 등 관계기관이 참여하는 주산지협의체 운영에 한 최소한의 회의비 등",○ 사업시행지침 참고(www.mafra.go.kr),농림축산식품부,중앙행정기관,원예산업과,법인/시설/단체,전년도 4~5월,방문신청,시·군·구청,농림축산식품부 원예산업과/044-201-2235,https://www.gov.kr/portal/rcvfvrSvc/dtlEx/154300000110,2204,"농업,영농,농가"
154300000113,식품소재 및 반가공산업 육성,고용·창업,"생산자단체,식품기업에게 생산,유통등을 위한 시설 및 장비 지원",○ 식품소재·반가공품 생산·유통·상품화연구 등을 위한 시설 및 장비,"○ 농식품부 재정사업관리 기본규정에 따른 농업법인 지원요건 등 준수
 - 농업경영체 DB에 등록, 총출자금 1억원 이상, 자부담금 확보, 설립 후 운영실적 1년 이상 등

○ 중복수혜불가 조건
 - 농업경영체 등록DB, 마을DB(농산어촌지역개발 공간정보시스템), FRIS(농식품 R&D 통합정보시스템) 등을 반드시 확인하여 중복·편중지원 방지
 - 사업신청자의 최근 5년간 지원받은 정책자금 내역을 확인하여 중복·편중지원 방지
 - 유사자금의 경우 2회 지원시 사업성과를 반드시 평가하고 지원여부를 결정하여야 하며, 최대 3회까지만 지원",농림축산식품부,중앙행정기관,푸드테크정책과,법인/시설/단체,신청기한 별도 공지(매년 6월 이후),방문신청,각 시·도 광역 자치단체 및 시·군 기초 자치단체 ,농림축산식품부 푸드테크정책과/044-201-2125,https://www.gov.kr/portal/rcvfvrSvc/dtlEx/154300000113,1839,농업
154300000117,저탄소 농축산물 인증제,행정·안전,저탄소 농업기술 적용 생산자에게 산정보고서 작성등 컨설팅 지원등,"○ 지원형태 : 국고보조 100%
 
○ 지원내용 
   - 저탄소 인증 신청 농가를 대상으로 산정보고서 작성 등 컨설팅 지원 등",○ 저탄소 농업기술을 적용하여 품목별 국가 평균 온실가스 배출량보다 적게 배출하는 농산물에 인증 부여,농림축산식품부,중앙행정기관,농촌탄소중립추진팀,개인,상반기/ 하반기 공고기간,기타 온라인신청,농업기술실용화재단,한국농업기술진흥원/063-919-1881,https://www.gov.kr/portal/rcvfvrSvc/dtlEx/154300000117,2604,"농업,농촌,농가"
154300000118,중소식품기업 경쟁력 강화,고용·창업,"중소식품기업에게 컨설팅, 마케팅, 홍보 등 경쟁령 강화 지원","○ 식품품질위생역량 제고 : 디자인, 인증, 품질위생 등 컨설팅 및 홍보

○ 농공상융합형 중소기업 활성화 : 농공상 융합형 중소기업 선정ㆍ집중 육성을 통해 마케팅, 판로개척 등","○ 식품품질위생역량 제고 : 신청서, 재무제표, 사업자등록증 등 제출된 서류를 종합적으로 검토하여 선정

○ 농공상융합형 중소기업 활성화 : 영농조합법인, 농업회사법인이 주관 경영체로 신청하는 경우 농업법인지원 요건(1년 이상 운영실적, 출자금 1억 이상 등)에 해당하여야 신청 가능",농림축산식품부,중앙행정기관,푸드테크정책과,법인/시설/단체,"○ 식품품질위생역량 제고: 사업 공고일로부터 1개월간(미달 시 추가모집) / ○ 농공상융합형중소기업 활성화: 3월중, 2년 유효",기타 온라인신청,한국농수산식품유통공사,한국농수산식품유통공사/02-6300-1733,https://www.gov.kr/portal/rcvfvrSvc/dtlEx/154300000118,1796,"농업,영농"
154300000127,농식품 벤처 창업 활성화 지원,농림축산어업,"농식품 분야 예비창업자 및 창업자에게 사업화자금,판로,기술,상담 등 지원","○ 농식품 분야 예비창업자 및 창업자 대상 사업화자금, 판로, 기술, 상담 등 지원","○  사업별 선정기준이 상이하며, 공고를 통해 지원대상자 선정
  - 농식품 창업정보망(www.a-startups.or.kr) 참고",농림축산식품부,중앙행정기관,스마트농업정책과,소상공인,"홈페이지(농식품 창업정보망, www.a-startups.or.kr) 사업설명 및 개별 공고문 참고",기타 온라인신청||방문신청,"한국농업기술진흥원, 농업정책보험금융원",한국농업기술진흥원/063-919-1417||농업정책보험금융원/02-3771-6883,https://www.gov.kr/portal/rcvfvrSvc/dtlEx/154300000127,7835,농업
154300000128,농지연금,농림축산어업,고령 농업인의 소유 농지를 담보로 생활자금 지급 (상한액 3백만원/월),"○ 농지가격을  평가하여 매월 생활안정자금(월 지급금)을 지원
 - 월 지급금은 농지가격, 가입연령, 지급방식(기간형, 종신형, 전후후박형, 수시인출형, 경영이양형)에 따라 결정됨","○ 대상자:  60세 이상, 영농경력 5년 이상 농업인(은퇴직불형의 경우 65세 이상, 79세 이하, 영농경력 10년 이상 농업인)
○ 대상농지(담보농지):  공부상 지목이 전,답,과수원이면서 실제 영농에 이용중인 농지로 2년 이상 보유(주소지에서 30킬로미터 이내)
  - 단, 근저당이 설정된 농지는 채권최고액이 담보농지 가격의 100분의 15 미만인 경우 가입 허용
  - 그 외 '농지연금 기간형 지원방식의 가입연령, 담보농지의 기준 및 위험부담금 산출에 적용되는 요율' 고시 제4조의 요건을 충족할 것",농림축산식품부,중앙행정기관,농지과,개인,상시신청,기타 온라인신청||방문신청,한국농어촌공사 각 지사,농지연금 고객상담/1577-7770,https://www.gov.kr/portal/rcvfvrSvc/dtlEx/154300000128,23136,"농업,영농,농지"
154300000129,농촌융복합산업 자금융자지원,행정·안전,농촌융복산업 운영 농업인 등에게 시설 및 운영자금에 대한 융자지원,"○ 시설자금융자 : 연리 2.0% 또는 변동금리, 5년 거치 5년 균분상환 
○ 운영자금융자 : 변동금리, 2년 거치 3년 상환","○ 사업장의 농촌지역 소재, 농촌융복합산업 추진(계획) 여부, 농업인 여부 등
 - 가공품에 사용되는 주원료 100% 국내산, 사업장 소재지 및 연접한 광역자치단체, 시군구에서 생산되는 농산물이 50% 이상되어야 함",농림축산식품부,중앙행정기관,농촌경제과,개인||법인/시설/단체,접수기관 별 상이,직접입력,시·군·구청,농림축산식품부 농촌경제과/044-201-1585,https://www.gov.kr/portal/rcvfvrSvc/dtlEx/154300000129,3161,"농업,농촌"
154300000131,예방약품 등 지원,농림축산어업,"국내 축산농가등에 유행열,돼지열병등 가축전염병의 예방 및 검진약품등 지원","○ 써코바이러스, 유행열, 돼지열병, 일본뇌염, 광견병, 뉴캣슬병 등 예방이 필요한 가축전염병의 예방 및 검진약품 등","○  농식품부에서 지자체에 대한 예방, 검진약품 등 수요 파악 후 예산액 범위 내에서 지자체별로 사업비 지원",농림축산식품부,중앙행정기관,방역정책과,개인,접수기관 별 상이,방문신청,시·군·구청,농림축산식품부 방역정책과/044-201-2521,https://www.gov.kr/portal/rcvfvrSvc/dtlEx/154300000131,1910,농가
154300000133,친환경 농산물 직거래 지원사업,농림축산어업,친환경농산물 직거래를 위한 구매자금 융자지원,"○ 친환경농산물 직거래를 위한 구매자금 융자지원

○ 융자지원한도:  업체당 5,000백만원

○ 지원금리: 고정금리(농업인 연 2.5%, 조합 등 연 3%) 또는 변동금리","○ 전년도 친환경농산물 구매실적, 신용도 등",농림축산식품부,중앙행정기관,친환경농업과,법인/시설/단체,매년 2월말까지 접수,방문신청,농협: 02-2080--6389 / aT: 061-931-1149,농림축산식품부 친환경농업과/044-201-2440,https://www.gov.kr/portal/rcvfvrSvc/dtlEx/154300000133,1705,농업
154300000138,귀농·귀촌인귀농귀촌교육,보육·교육,예비 귀농귀촌인을 대상으로 귀농귀촌 관련 교육 운영비 중 일부 지원,"○ 지자체, 귀농귀촌종합센터, 위탁교육기관에서 운영하는 과정 교육운영비중 국비 70~90% 지원
  - 2월부터 교육과정 운영예정",지원대상과 동일,농림축산식품부,중앙행정기관,청년농육성정책팀,개인,교육과정별 상이,직접입력,농림수산식품교육문화정보원,귀농귀촌종합센터/1899-9097,https://www.gov.kr/portal/rcvfvrSvc/dtlEx/154300000138,4119,"귀농,귀촌"
154300000141,농산물 직거래 활성화,농림축산어업,"생산자단체,협동조합,사회적기업등에게 직매장 운영･설립･컨설팅･홍보비용지원","○ 농업인 정례 직거래장터 개설 및 운영비용 
 - 장터 개설에 필요한 장비(부스․판매대 등) 및 홍보비 등에 활용 

○ 직거래 활성화를 위한 조직화 등 교육 및 컨설팅 비용  

○ 생산자·소비자 대상 직거래 홍보비용",○ 사업신청 후 전문가평가를 통한 선정,농림축산식품부,중앙행정기관,식생활소비정책과,법인/시설/단체,별도 안내,방문신청,한국농수산식품유통공사,한국농수산식품유통공사/061-931-1022,https://www.gov.kr/portal/rcvfvrSvc/dtlEx/154300000141,1858,농업
154300000142,농식품유통 교육훈련 지원,보육·교육,"농업인,유통종사자,경매사등에게 단기, 온라인등 유통식품전반에 관련된 교육 실시","○ 단기, 온라인 등 유통 식품 전반에 관련된 교육 실시",지원대상과 동일,농림축산식품부,중앙행정기관,유통정책과,개인,교육과정마다 다름,기타 온라인신청,농식품유통교육원,농수산물유통공사/031-400-3524,https://www.gov.kr/portal/rcvfvrSvc/dtlEx/154300000142,4864,농업
154300000145,GAP 안전성 분석 지원,농림축산어업,"생산자단체,경영체 등에 토양,용수 안전성분석과 GAP인증농가 검사비지원",○ 농경지에 대한 토양‧용수 안전성 분석 및 GAP 인증농가 검사비 지원,"○ 토양용수 분석 : 농경지에 대한 토양·용수 안전성 검사를 시행하고자 하는 지자체

○ 안전성 검사비 지원 : 신청일을 기준으로 GAP 인증을 유지하고 있는자 (GAP 인증을 받은 자 또는 받기 위해 안전성 검사를 실시하고 그 비용을 부담한 자에게 지원하되 다른 안전성 검사비용을 지원받거나 분석결과 인증기준에 부적합한 경우 지원 제외)",농림축산식품부,중앙행정기관,농축산위생품질팀,개인,GAP안전성 분석을 실시한 당해연도,방문신청,시·군·구청,농림축산식품부 농축산위생품질팀/044-201-2974,https://www.gov.kr/portal/rcvfvrSvc/dtlEx/154300000145,4583,농가
154300000157,농기계등화장치 부착 지원,농림축산어업,"도로주행 농기계(경운기, 트랙터)에 등화장치 부착비 지원(농업기계당 등화장치 1개 설치)",○ 농업기계 안전 등화장치 부착,"○ 도로주행 농업기계(경운기, 트랙터)를 보유 사용하고 있는 농가",농림축산식품부,중앙행정기관,첨단기자재종자과,개인,자세한 날짜는 읍면동 주민센터에 따라 다를 수 있음,방문신청,주민센터,해당지역 주민센터/0,https://www.gov.kr/portal/rcvfvrSvc/dtlEx/154300000157,3875,"농업,농가"
154300000160,농촌융복합산업지구 조성,고용·창업,"1,2,3차산업관계자에 인프라조성,상품개발,마케팅지원으로 농촌경제 활성화","○ 제조, 판매, 체험 등 공동인프라조성, 기술경영컨설팅, 신상품개발, 공동홍보마케팅, 산업주체간 연계,협력",○ 시군 신청에 따른 외부전문가평가를 통해 선정,농림축산식품부,중앙행정기관,농촌경제과,법인/시설/단체,시도 사업공고에 따름,방문신청,시·군·구청,농림축산식품부 농촌경제과/044-201-1594,https://www.gov.kr/portal/rcvfvrSvc/dtlEx/154300000160,1913,농촌
154300000161,경영회생지원 농지매입 사업,농림축산어업,"농업인,농업법인에게 매입,임대,환매등 회생지원","○ 매입가격 : (농지) 감정가격, (시설)임대기간 만료 시점(7～10년)의 감정가격
 - 지원 한도 : 6~11.3만원/㎡, 부채 금액의 100% 이내(농업인 15억원, 농업법인 20억원)
 - 임대료 : (농지) 해당 지역 농지의 임대료 수준을 고려한 표준임대료(매입가격의 1% 이내), (시설) 매입 시설가격의 1%
 - 임대 기간 : 7년, 평가를 거쳐 3년 이내에서 연장 가능
 - 환매 가격 : (농지) 감정평가액 또는 이자율(3%) 또는 농업정책자금 변동금리 (2.12%, '25.12기준)를 적용하여 산출한 금액 중 낮은 금액, (시설) 당초 매입가격",○ 부채가 4천만원 이상이거나 자연재해피해율이 50% 이상이면서 자산 대비 부채비율이 40% 이상인 농업인(법인),농림축산식품부,중앙행정기관,농지과,개인||법인/시설/단체,연중,방문신청,한국농어촌공사 농지은행처,한국농어촌공사/061-338-5902~03,https://www.gov.kr/portal/rcvfvrSvc/dtlEx/154300000161,7401,"농업,농지"
154300000164,농지은행교육지원,농림축산어업,"농지은행 지원자에게 농지정책,영농기술,경영컨설팅등 교육지원","○ 농지정책, 영농기술, 경영 컨설팅, 농지은행사업 등 교육","○ 맞춤형 농지지원(농지 규모화, 공공임대 매입비축), 경영 회생 지원농지매입, 농지매입비축, 농지연금 등 농지은행사업 참여자",농림축산식품부,중앙행정기관,농지과,개인,연중,방문신청,한국농어촌공사 인재개발원,한국농어촌공사 인재개발원/031-420-0721||한국농어촌공사 인재개발원/031-420-0722,https://www.gov.kr/portal/rcvfvrSvc/dtlEx/154300000164,2686,"영농,농지"
154300000172,농가사료직거래활성화지원,농림축산어업,축산농가·법인에게 신규 사료구매 및 기존 외상금액 상환 지원,○ 농가당 지원한도 내에서 마리당 지원단가와 농가 사육마리수를 곱한 금액 지원,지원대상과 동일,농림축산식품부,중앙행정기관,축산환경자원과,개인||법인/시설/단체,접수기관 별 상이,방문신청,시·군·구청,농림축산식품부 축산환경자원과/044-201-2360,https://www.gov.kr/portal/rcvfvrSvc/dtlEx/154300000172,4698,농가
154300000301,전략작물산업화,농림축산어업,"농업법인,농협조직,협동조합에게 교육·컨설팅,시설·장비,","○ (교육·컨설팅) 경영체당 총사업비 3천만원이내

○ (시설·장비) 경영체당 총사업비 5억원이내

○ (사업다각화) 총사업비 5~50억원 내외 지원

○ (국산콩가공산업) 총사업비 200억원 이내 지원(총사업기간 3년)",○ 단계별 선정절차에 따라 평가를 통과한 공동경영체,농림축산식품부,중앙행정기관,전략작물육성팀,법인/시설/단체,"전년도 3월말까지(시군구 신청), 지자체를 통하여 5월말 제출(농식품부)",방문신청, 해당지자체 담당부서,농림축산식품부 전략작물육성팀/044-201-2916||농림축산식품부 전략작물육성팀/044-201-2914,https://www.gov.kr/portal/rcvfvrSvc/dtlEx/154300000301,1808,농업
154300000306,(공익직불) 경관보전직불,농림축산어업,경관작물을 재배·관리하는 농업인 등에게 직불금 지원,"○ 마을경관보전추진위원회를 구성하고, 시장·군수와 마을단위 경관보전협약을 체결한 후 지급대상 농지에 협약사항을 준수하여 경관작물을 재배·관리하는 농업인 등에게 직불금 지급",○ 경관보전직불제 대상지구 선정기준에 따라 선정,농림축산식품부,중앙행정기관,농촌공간계획과,개인,매년 4월 말까지,방문신청,주민센터,농림축산식품부 농촌경제과/044-201-1586,https://www.gov.kr/portal/rcvfvrSvc/dtlEx/154300000306,6324,"농업,농촌,농지"
154300000307,결혼이민여성 농업교육 지원,보육·교육,농촌지역 결혼이민여성을 대상으로 농업 교육 및 다문화가족의 농촌정착과정 지원,"○ (단계별 농업교육) 결혼이민여성 정착 단계별 기초·심화 과정 구분 운영
○ (1:1 맞춤형 농업교육) 전문 여성농업인 1:1 연계로 실습 위주 맞춤형 영농 교육(작물별 재배농법)
○ (다문화가족 정착지원) 결혼이민여성 및 가족, 지역주민, 농촌지역 청소년 등 대상으로 다문화 가족간, 지역주민과의 이해증진을 위한 과정 운영 
○ (농외소득 창출) 농업 외 소득 창출을 위한 자격증 취득 지원",○ 선발위원회(지역농협) 심사를 통해 선발,농림축산식품부,중앙행정기관,농촌여성정책과,개인,교육과정별 교육생 모집 일정 다름,방문신청,지역농협,농협중앙회 지역사회공헌부/02-2080-5423,https://www.gov.kr/portal/rcvfvrSvc/dtlEx/154300000307,2361,"농업,영농,농촌"
154300000308,산지저온시설 및 저온수송차량 지원,농림축산어업,"농업법인,농협,김치가공업체 등에 저온시설과 저온수송차량 설치·구입 및 개보수지원","○ 산지저온시설: 예냉설비·저온저장고·저온선별장의 신규 설치 및 개보수
○ 저온수송차량: 원예농산물 수송용 냉장 탑차(일반 및 PCM 축냉식) 신규 구입 및 개조","○ 산지저온시설: 사업시행주체 중 농가와의 계약재배, 매취, 수탁, 수출 등을 통한 원예농산물 취급액(전년 또는 전전년)이 연간 5억원 이상인 법인
 - 단, 김치가공업체는 농가와 직접 계약재배를 통해 5천만원 이상 원료(배추, 무)를 사용한 업체(산지유통인과의 계약재배 실적은 불포함)

○ 저온수송차량: 위 산지저온시설 지원자격과 동일한 법인",농림축산식품부,중앙행정기관,원예경영과,법인/시설/단체,전년도 8월,방문신청,해당 시군구(농식품분야),농림축산식품부 원예경영과/044-201-2257,https://www.gov.kr/portal/rcvfvrSvc/dtlEx/154300000308,1612,"농업,농가"
154300000312,농업농촌 자발적 온실가스 감축사업,행정·안전,"저탄소 농업기술 적용 농업경영체에 컨설팅,교육지원 및 정부구매 지원","○ 지원형태 : 국고보조 100%
 
○ 지원내용 
   - 컨설팅 지원(4종류 : 사업계획서, 모니터링 보고서, 타당성 평가보고서, 검증보고서) 
   - 정부구매 지원 단가 :  1톤CO2당 1만원
   - 기타 현장방문을 통한 감축사업 소양 및 데이터 관리 방안 교육 지원 등",○ 저탄소 농업기술을 적용하여 온실가스를 감축한 자,농림축산식품부,중앙행정기관,농촌탄소중립추진팀,개인||법인/시설/단체,상시신청,방문신청,한국농업기술진흥원,한국농업기술진흥원/063-919-1585,https://www.gov.kr/portal/rcvfvrSvc/dtlEx/154300000312,2689,"농업,농촌"
154300000318,농어촌 취약지역 생활여건 개조 지원,문화·환경,"30년이상 노후･슬레이트지붕주택 마을등에게 생활인프라,노후주택정비등 지원","안전, 위생 등 생활인프라 정비, 노후 주택정비, 주민역량강화 등을 위해 지구별 국고보조금 15억원 내외 지원",국고보조금 예산 범위 이내에서 선정,농림축산식품부,중앙행정기관,농촌재생지원팀,개인,전년도 10월말에서 12월 말까지 신청(구체적 일정은 향후 수립되는 취약지역개조사업 가이드라인에 따름),방문신청,국가균형발전위원회,농림축산식품부 농촌재생지원팀/044-201-1550,https://www.gov.kr/portal/rcvfvrSvc/dtlEx/154300000318,2264,농촌
154300000321,귀농귀촌종합센터 운영,보육·교육,"(예비)귀농·귀촌인에게 상담,교육,홍보등 귀농·귀촌 플랫폼 운영","○ 청년, 도시민 등 (예비) 귀농귀촌인에게 상담, 교육, 홍보, 협의회 운영 등",지원대상과 동일,농림축산식품부,중앙행정기관,청년농육성정책팀,개인,접수기관 별 상이,기타 온라인신청||방문신청,귀농귀촌종합센터,귀농귀촌종합센터/1899-9097,https://www.gov.kr/portal/rcvfvrSvc/dtlEx/154300000321,3177,"귀농,귀촌"
154300000323,과수인공수분용꽃가루생산단지조성,농림축산어업,"지방자치단체,농협등에게 채취단지기반조성,관리시설 설치등 지원","채취단지기반조성, 꽃가루 채취 및 발아율 검증 장비 구매, 관리시설 설치 등","○ 과수 인공수분용 꽃가루채취단지 조성에 필요한 토지를 소유하고 있거나 확보가 가능한 시·도 또는 시·군(지자체), 농협, 농업법인 등
     - 사과·배 주산지 농협(품목·지역)이 사업에 참여하는 경우 우선지원
○ 농업법인은「농어업경영체 육성 및 지원에 관한 법률」 제4조에 따라 농업경영정보를 등록한 법인으로서, 설립 후 운영기간 1년 이상, 출자액 1억 이상, 조합원 5인 이상이어야 함.
○ 농림사업 및 농업관련 지원사업 추진 중 사업부실, 보조금 부당수령, 기타 문제발생 등으로 관련규정에 따라 사업 참여제한 기간이 끝나지 않은 농업법인 및 관련자는 지원 제외",농림축산식품부,중앙행정기관,원예경영과,법인/시설/단체,접수기관 별 상이,방문신청,시·군·구청,농림축산식품부 원예경영과/044-201-2255,https://www.gov.kr/portal/rcvfvrSvc/dtlEx/154300000323,1720,농업
154300000325,과수분야 스마트팜확산,농림축산어업,과수재배농가 등을 대상으로 ICT 융복합장비 설치를 지원,"○ 과수분야의 ICT 융복합 시설장비 및 정보시스템(시설 내 ICT 융복합 시설장비 정보시스템 포함)
    - 온도/습도, 풍속, 강우, 토양수분 등과 병해충 예찰정보 모니터링을 위한 센서장비 및 영상모니터링 장비 등
    - 관수, 시비, 농약살포 등의 제어를 위한 ICT 융복합 통합 제어장비 등
    - 과수원의 센싱·제어정보의 모니터링, 제어 및 분석 등을 위한 정보시스템 등
○ ICT 연계를 위해 필요한 시설‧장비
    - 관정, 관수관비시설, 무인방제시설, 서리피해방지, 양액시설, 자동개폐기, 환풍기 등 사업자 선정평가 결과 ICT장비 연계를 위해 필요하다고 인정한 시설‧장비  
 * 상기 장비 등은 ICT장비와의 연계없이 단독으로 지원 불가(단, 노지를 시설로 바꾸기 위한 비 가림 시설, 비 가림 하우스는 지원제외)","○ 농업경영정보를 등록한 농업경영체(농가)
○ 지원제외 대상자
    - 열대·아열대 과수 재배 경영체
    - 과수(품목과 무관)를 가온시설*에서 재배하는 경영체
       * 재해예방 목적이 아닌 수확기 조정을 위한 난방시설로, 사업 지원 이후 5년간 자부담 등을 통한 가온시설 설치도 금지",농림축산식품부,중앙행정기관,원예경영과,개인,접수기관 별 상이,방문신청,시군 소관부서,농림축산식품부 원예경영과/044-201-2255,https://www.gov.kr/portal/rcvfvrSvc/dtlEx/154300000325,3997,"농업,농가"
154300000326,유통시설현대화,농림축산어업,"상품화시설의 전처리･선별･후처리 설비,제함기등 교체 및 설치공사 지원","○ 전처리･선별･후처리 설비, 제함기 등의 교체‧설치 공사
 - 선별 및 포장 시설･장비류, 결속기, 봉함기, 제함기, 컨베이어, 경영지원시스템, ICT융복합 관련 시스템 등","○ 원예산업발전계획의 참여조직 중 사업시행주체의 유통사업에 참여하는 조직으로 사업부지를 확정한 사업자
○ 연간 선별물량을 2천톤～8천톤 내외로 조달 가능하고 규모화 된 마케팅사업 운영이 가능한 조직(설립기간이 1년 이상된 법인)
○ 집하․선별․포장장 면적이 330㎡ 이상
○ 기존 운영중인 APC 시설(증설 및 보완 포함)에서 전처리․선별․후처리 설비, 제함기 등이 노후화되어 일부 또는 전부를 교체하고자 하는 조직
○ 농업경영체가 융자‧보조금 등을 지원 받으려면 ｢농어업경영체 육성 및 지원에 관한 법률｣ 제4조에 따라 농업경영정보를 등록하여야 함",농림축산식품부,중앙행정기관,원예경영과,법인/시설/단체,접수기관 별 상이,방문신청,시·군·구청,농림축산식품부 원예경영과/044-201-2255,https://www.gov.kr/portal/rcvfvrSvc/dtlEx/154300000326,1700,농업
154300000330,바른 식생활교육 지원(지자체사업),보육·교육,"영유아, 청소년, 취약계층 등 각 지역주민에게 알맞은 바른 식생활교육 지원","○ (식생활교육 관계자) 지역단위 민관협력 워크숍

○ (초등학교) 바른 식생활교육 창의적 체험활동 또는 방과 후 교실 학습지원

○ (어린이집, 유치원, 초중고등학교) 농업, 농촌 체험과 연계한 바른 식생활교육 프로그램

○ (학교교사 및 영양교사) 학교교사, 영양(교)사 및 학교 조리사 식생활교육 

○ (어린이집, 유치원, 초중고등학교) 텃밭 연계 식생활교육 프로그램

○ (지자체 및 위탁기관 담당자) 지자체 식생활교육 담당자 역량강화

○ (고령자) 고령자 식생활 건강 개선사업

○ 학교급식 또는 전통음식 활성화와 연계된 바른식생활 교육사업 등","○ 만3~5세유아와 학부모, 20~30대 청년 1인가구 및 전국민",농림축산식품부,중앙행정기관,식생활소비정책과,개인,각 지자체 지원센터(식생활교육네트워크 또는 종합식생활지원센터) 문의 필요,방문신청,시·군·구청,식생활소비정책과/044-201-2273,https://www.gov.kr/portal/rcvfvrSvc/dtlEx/154300000330,2790,"농업,농촌"
154300000331,유기농업자재 공시,농림축산어업,"유기농업자재 생산자,수입판매자에게 자재의 공시기준 적합도를 검토하여 공시","○ 유기농업자재 공시
  - 유기농업 자재가 유기농업에 사용 가능한 허용 물질을 사용하여 생산된 자재인지를 확인하여 그 자재의 명칭, 주성, 분명, 함량 및 사용방법 등에 관한 정보를 공시

○ 공시 등의 유기농업 자재가 취소된 날부터 1년이 지나지 아니하거나 판매금지, 표시 제거 명령, 정지 또는 사용 정지 명령을 받아서 처분 기간 중인 자, 벌금 이상의 형을 선고받고 그 형이 확정된 날부터 1년이 경과하지 아니한 자로 유기농업 자재 공시를 신청할 수 없음

○ 처리 기간은 접수한 날로부터 3개월 소요","○ 유기농업자재 공시를 신청한 자 중 서류심사, 현장심사, 제품심사 등 공시기준에 적합한 자",농림축산식품부,중앙행정기관,농업정보자재과,법인/시설/단체,접수기관 별 상이,방문신청,"공시기관(강원대학교산학협력단, 순천대학교산학협력단)에 신청",국립농산물품질관리원 농업정보자재과/054-429-4185,https://www.gov.kr/portal/rcvfvrSvc/dtlEx/154300000331,3481,농업
154300000367,"시장 개척 플랫폼 구축·운영, 수출전략형 제품 인큐베이팅",행정·안전,"농식품 수출업체 등에게 생산농가, 수출업체, 바이어 참여형시장 개척활동 지원","○ 주요 권역별 20개 대상국가를 선정하여 생산농가, 수출업체, 바이어 참여형 시장 개척활동 지원",○ 최근 3개년 농식품 수출실적 보유 업체이며 시장다변화 전략국가 대상 농식품 수출희망업체,농림축산식품부,중앙행정기관,농식품수출진흥과,법인/시설/단체,모집공고시 명시 예정,기타 온라인신청,,aT 신시장개척부/061-931-0965,https://www.gov.kr/portal/rcvfvrSvc/dtlEx/154300000367,1580,농가
154300000391,한국농수산대학교 졸업생 영농영어정착 우수과제사업,농림축산어업,"한농대 졸업생 대상 자본형성 국고 보조(과제당 37,500천원(보조 70%, 자담 30%)","○ 사업비: 131,250천원(자부담 30% 제외)
 - 자부담 제외한 국비보조금액(고정금액): 26,250천원(개인, 법인)
 - 과제당 37,500천원(총 사업비의 70%를 국고에서 지원)

○ 사업량: 5개 과제

○ 과제범위
 - 기반 부족 신규 창업농 발굴ㆍ육성
 - 농가 자본형성을 위한 농자재(단순 소모성 불가) 및 농기계 구입, 농산물 브랜드 개발, 농산물 상품화 등 과제 지원","○ 서류심사,발표심사",농림축산식품부,중앙행정기관,교학과,개인,사업 공고기간에 따름,직접입력,한국농수산대학교 교학과,한국농수산대학교 교학과/063-238-9613,https://www.gov.kr/portal/rcvfvrSvc/dtlEx/154300000391,1933,"영농,농가"
154300000396,청년농업인 영농정착지원,농림축산어업,선정된 청년후계농에게 영농정착지원금 지원 (최장3년간 월최대 110~90만원),"○ 선발인원에 대해 정착지원금(월 최대 110만원), 농신보 우대보증, 농지임대 우선지원 및 영농기술 교육 등 패키지 지원",지원대상과 동일,농림축산식품부,중앙행정기관,청년농육성정책팀,개인,"지자체(시, 군, 구) 공고",기타 온라인신청,시·군·구청,해당지역 시군구청/1670-0255,https://www.gov.kr/portal/rcvfvrSvc/dtlEx/154300000396,11630,"농업,영농,농지"
154300000397,경영실습 임대농장 조성,보육·교육,영농경력 3년이하의 만40세미만 청년농업인에게 농지등에 시설 제공,○ 지방자치단체가 자체 보유하고 있는 농지 및 한국농어촌공사 비축 농지 등에 시설을 신축(개보수)하여 청년농업인에게 임대,"○ 시설 임대인 : 농지를 보유한 지방자치단체를 공모하여 사업 추진계획 및 현장조사보고서 검토를 통해 평가하여 선정

○ 시설 임차인 : 지방자치단체 장이 본인 명의의 시설이 없는 청년농업의 영농창업계획서를 평가하여 대상자로 확정한 자",농림축산식품부,중앙행정기관,청년농육성정책팀,개인,각 지자체에 문의,방문신청,시·군·구청,시군구청 또는 농업기술센터/지역별 상이,https://www.gov.kr/portal/rcvfvrSvc/dtlEx/154300000397,4407,"농업,영농,농지"
154300000407,외식업체 육성자금(융자),문화·환경,외식업체 사업자에게 운영 및 시설자금 지원,"○ (용도 및 사업의무)
 - 운영자금 : 대출액의 125% 이상 국산 식재료 구입
 - 시설자금 : 음식점 개설 또는 개보수 관련 비용 임차보증금, 매장 신축, 인테리어 공사, 주방시설·설비 설치, 비품·집기 구입 등
     * 사업의무는 기성고 확인으로 갈음

○ (대출금리) 사업자가 선택하는 금리방식 적용
    * 대출시점에 사업자가 선택한 금리방식은 해당 대출금이 상환될 때까지 변경 불가
 ① 운영자금
   - 고정금리 : 농업경영체 연 2.5%, 일반업체 연 3.0%
   - 변동금리 : 농협은행의 농업정책자금대출 변동금리(6개월 단위 변동)
 ② 시설자금
   - 고정금리 : 농업경영체 연 2.0%, 일반업체 연 3.0%
   - 변동금리 : 농협은행의 농업정책자금대출 변동금리(6개월 단위 변동)
   - 신청접수 마감일 기준, 사업개시일 : (법인사업자) 등기사항전부증명서 상의 회사성립연월일
      (개인사업자) 사업자등록증 상의 개업연월일로부터 7년 미만이면서 대표자 연령이 만 40세 미만인 청년창업 외식업체는 대출금리에서 연 1% 금리 인하

○ (대출기간)
   - 운영자금 : 1년
   - 시설자금 : 5년 (2년 거치 3년 균분상환)

○ (대출비율) 총 사업소요액의 80% 이내 대출, 자부담 20% 이상","○ 신청제한대상 해당 여부 확인

○ 사업대상 적합 여부 확인
 - 시설자금 신청 시 최근 결산일 현재 법인은 납입자본금 50% 이상 잠식, 개인사업자는 자본금이 음수이면 선정 제외
 - 건물 건축을 위한 시설자금 신청시 부지 미확보 업체는 선정 제외 

○ 운영자금 신청 시 직전 회계연도 국산 식재료 구매액 확인 

○ 시설자금 신청 시 사업계획서와 제출자료 확인
 - 신축 대상 건물은 음식점에 한함",농림축산식품부,중앙행정기관,식품외식산업과,법인/시설/단체,접수기관 별 상이,기타 온라인신청,한국농수사식품유통공사,한국농수산식품유통공사/061-931-1141,https://www.gov.kr/portal/rcvfvrSvc/dtlEx/154300000407,3395,농업
154300000409,기본형 공익직접지불금 지원,농림축산어업,"기본직불 지급대상 자격요건을 충족하는 농업인, 농업법인, 농가 등에게 직불금 지급",○ 자격요건을 갖춘 농지를 직접 농업에 이용하는 경우 기본직불금 지급,"○ 지급대상 농지 : 종전의 쌀, 밭, 조건불리직불금 지급대상 농지의 기준연도를 충족하고 현재에도 실제 농업에 이용되는 농지. 다만 농지전용 등 지급대상 농지에서 제외되는 사유가 있는 경우 제외
○ 지급대상 농업인 : 기존수혜자, 정책대상자(전업농업인, 청년농업인 등), 신규대상자의 자격요건을 충족한 농업인. 다만 농업외종합소득 3700만원 이상, 도시거주자 중 농업을 주업으로 하는 자 요건 미충족, 부정수급으로 등록제한 기간 중인 농업인 등인 경우 지급대상자에서 제외
○  지급대상 농지 및 농업인의 자격요건을 충족한 자 중 농가단위로 농지면적 0.5ha 이하, 농촌거주 및 영농종사 3년 이상, 농업외종합소득 2000만원 미만 등 소농직불 자격요건을 충족한 농가는 소농직불금(130만원/연) 지급",농림축산식품부,중앙행정기관,농촌소득정책과,개인||가구||법인/시설/단체,25년 신청기한 : 2025.2.1. ~ 2025.4.30.,방문신청,각 지자체 시군구청 또는 읍면동 행정복지센터,농지소재지 읍면동 행정복지센터/-,https://www.gov.kr/portal/rcvfvrSvc/dtlEx/154300000409,26523,"농업,영농,농촌,농가,농지"
154300005002,"농기계구매, 농기계생산 및 사후관리 지원",농림축산어업,"농업경영체에게 농기계 구매, 시설, 개보수, 운영 등에 필요한 자금 지원","○ 농기계 구매자금
  - 정부 지원 대상 농기계를 구매하는 경우에 한하여 농기계 구매자금 정액(융자) 지원
  - 신기술농업 기계 및 자율주행농업기계, 친환경동력원(전기용, 수소전지용 등) 농업기계 융자 지원

○ 시설자금
 - 농기계 생산사업 중 농기계 생산시설·설비 지원 : 농림축산식품부에서 농협은행에 통보한 내용에 따름
 - 농기계 보관창고 사업 : 보관창고 설치에 드는 자금 

○ 개보수 자금
 - 농림축산식품부에서 농협은행에 통보한 내용에 따름

○ 운영자금
 - 농림축산식품부에서 농협은행에 통보한 내용을 따름
 - 농기계 생산 원자재 구매 비축지원 자금은 배정된 금액 내에서 재대출·대환 가능","○ 농기계 구매자금
 - 농업경영체
 - 농림축산식품부가 인정하는 미곡 종합처리장(RPC)을 운영하는 자

○ 농기계 보관창고 사업
 - 농업경영체(일반 농가, 마을 내 5호 이상 공동 농가)
 - 농기계 사후관리업소
 - 중고 농기계 상설판매장

○ 농기계 생산사업
 - 농기계 및 농업 기자재 생산업체로 농림축산식품부에서 농협은행에 대출 대상으로 통보한 업체

○ 농기계 수리용 부품·장비 지원 사업
 - 농기계 사후관리업소, 농기계 부품 판매점 등으로 농림축산식품부에서 농협은행에 대출 대상으로 통보한 업체",농림축산식품부,중앙행정기관,첨단기자재종자과,개인||법인/시설/단체,자세한 날짜는 지역농협에 따라 다를 수 있음,방문신청,"농협중앙회, 각 지역농협",NH농협은행 농업금융부/02-2080-7584||한국농기계공업협동조합/041-411-2123,https://www.gov.kr/portal/rcvfvrSvc/dtlEx/154300005002,17244,"농업,농가"
154300005005,FTA분야 교육홍보사업,농림축산어업,"사업지원대상자에게 FTA 교육·홍보, 수출확대 컨설팅 등을 지원","○  FTA 이행에 따른 국내대책 추진 관련 농업인 등 교육·홍보사업
○  FTA 이행에 따른 국내대책 활용 우수사례 발굴 및 홍보 지원
○  FTA 활용 농산물·농식품 수출 확대를 위한 컨설팅 지원 등","○ FTA이행지원센터에서 사전 적정성 검토 후 심의위원회를 통해 FTA지원분야 적합 여부를 판단하여 선정, 선정결과를 사업시행자에게 통보",농림축산식품부,중앙행정기관,농업정책과,법인/시설/단체,분기별 공모로 신청기간은 FTA이행지원센터 홈페이지에 공개,기타 온라인신청,FTA이행지원센터(한국농촌경제연구원),FTA이행지원센터/061-820-2102,https://www.gov.kr/portal/rcvfvrSvc/dtlEx/154300005005,1929,농업
154300005006,곤충산업 육성 지원,농림축산어업,곤충산업 육성 지원,곤충산업 육성 지원,"지자체 및 농축협, 곤충 생산자 단체, 곤충 농가 등",농림축산식품부,중앙행정기관,그린바이오산업팀,개인,공고를 통해 안내,방문신청,시·군·구청,농림축산식품부/044-201-2143,https://www.gov.kr/portal/rcvfvrSvc/dtlEx/154300005006,2033,농가
154300005010,스마트팜 ICT융복합확산(시설보급-에너지절감시설),농림축산어업,○ 농업인·농업법인 대상으로 에너지절감 시설 설치비 지원,"○ 지원대상
 - 에너지절감시설 : 다겹보온커튼, 자동보온덮개, 순환식수막재배시설, 열회수형 환기장치, 배기열 회수장치 등
○ 지원형태
 - 국고재원 : 자유무역협정이행지원기금(FTA기금)
 - 지원형태  
  · 에너지절감시설 : 국고보조 25%, 융자 25%, 지방비 30%, 자부담 20%
 · 대출취급기관: 농협은행(농‧축협 포함)
  * 시중금리: 농협은행에서 가장 많이 대출된 자금(가계대출) 중 담보대출 평균금리
  · 변동금리 대출은 당해 연도에 한하여 선택 가능","○ 3년 이상 ‘재배 또는 온실 운영·종사’ 경력자(신청품목 1년 이상)
    * 여러 품목을 재배하기 위한 시설인 경우, 면적이 가장 넓은 품목 기준
    * 경영체등록정보, 혁신밸리 교육 이수증, 임대팜 운영 확인서, 근로확인서 및 이에 준하는 증빙 첨부

○ 채소·화훼‧버섯류 재배 농업인‧농업법인‧생산자단체 
 - 농업인 :「농어업·농어촌 및 식품산업 기본법」제3조제2호
 - 농업법인 :「농어업경영체 육성 및 지원에 관한 법률」제2조제2호
 *「농림축산식품분야 재정사업관리 기본규정」제35조 충족 영농조합법인‧농업회사법인
      (단, 대출 취급기관을 통해 보조금의 75% 이상 담보제공이 가능하거나 해당 금액만큼 이행보증보험을 가입하여 시·군이 보조사업 추진이 가능하다고 판단하는 경우 지원 가능)
 - 생산자단체 :「농어업·농어촌 및 식품산업 기본법」제3조제4호
  * 5인 이상이 결성한 법인격 있는 전문생산자조직과 농림사업을 실시할 목적으로 결성된 농업인 등의 공동조직(법인·비법인 모두 포함)",농림축산식품부,중앙행정기관,원예경영과,개인||법인/시설/단체,접수기관 별 상이,방문신청,,해당지역 시군구청/044-201-2259,https://www.gov.kr/portal/rcvfvrSvc/dtlEx/154300005010,2581,"농업,영농"
154300005022,민간투자기반 스케일업 지원,생활안정,"민간이 투자·추천한 농식품 분야 유망기업을 대상으로 사업화자금, 판로확대, 후속투자 등 스","민간이 투자·추천한 농식품 분야 유망기업을 대상으로 사업화자금, 판로확대, 후속투자 등 스케일업 지원
 ㅇ (분야) 농식품 전 분야 벤처기업 및 창업 7년이내 기업
 ㅇ (요건) ❶민간투자사가 ❷투자하고 ❸추천한 기업
     ❶ 농식품 액셀러레이터 또는 「대기업 상생협업 프로그램」협력 대기업, 투자재원 및 창업기업 보육역량을 보유한 일반 투자사
     ➋ 사업공고일로부터 2년 이내에 민간투자사의 직접투자금 1억원 이상
     ➌ 사업계획서 제출시 ❶민간투자사가 발급한 추천서를 필수 포함
       ( 민간투자사별 추천할 수 있는 벤처·창업기업은 최대 3개사로 제한함)","ㅇ (요건) ❶민간투자사가 ❷투자하고 ❸추천한 기업
     ❶ 농식품 액셀러레이터 또는 「대기업 상생협업 프로그램」협력 대기업, 투자재원 및 창업기업 보육역량을 보유한 일반 투자사
     ➋ 사업공고일로부터 2년 이내에 민간투자사의 직접투자금 1억원 이상
     ➌ 사업계획서 제출시 ❶민간투자사가 발급한 추천서를 필수 포함
       ( 민간투자사별 추천할 수 있는 벤처·창업기업은 최대 3개사로 제한함)",농림축산식품부,중앙행정기관,스마트농업정책과,소상공인||법인/시설/단체,연초 별도 공고를 통해 신청·접수,기타 온라인신청,,한국농업기술진흥원/063-919-1417,https://www.gov.kr/portal/rcvfvrSvc/dtlEx/154300005022,3446,농업
154300005026,은퇴고령농 농지이양은퇴직불금 지급,농림축산어업,65~84세 고령 농업인이 3년 이상 소유한 농지를 이양하는 경우 1~10년간 직불금 지급,"○ 농지이양 은퇴직불
 - 가입연령: 65~84세 고령 농업인
 - 기입요건: 10년 이상 농업에 종사
 - 지급대상 농지: 신청인 본인이 3년 이상 소유한 농지로 진흥지역의 논, 밭, 과수원 또는 경지 정리된 비진흥 지역 농지 등
 - 지급단가: (매도) 600만원/ha, (매도 조건부 임대) 480만원/ha
 - 지급기한: 1~10년간, 85세까지","○ 10년 이상 농업에 종사한 65~84세 고령 농업인이 3년 이상 소유한 농지를 이양(매도 또는 매도 조건부 임대)하는 경우 지원
 - (농지) 진흥 지역 논, 밭, 과수원 또는 비진흥 지역의 경지정리된 농지 등
 - (매도) 본인이 소유한 농지를 즉시 한국농어촌공사 등에 매도
 - (매도 조건부 임대) 은퇴직불형 농지연금에 가입하여 일정기간(최대 10년) 임대 후 매도",농림축산식품부,중앙행정기관,농촌소득정책과,개인,상시신청,방문신청,,농촌소득정책과/044-201-2824||한국농어촌공사/1577-7770,https://www.gov.kr/portal/rcvfvrSvc/dtlEx/154300005026,269,"농업,농촌,농지"
154300005034,농식품산업 해외진출지원,생활안정,"해외농업개발 진출에 필요한 민간환경조사,컨설팅,해외인턴,해외적응지원 등","○ (민간환경조사) 진출대상국가의 농업투자환경, 인프라 등 진출여건 현지조사에 소요되는 경비 지원
○ (컨설팅) 현지 사업의 안정화를 위해 필요한 주요분야(법률, 사업성분석 등)의 자문 등 소요되는 비용 일부 지원
   * 기자재 구입, 운영자금 등 사업자의 사업운영을 위한 용도로 사용 불가
○ (해외인턴) 해외농업자원개발사업자의 국내외법인에서 근무할 인턴 채용 비용 지원
○ (기술개발 해외적응지원) 해외진출 희망 국가·지역에서 종자, 농약, 비료 등의 개발과 온실, 스마트팜, 농기계, 농업설비 등 현지화 지원 및 국내 설비·기술의 현지실증시험, 해외적용시험 등 지원","○ (민간환경조사·컨설팅, 기술개발 해외적응지원) 정관과 법인등기부에 해외농업자원개발사업이나 해외농업사업, 농업 관련 국제무역, 해외투자 등을 목적사업으로 등재한 법인 또는 해외농업자원개발 신고기업
 - 우선지원 :「해외농업·산림자원 개발협력법」제7조에 따라 사업계획을 신고한 자
  * 민간환경조사,컨설팅 : 밀·콩·옥수수 등 국내 수급여건상 수입이 불가피한 작물을 대상으로 해외농업자원개발을 추진하는 사업자 우선 지원
○ (해외인턴) 월 최저임금 이상의 인건비 지급가능기업, 현지국가의 관계법령에 따라 등록된 법인 및 사업장을 운영하고 있는 기업, 「해외농업·산림자원 개발협력법」제7조에 따라 사업계획을 신고한 자
  * 인턴사원 : 만 20세 이상 해외 현지 근무 가능자",농림축산식품부,중앙행정기관,국제협력총괄과,법인/시설/단체,상시신청,방문신청,,한국농어촌공사 글로벌사업처/061-338-6472||(사)해외농업자원개발협회/02-6257-6570,https://www.gov.kr/portal/rcvfvrSvc/dtlEx/154300005034,420,농업
154300005035,맞춤형농지지원사업,농림축산어업,"농업인 대상으로 영농활동의 기반이 되는 농지를 지원(임대, 매도)하여 안정적인 영농정착 지","- 농업인 대상

ㅇ 농지 매입 시, 매입자금 융자 지원

ㅇ 농지 임차 시,  저렴한 임대료로 장기 임대 지원","ㅇ「후계농어업인 및 청년농어업인 육성·지원에 관한 법률」에 따라 청년창업형후계농업경영인으로 관할 지자체로부터 신규 선정된 자
ㅇ 지원당시 연령이 18세~39세
ㅇ 「후계농어업인 및 청년농어업인 육성·지원에 관한 법률」에 따라 후계농업경영인으로 관할 지자체로부터 선정된 지 5년이 경과되지 않은 자
ㅇ 귀농인(농촌 이외의 지역에서 거주하는 비농업인이 농업인이 되기 위해 농촌으로 이주한 지 5년이내의 55세 이하의 자)
ㅇ 그외 64세 이하의 자

 - 농업경영정보 등록, 본인의 농외 소득액이 연 37백만원 미만인 자, 농지가 소재하는 시군구 안의 지역에 거주하거나 농지가 소재하는 시군구와 연접한 시군구 안의 지역에 거주하거나, 해당 농지로부터 직선거리 30km 이내의 지역에 거주하는 자, 계약당사자와 부부, 형제자매 또는 직계존비속 등 관계 외의 자 등 요건 필요함",농림축산식품부,중앙행정기관,농지과,개인,예산범위내 상시신청,기타 온라인신청||방문신청,,한국농어촌공사/061-338-5882||한국농어촌공사/061-338-5883||한국농어촌공사/061-338-5886||한국농어촌공사/061-338-5887,https://www.gov.kr/portal/rcvfvrSvc/dtlEx/154300005035,235,"귀농,농업,영농,농촌,농지"
154300005037,농촌취약계층주거개선,주거·자립,농촌지역 취약계층의 노후·불량 주택에 대한 집수리 봉사 지원,"○ 봉사단체의 농촌 취약계층 노후·불량 주택 수리 활동 지원
 - 농촌지역 취약계층 대상 
  ㆍ기초생활수급권자 및 차상위계층, 소년소녀가장, 조손가구, 독거노인, 장애인, 다문화가정, 한부모가정 등으로서 저소득 가구(임차인 포함)
 - 주택 노후정도 및 수리범위에 따라 가구당 700만원 한도(실소요액 지원)","○ 농촌지역에 거주하는 「국민기초생활보장법」에 의한 수급권자 및 차상위계층 또는 소년소녀가장, 조손가구, 독거노인, 장애인, 다문화가정, 한부모가정 등으로서 시장·군수·구청장이 지원이 필요하다고 인정하는 저소득 가구(임차인 포함)",농림축산식품부,중앙행정기관,농촌재생지원팀,가구,접수기관 별 상이,방문신청,,농촌재생지원팀/044-201-1543,https://www.gov.kr/portal/rcvfvrSvc/dtlEx/154300005037,589,농촌
154300005041,전략작물직불,농림축산어업,"식량자급률 증진, 쌀 수급안정 및 논 이용률 제고","○ 지급단가 : ha 당 50 ~ 600만 원 지급
 - (동계) 밀 ha 당 100만 원, 보리 등 식량작물 및 조사료 ha 당 50만 원
 - (하계) 두류·가루쌀 ha 당 200만 원, 식용 옥수수·깨 100만 원, 하계조사료 ha당 500만 원
 - (이모작) 동계에 밀 또는 조사료를 재배하고 하계에 두류 또는 가루쌀을 이모작하는 경우 ha 당 100만 원 추가 지급","○ 신청대상 : 「농어업경영체 육성 및 지원에 관한 법률」(이하 `농어업경영체법’)에 따라 농업경영정보를 등록하고, 다음 기본요건을 충족하는 농업인, 농업법인 및 공동농업경영체(들녁경영체)(이하 ‘농업인 등’)
○ 기본요건 : 「농어업경영체법」에 따라 농업경영정보에 등록된 지급대상 농지 및 지급대상 농업인 등의 요건을 모두 충족하는 자
  가. 전략작물 직불금 지급대상 농지
   ○ 법적 지목과 상관없이 다음 어느 하나에 해당하는 농지법상 농지로서 농업에 이용되는 논(畓)
    ① 종전의 「농업소득의 보전에 관한 법률」제5조제1항 또는 제2항에 해당하는 농지
      * 종전의 쌀고정직불금 또는 밭고정직불금 지급대상 농지로서 현재 논으로 활용될 수 있는 농지
    ② 1998년 1월 1일 이후 조성된 농지로서 법 제12조제1호에 따라 현재 논으로 활용되고 농지의 형상 및 기능을 유지하고 있는 농지
   ○ 다만, 하천구역 농지, 농지처분 명령을 받은 농지, 농지전용 신고·허가를 거친 농지, 자기 소유가 아닌 농지를 적법한 권원 없이 점유 또는 사용하는 농지 등은 제외
  나. 직불금 지급대상 농업인
   ○ 농업 외 종합소득이 37백만원 미만이고, 0.1ha(1천㎡) 이상 지급대상 농지에서 전략작물 작물을 재배하고 아래의 요건 중 하나를 충족하는 자
    ① 농촌(「농업·농촌 및 식품산업 기본법」제3조제5호에 따른 농촌)에 주소 또는 주된 사무소를 두고 전략작물을 재배하는 등 논을 활용·관리하는 자
    ② 농촌 외의 지역에 주소 또는 주된 사무소를 둔 경우 「농업·농촌 공익직불법」시행규칙 제33조에 따른 ‘농업을 주업으로 하는 자’의 요건에 충족하는 자
    ③ 직전 연도 또는 등록연도에 전략작물 직불 지급대상자로 등록한 자가 고령, 질병, 또는 부상 등의 사유로 농업에 종사하는 것이 불가능하다고 시장·군수·구청장이 인정하고, “승계대상 자격 요건”에 충족하는 자
○ 지급대상 품목
 가. (동계) 논(畓)에서 재배하는 식량 및 사료작물(휴경·폐경면적 및 고정시설면적 제외)로 6월말 이전까지 수확이 가능하여 논이모작을 할 수 있는 품목
   ○ 겉보리, 쌀보리, 맥주보리, 밀, 호밀, 귀리, 감자 등
     * 다만, 감자 등 동계작물이 아닌 경우 이동식 하우스를 설치하고 재배하는 등 6월까지 수확이 가능하여 논이모작이 가능한 경우에만 지원대상 품목에 포함
   ○ 알팔파, 청예보리 등 「사료 등의 기준 및 규격」【별표1】의 목초, 풋베기 사료작물 및 트리티케일
     * 사료작물 : (목초) 알팔파, 오차드그라스, 이탈리안라이그라스, 토끼풀, 톨페스큐, 티모시 등 34종 (풋베기사료) 새싹보리, 수단그라스, 자운영, 청예갈대, 청예귀리, 청예밀, 청예보리, 청예벼, 청예수수, 청예옥수수, 청예유채, 청예피, 청예호밀
  나. (하계) 논(畓)에서 재배하는 두류, 가루쌀, 옥수수, 깨(참깨·들깨) 또는 하계조사료
   ○ 가루쌀은 농식품부가 지정한 생산단지(채종단지, 시범단지 등 포함)에 포함된 농지에 한함
   ○ 두류는 농축수산물 표준코드의 대분류를 기준으로 두류에 해당하는 품목
     * 두류 : 콩, 팥, 녹두, 완두, 강낭콩, 동부, 잠두, 칼콩, 제비콩, 병아리콩, 렌틸콩, 기타두류(5∼11월 기간에 재배하는 경우로, 전후작으로 벼를 재배할 수 없음)
   ○ 하계조사료는 「사료 등의 기준 및 규격」고시【별표1】의 목초,  풋베기 사료작물로 알곡을 포함하여 조사료로 사용하는 경우에 한함
  다. (이모작) 논(畓)에서 동계에는 밀이나 사료작물을 재배하여 6월말 이전까지 수확한 이후 동일 필지에 하계에 두류나 가루쌀 재배한 경우",농림축산식품부,중앙행정기관,전략작물육성팀,개인||법인/시설/단체,접수기관 별 상이,방문신청,,기본형 공익직불 상담/1334,https://www.gov.kr/portal/rcvfvrSvc/dtlEx/154300005041,306,"농업,농촌,농지"
154300005042,영농도우미 지원,농림축산어업,"사고, 질병발생 및 통원치료 등으로 영농활동이 곤란한 농가에 영농인력 인건비 지원","● 지원내용 : 영농을 대행한 영농도우미 임금(1일 84,000원 이내)의 70%(최대 58,800원/일) 지원(이용농가 자부담 30%） 
 - 지원일수 : 지원 대상 세대당 연간 10일 이내
  ※다만, 1~2급 법정감염병 확진자 또는 격리자는 연간 최대 지원일수(10일)를 넘지 않은 범위내에서 세대당 정부지침에서 정하는 격리기간에 한해 지원
  * (사고·입원 등 추가 지원이 필요할 경우) 소요일수 만큼 추가 지원(단, 연간 10일 초과 불가)
  * (농업인 교육) 교육 참여일수에 따른 차등 지원 : (10일 이상 교육) 10일 지원, (1~9일 교육) 교육참여일수 만큼 지원  
 - 영농도우미 임금이 84,000원/일을 초과하는 경우 국비에서는 58,800원만 지원(차액 자부담), 84,000원/일 이하인 경우는 국비에서 70%지원(자부담 30%)

● 영농도우미는 가구당 1일에 1명 파견(방문)이 원칙
 - 다만, 해당 농장여건, 작업량 등을 감안하여 1일 최대 5명 이하로 지원이 가능하며, 이 경우에는 농협담당자 또는 이장의 확인을 거쳐 다수인 파견사유서(별지 제3호서식)을 작성하여 보관하도록 함.
  * 세대당 1일 다수 파견 시, 전체 파견인의 근무일의 총합이 연간 최대 지원일수(10일)를 초과할 수 없음","○ 사고를 당했거나 질병 발생 및 통원 치료 등으로 영농 활동이 곤란한 농업 경영체(법인 제외)로 농지 경작 면적 5ha 미만인 경영주 및 경영주 외 농업인을 대상
○ 세부 지원 요건
 ① 사고 또는 질병으로 2주 이상 진단을 받았거나 3일 이상 입원한 경우
 ② 4대 중증 질환(암, 심장 질환(고혈압 제외), 뇌혈관 질환, 희귀 난치성 질환) 진단을 받은 자로 해당 질환으로 최근 6개월 이내 통원 치료를 받은 경우
 ③ 제1∼2급 법정감염병(코로나19 포함) 확진자 또는 접촉한 자로 의료기관으로부터 통보를 받아 격리 중인 경우
 ④ 안전교육이 포함된 농업인 교육과정에 1일 이상 참석한 농업인
   ※ 농업인의 초등학교 4학년 이하의 자녀가 ①∼③에 해당될 때에도 지원 가능(2026년 기준 2016.1.1.이후 출생한 자녀)",농림축산식품부,중앙행정기관,농촌사회서비스과,개인||가구,상시신청,방문신청,,농림축산식품부  농촌사회복지과/044-201-1575||농협중앙회  지역사회공헌부/02-2080-5423,https://www.gov.kr/portal/rcvfvrSvc/dtlEx/154300005042,184,"농업,영농,농촌,농가,농지"
154300005043,농촌관계인구 형성 지원(농촌형 워케이션),농림축산어업,도시민 대상 농촌 체험 기회를 제공하여 관계 인구 확산 유인 목적,"○ 워케이션 2박3일 기준 1인 15만원(1일 5만원) 정액 지원
 - 워케이션 참여자 대상 활동비(숙박비·체험비 등)","○ 농촌형 워케이션 사업 참여하고자 하는 근로자 및 사업주, 프리랜서 등",농림축산식품부,중앙행정기관,농촌경제과,개인||가구||법인/시설/단체,상시신청,기타 온라인신청,,웰촌/1577-1417,https://www.gov.kr/portal/rcvfvrSvc/dtlEx/154300005043,2564,농촌
154300005044,스마트팜 현장실습형 교육,농림축산어업,"스마트팜 분야 전문농업인 육성 및 스마트팜 활용 확산
","○ 스마트팜 활용 확산을 위해 교육생 수준에 따른 실습 중심의 교육 운영으로 스마트팜 분야 전문 농업 경영인 육성
 - 교육생 유형에 따라 기본교육·심화교육·선진지 견학·학습조직 운영
 - 교육 과정에 대한 품목별 교육성과 측정 및 성과 공유, 교육생 네트워크 구축 등으로 스마트팜 확산 촉진",○ 스마트팜 농가 및 스마트팜 교육을 희망하는 자(교육 수준 별로 자가 진단 후 교육 신청 권장),농림축산식품부,중앙행정기관,스마트농업정책과,개인,상시신청,기타 온라인신청,,농업교육 상담센터/1811-8656,https://www.gov.kr/portal/rcvfvrSvc/dtlEx/154300005044,244,"농업,농가"
154300005048,말벌퇴치장비 지원,농림축산어업,말벌 퇴치·포획 장비를 양봉 농가에 지원,"○ 지원 내용ㆍ품목 : 말벌 퇴치 장비, 포획 장비 등 구입비
○ 지원 기준 : 국비 30%, 지방비 30%, 자부담 40%
 - 사후관리 기간(3년) 동안 농가 당 한도액 : 300만 원/호
 - 장비 :  대 당 100만 원, 초과 시 자부담 
 ※ 예시) ① 100만원 장비 구입시, 30만원 국고보조, 30만원 지방비, 40만원 자부담
※사업 의무 준수 사항 
○ 농촌진흥청(국립농업과학원)으로부터 말벌 퇴치 요령에 대한 교육 이수
 - 지도·홍보 책자, 이메일, 인터넷 등을 통한 교육도 가능","○ 양봉 분야 농업경영체 및 양봉산업법에 따른 양봉농가로 등록한 농가
※ 우선순위 : 응애 등 방역·방제 교육 이수 농가 또는 방역·방제를 적극 실천한 농가
※ 지원제외 : 자조금을 납입하지 않은 농가('24년 납입 실적 확인)(양봉자조금관리위원회)인 농가 포함)",농림축산식품부,중앙행정기관,축산경영과,개인,접수기관 별 상이,방문신청,,정부민원안내콜센터/110,https://www.gov.kr/portal/rcvfvrSvc/dtlEx/154300005048,191,"농업,농촌,농가"
174100000017,농업인 경영부담 완화를 위한 농기계 임대료 감면,농림축산어업,농업인을 대상으로 농기계 임대료를 일정기간 동안 50% 이내로 감면,"○ 농기계임대사업소 농기계 임대료 감면
 - (감면율) 50% 이내
   * 지자체 여건에 따라 지자체별 차이가 있을 수 있음
 - (감면기간) '25.1.1.~'25.12.31.","○ 농업인
 - 관내 농업인뿐만 아니라 해당 시.군의 농경지를 타 지역에서 출입 경작하는 농업인, 인접시군 농업인
 - 여성 및 고령농업인, GAP 인증 농업인 및 농업경영체 등록 농업인 등",농림축산식품부,중앙행정기관,첨단기자재종자과,개인,상시신청,방문신청,각 시군 농기계임대사업소,시군구 농기계임대사업소/0,https://www.gov.kr/portal/rcvfvrSvc/dtlEx/174100000017,9206,농업
316000000108,유기질비료 지원,농림축산어업,농업경영정보를 등록한 농업경영체에 유기질비료 구매 보조 지원,"유기질비료 구매 시 국고, 지방비, 농협 지원금 등 일정 비율의 보조금 지원(단, 자부담 20% 이상 부담)",,서울특별시 구로구,시군구,지역경제과,개인,접수기관 별 상이,방문신청||직접입력,,지역경제과/02-860-2853,https://www.gov.kr/portal/rcvfvrSvc/dtlEx/316000000108,696,농업
324000000118,유기질비료 지원,농림축산어업,농업경영체 등록 농업인에게 유기질비료 5종 지원,○ 농업경영체 등록 농지를 대상으로 유기질비료 5종 지원,,서울특별시 강동구,시군구,푸른도시과,개인,2025.11.17~2025.12.09,방문신청,,푸른도시과/02-3425-6554,https://www.gov.kr/portal/rcvfvrSvc/dtlEx/324000000118,746,"농업,농지"
336000000197,원예육묘용 상토 구입비 지원,농림축산어업,원예작물 재배농가에 원예육묘용 상토 비용 일부 지원,○ 원예육묘용 상토를 구입하는 비용 일부 지원,,부산광역시 강서구,시군구,농산과,개인,매년 1월 중,방문신청,,농산과/051-970-4815,https://www.gov.kr/portal/rcvfvrSvc/dtlEx/336000000197,599,농가
336000000198,영농폐자재 수거비 지원,문화·환경,"관내 거주, 경작 농업인에게 영농폐자재 수거비 지원","○ 관내 거주, 경작하는 농업인 및 농업생산자단체에게 영농과정중에 발생한 폐부직포, 폐차양막, 폐암면 수거비 지원",,부산광역시 강서구,시군구,농산과,개인,상시신청,방문신청,,농산과/051-970-4805,https://www.gov.kr/portal/rcvfvrSvc/dtlEx/336000000198,794,"농업,영농"
336000000199,농업인 종합건강 검진비 지원,보건·의료,지역농협에 가입되어 있는 관내 조합원에게 종합건강검진비 지원,○ 관내 지역농협 조합원인 농업인에게 1인 30만원 한도로 종합건강검진비 지원,,부산광역시 강서구,시군구,농산과,개인,상시신청,방문신청,,농산과/051-970-4805,https://www.gov.kr/portal/rcvfvrSvc/dtlEx/336000000199,1181,농업
336000000201,맞춤형 농기계 구입비 지원,생활안정,관내 거주경작 농업인에게 농기계 구입비 지원,"○ 관내 거주경작,경영체 등록 농업인에게 농기계 융자지원한도액의 70~90%(한도 300만원~1,000만원)이내로 농기계 구입비 지원",,부산광역시 강서구,시군구,농산과,개인,연초,방문신청,,농산과/051-970-4805,https://www.gov.kr/portal/rcvfvrSvc/dtlEx/336000000201,892,농업
336000000202,팽연왕겨 구입비 지원,농림축산어업,농업인에게 팽연왕겨 구입비 지원,○ 화학비료 과다사용으로 인한 연작장해 및 염류집적 피해예방과 고품질 농산물 생산기반 조성을 목적으로 팽연왕겨 구입비 지원,,부산광역시 강서구,시군구,농산과,개인,매년 1월중 신청접수(접수기간 별도 공고),방문신청,,농산과/051-970-4804,https://www.gov.kr/portal/rcvfvrSvc/dtlEx/336000000202,838,농업
336000000207,양액재배농가 배지 지원,농림축산어업,양액재배농가에 배지 구입비 일부 지원,○ 관내 양액재배 농가에 배지 구입비 일부 지원,,부산광역시 강서구,시군구,농산과,개인,매년 1월 중,방문신청,,농산과/051-970-4811,https://www.gov.kr/portal/rcvfvrSvc/dtlEx/336000000207,725,농가
338000000412,무인민원발급기 수수료 면제(등기부등본 제외),행정·안전,무인민원발급창구 이용시 수수료 무료,"❍ 대상민원 : 주민등록등본 등 10개 분야 감면 민원증명 45종 
      -  주민등록(2), 토지·지적·건축(9종), 차량(4종), 농촌(1종), 지방세(18종), 
             제적(2종), 가족관계(8종), 수산(1종)
       ※ 부동산등기사항증명서는「등기사항증명서 등 수수료 규칙」이 적용되어   수영구 수수료 징수 조례 적용대상이 아님 
  ❍ 내    용 : 무인민원발급창구 이용 시 민원증명 수수료 무료",,부산광역시 수영구,시군구,민원여권과,개인,무인민원발급기 이용시간내(수영구청 홈페이지 무인민원발급기 현황 참조 ),신청불필요,,부산광역시 수영구/0516104265,https://www.gov.kr/portal/rcvfvrSvc/dtlEx/338000000412,2397,농촌
340000000104,배 작목반 농약 지원,농림축산어업,배 재배 작목반에게 병해충방제용 농약 구입비 지원,○ 배 재배에 필요한 병해충방제용 농약 구입비 70% 이내 지원,,부산광역시 기장군,시군구,농업정책과,개인,상시신청,방문신청,,친환경농업과/051-709-4405,https://www.gov.kr/portal/rcvfvrSvc/dtlEx/340000000104,938,농업
340000000108,과수·원예 출하 규격박스 지원,농림축산어업,원예작물 재배농가에 출하용 규격박스 구입비 지원,○ 원예작물 출하용 규격박스 구입비 50% 이내 지원(농가당 300만원 이하 지원),,부산광역시 기장군,시군구,농업정책과,개인,상시신청,방문신청,,친환경농업과/051-709-4405,https://www.gov.kr/portal/rcvfvrSvc/dtlEx/340000000108,868,"농업,농가"
340000000117,작목반 농기계 지원,농림축산어업,농지 경작하는 작목반에 공동사용 농기계 구입비 50% 이내 지원,○ 작목반 공동사용 농기계 구입비 50% 이내 지원,,부산광역시 기장군,시군구,농업정책과,개인,매년 1~3월 중,방문신청,,기장군 농업정책과/051-709-4245,https://www.gov.kr/portal/rcvfvrSvc/dtlEx/340000000117,694,"농업,농지"
340000000120,농업용 면세유 농가부담분 지원,농림축산어업,농업인에게 등록농기계 면세유 부담분 지원,등록농기계 면세유 부담분 지원(100원/ℓ),,부산광역시 기장군,시군구,농업정책과,개인,상시신청,방문신청,,농업정책과/051-709-4417,https://www.gov.kr/portal/rcvfvrSvc/dtlEx/340000000120,1006,"농업,농가"
340000000123,친환경 농산물 인증비 지원,농림축산어업,친환경 인증 농가에 친환경농산물 인증 검사비 지원,○ 친환경농산물 인증 검사비 지원,,부산광역시 기장군,시군구,농업정책과,개인,상시신청,방문신청,,친환경농업과/051-709-4405,https://www.gov.kr/portal/rcvfvrSvc/dtlEx/340000000123,771,"농업,농가"
346000000117,농산물 포장박스 지원,농림축산어업,관내 과수 생산농가 농산물 포장박스 지원,"○ 관내 과수 생산농가 포장박스 지원
 - 본인부담금 : 50%",,대구광역시 수성구,시군구,녹색환경과,개인,2월 ~ 3월,방문신청,,고산농업협동조합/053-668-4514||녹색환경과/053-666-2660,https://www.gov.kr/portal/rcvfvrSvc/dtlEx/346000000117,777,농가
348000000233,농업에너지이용효율화(신재생에너지시설지원),농림축산어업,농업인·농업법인 대상으로 신재생에너지시설 설치비 지원,"○ 지원대상
 - 신재생에너지시설 : 지열 냉난방시설, 폐열 재이용시설, 공기열냉난방시설, 목재 펠릿 난방기, 저탄소에너지공동이용시설

○ 지원형태
 - 국고재원 : 에너지 및 자원사업 특별회계(에특회계)
 - 지원형태
  · 지열ㆍ폐열 : 국고보조 60%, 융자 10%, 지방비 20%, 자부담 10%
  · 공기열 : 국고보조 40%, 융자 20%, 지방비 30%, 자부담 10%
  · 목재펠릿난방기 : 국고보조 30%, 융자 20%, 지방비 30%, 자부담 20%
  · 저탄소에너지공동이용시설 : 국고보조 70%, 지방비 30%
 - 융자금리 : 고정(2.0%), 변동(시중금리*-2.0%) / 3년 거치 7년 분할상환
  · 대출취급기관: 농협은행(농‧축협 포함)
  * 시중금리: 농협은행에서 가장 많이 대출된 자금(가계대출) 중 담보대출 평균금리
  · 변동금리 대출은 당해 연도에 한하여 선택 가능",○ 사업시행지침,농림축산식품부,중앙행정기관,원예경영과,개인||법인/시설/단체,접수기관 별 상이,방문신청,시·군·구청,해당지역 시군구청/044-201-2259,https://www.gov.kr/portal/rcvfvrSvc/dtlEx/348000000233,5213,농업
348000000338,힘겨루기 소 육성 지원,농림축산어업,힘겨루기 소 육성 지원,"○ 소힘겨루기 대회 출전 축산농가에 사료비, 입상장려금, 출전경비 지원",,대구광역시 달성군,시군구,농업정책과,개인,상시신청,방문신청,,달성군청 농업정책과/053-668-2191,https://www.gov.kr/portal/rcvfvrSvc/dtlEx/348000000338,828,"농업,농가"
348000000344,농산물 인증수수료 지원,생활안정,GAP 인증을 받은 농업인에게 인증에 소요되는 수수료 지원,"○ 달성군 관내 주민등록주소 및 농경지를 두고 「농수산물 품질관리법」 제6조 및 제7조에 따라 GAP 인증을 받은 농업인에게 GAP 인증에 소요되는 수수료(신청 수수료, 심사원 출장비) 지원",,대구광역시 달성군,시군구,농업정책과,개인,상시신청,방문신청,,달성군청 농업정책과/053-668-3394,https://www.gov.kr/portal/rcvfvrSvc/dtlEx/348000000344,1151,농업
348000000346,시설원예 맞춤형 비료 지원,농림축산어업,시설원예 농업인에게 친환경비료 구입 지원,"○ 달성군 관내에 주민등록주소 및 농경지(원예시설)를 두고 친환경비료를 이용하여 시설원예 작물을 재배하는 농업인에게 시설원예 작물 재배에 필요한 친환경비료 구입 지원
 - 2,000원/1포(20㎏ 기준) 정액 지원",,대구광역시 달성군,시군구,농업정책과,개인,상시신청,방문신청,,달성군청 농업정책과/053-668-3394,https://www.gov.kr/portal/rcvfvrSvc/dtlEx/348000000346,793,농업
348000000355,시설원예 친환경농자재 지원,농림축산어업,농업인에게 시설원예 친환경농자재 구입 지원,"○ 달성군 관내에 주소지를 두고 실제 거주하면서 사업대상 읍·면 농지에서 시설원예작물을 재배하는 농업인에게 시설원예 친환경농자재 지원
 - 군비60%, 자부담 40%, 1동당 60천원, 최대 30동까지 지원",,대구광역시 달성군,시군구,농업정책과,개인,매년 공고기간(1~2월) 내 신청 ,방문신청,,달성군 농업정책과/053-668-3393,https://www.gov.kr/portal/rcvfvrSvc/dtlEx/348000000355,665,"농업,농지"
348000000357,친환경 농업 직접지불사업 참여 농가 장려금 지원,농림축산어업,친환경 농산물 인증 농업인에게 친환경농업 장려금 지급,○ 달성군 관내에 주민등록주소 및 농경지를 두고 친환경농업직접지불사업에 참여하는 친환경(유기·무농약) 농산물 인증 농업인에게 친환경농업 장려금 지급,,대구광역시 달성군,시군구,농업정책과,개인,매년 친환경직불 공고기간(3~4월) 내 신청 ,방문신청,,달성군 농업정책과/053-668-3393,https://www.gov.kr/portal/rcvfvrSvc/dtlEx/348000000357,868,"농업,농가"
348000000358,채소 안정생산 관수시설 보급 지원,농림축산어업,사업 조건을 갖춘 농업인에게 관수시설 보급 지원,○ 가뭄대책 안정생산 관수시설 보급,,대구광역시 달성군,시군구,농촌지도과,개인,2024-12-26 ~ 2025-02-14,방문신청,,달성군농업기술센터/053-668-3253,https://www.gov.kr/portal/rcvfvrSvc/dtlEx/348000000358,556,"농업,농촌"
348000000366,농기계 수리 지원,농림축산어업,농기계 보유 군민에게 수리 서비스 제공,○ 농기계 수리 서비스 제공,,대구광역시 달성군,시군구,농촌지도과,개인,상시신청,방문신청,,달성군농업기술센터/053-668-3179,https://www.gov.kr/portal/rcvfvrSvc/dtlEx/348000000366,869,농촌
348000000370,맞춤형 농기계 임대 및 수리 서비스,농림축산어업,"농업인에게 임대농기계 이용 안내, 임대 및 수리 서비스 제공","○ 임대농기계 이용 안내 및 교육

○ 맞춤형 농기계 임대 및 수리 서비스 제공",,대구광역시 달성군,시군구,농촌지도과,개인,상시신청,방문신청,,달성군농업기술센터/053-668-3240,https://www.gov.kr/portal/rcvfvrSvc/dtlEx/348000000370,1117,"농업,농촌"
348000000373,농산물 판매 박스 지원,농림축산어업,농업인에게 농산물 판매박스 및 포장재 지원,"○ 달성군 생산 농산물의 판매 박스 및 포장재 지원
 - 품목별 부가세 제외 매입단가별로 보조비율 50% 적용",,대구광역시 달성군,시군구,농업정책과,개인,매년 공고기간(1~2월) 내 신청,방문신청,,달성군 농업정책과/053-668-3712,https://www.gov.kr/portal/rcvfvrSvc/dtlEx/348000000373,845,농업
348000000377,가업승계 농업인 지원,농림축산어업,가업승계 농업인에게 농업생산 장비 구입을 위한 보조금 지원,"○ 농업생산 설치, 장비구입을 위한 보조금 지원
 - 군비 70%, 자부담 30%",,대구광역시 달성군,시군구,농업정책과,개인,상시신청,방문신청,,달성군 농업정책과/053-668-2781,https://www.gov.kr/portal/rcvfvrSvc/dtlEx/348000000377,818,농업
348000000387,농약안전 사용장비 지원사업,생활안정,농약안전 사용 장비 공급,"농업인에게 농약안전 사용 장비(방제복, 마스크, 보안경 등) 공급",,대구광역시 달성군,시군구,농업정책과,가구,접수기관 별 상이,방문신청,,농업정책과/053-668-2783,https://www.gov.kr/portal/rcvfvrSvc/dtlEx/348000000387,916,농업
348000000433,도시농업 활성화 지원,농림축산어업,도시농업 및 농촌자원 분야 교육,"도시농업 활성화 지원
 - 도시농업 전문가 과정 교육
 - 치유농업 교육",,대구광역시 달성군,시군구,농촌지도과,개인,상시신청,방문신청,,달성군농업기술센터/053-668-3172,https://www.gov.kr/portal/rcvfvrSvc/dtlEx/348000000433,701,"농업,농촌"
348000000434,농산물 가공 교육,생활안정,"농산물 가공 기초 이론, 실습, 제품 생산 교육","○ 농산물 가공 교육
  - 기초, 중급, 심화 과정 교육",,대구광역시 달성군,시군구,농촌지도과,개인,상시신청,방문신청,,달성군농업기술센터/668-2975,https://www.gov.kr/portal/rcvfvrSvc/dtlEx/348000000434,941,농촌
349000000104,영농자재 지원,농림축산어업,농업인에게 영농자재 구입비 지원,"○ 영종구에 주소를 두고 농업경영체를 등록한 농업인에게 영농자재(멀칭비닐, 못자리용 부직포 등) 구입비 지원 
 - 보조비율 : 구비 60%, 자부담 40%

 ※ 지원품목은 상이할 수 있음",,인천광역시 영종구,시군구,도시농업과,개인,1~2월 중 신청 접수,방문신청,,도시농업과/032-760-7454||도시농업과/032-760-7443,https://www.gov.kr/portal/rcvfvrSvc/dtlEx/349000000104,638,"농업,영농"
349000000109,여성친화형 농기계 지원,농림축산어업,농업인에게 소형농기계 구입비 지원,"○ 영종구에 주소를 두고 농업경영체를 등록한 농업인에게 농기계 구입비 지원
 - 보조비율 : 구비 60%, 자부담 40%
 - 지원한도 : 농가당 1대 지원(최대 240만원 보조)",,인천광역시 영종구,시군구,도시농업과,개인,1~2월 중 신청 접수,방문신청,,도시농업과/032-760-8845,https://www.gov.kr/portal/rcvfvrSvc/dtlEx/349000000109,701,"농업,농가"
357000000121,이앙기 육묘상자 지원,생활안정,농업인 등에게 못자리 설치 육묘상자 공급 지원,"○ 강화군에 주소지를 둔 벼 재배 농업경영체 등록 농업인 또는 농업법인에게 못자리 설치 육묘상자 공급
 - 벼 재배 면적 0.1ha당 30개씩 지원",,인천광역시 강화군,시군구,농정과,개인,매년 2~4월,방문신청,,농정과/032-930-3388,https://www.gov.kr/portal/rcvfvrSvc/dtlEx/357000000121,648,농업
358000000110,원예용 상토 지원,농림축산어업, 농업인에게 원예용 상토 구입비 지원,"○ 원예용 인공상토 공급 지원을 통한 고품질 원예작물 재배에 기여
○ 지원내용
 - 원예용 상토 공급 : 1,000㎡(300평)별 7포(50L)
 - 상토구입비 : 1포/50L 6,600원(자부담 1,980원)
 - 해상운송비(영흥제외) : 전액 군비 지원
 ※ 면별 운송비 단가 상이",,인천광역시 옹진군,시군구,농정과,개인,사업 신청 공고시,방문신청,,농정과/032-899-2992,https://www.gov.kr/portal/rcvfvrSvc/dtlEx/358000000110,665,농업
358000000111,서북도서 농약 지원,생활안정,서북도서의 PLS 등록 농약 구매자에게 비용 일부 보조,"○ 백령·대청 농가에 농림축산식품부 PLS등록 농약 구입시 일부 보조

 ※ 예산소진 시 서비스는 종료됩니다.",,인천광역시 옹진군,시군구,농정과,개인,상시신청,방문신청,,농정과/032-899-2992,https://www.gov.kr/portal/rcvfvrSvc/dtlEx/358000000111,825,농가
358000000112,과수봉지 지원,농림축산어업,과수재배 농업인에게 봉지 구입공급 지원,"○ 옹진군에 거주하고 농업경영체에 등록된 과수재배 농업인에게 포도, 배, 사과, 복숭아 봉지의 구입공급 지원",,인천광역시 옹진군,시군구,농정과,개인,사업 신청 공고시,방문신청,,농정과/032-899-2993,https://www.gov.kr/portal/rcvfvrSvc/dtlEx/358000000112,858,농업
358000000113,귀농인 지원,주거·자립,"귀농인에게 정착장려금, 이사비용 등 지원","○ 사업대상 : 도시지역에서 농업전업으로 옹진군 전입하고 농업경영체에 등록된 세대주(만 20세 이상 65세 이하), 타직종 겸업불가

○ 지원내용
 - 정착장려금 1,200만원(세대 4인이상), 720만원(세대 2인~3인), 480만원(세대 1인) 
 - 이사비용 최대 100만원
 - 교육훈련비 최대 30만원
 - 농업기반사업비 최대 2,000만원
 - 주택수리비 최대 600만원
 - 농지임차비 최대 600만원",,인천광역시 옹진군,시군구,농정과,개인,상시신청,방문신청,,농정과/032-899-2983,https://www.gov.kr/portal/rcvfvrSvc/dtlEx/358000000113,967,"귀농,농업,농지"
360000000113,친환경 농자재 지원,농림축산어업,친환경인증 신규취득 농가에 친환경비료 구입비 지원,○ 친환경인증 신규취득농가에 친환경비료 등 구입비 지원,,전남광주통합특별시 서구,시군구,시장산업과,개인,상시신청,방문신청,,경제과/062-360-7496,https://www.gov.kr/portal/rcvfvrSvc/dtlEx/360000000113,690,농가
361000000110,맞춤형 농기계 지원,농림축산어업,농업인에게 맞춤형 농기계 구입비 일부 지원,○ 맞춤형 농기계 구입비 일부 지원,,전남광주통합특별시 남구,시군구,민생경제과,개인,구청 민생경제과 또는 동 행정복지센터 문의,정부24온라인신청||방문신청,,민생경제과/062-607-2743,https://www.gov.kr/portal/rcvfvrSvc/dtlEx/361000000110,708,농업
365000000101,농산물 저온저장고(농기계) 지원,농림축산어업,사업대상자로 선정된 농업인에게 농산물 저온저장고 구입비 일부 지원,농산물 저온저장고(농기계) 구입 지원,,대전광역시 중구,시군구,일자리경제과,개인,사업연도 전년도 7월 중,방문신청,,일자리경제과/042-606-7264,https://www.gov.kr/portal/rcvfvrSvc/dtlEx/365000000101,797,농업
366000000106,농업인 생산 지원,농림축산어업,서구 농업인에게 포장재 구입비 및 농기계 수리비 일부 지원,○ 포장재 및 농기계 수리 지원,,대전광역시 서구,시군구,지역경제과,개인,상시신청,방문신청,,지역경제과/042-288-2473,https://www.gov.kr/portal/rcvfvrSvc/dtlEx/366000000106,898,농업
366000000120,야생동물에 의한 농작물 등 피해 지원,문화·환경,야생동물에 의한 농작물 피해가 있는 경우 관할 행정복지센터에 방문하여 피해발생신고서 작성,"○ 야생동물에 의한 농작물 피해 보상금 지원
- 지원대상: 야생동물에 의한 농작물 등을 피해입은 농·임업인
- 신청방법: 관할 행정복지센터 방문하여 피해발생 신고서 작성
- 지원요건: 대전광역시 서구 관내에서 경작 또는 재배된 농작물, 산림작물에 직접 피해가 발생하는 경우
(단, 과수시설, 농작물시설, 묘지 및 인·축 피해 그 밖에 시설물 피해는 지원 불가)",,대전광역시 서구,시군구,기후환경과,가구,상시신청,방문신청,,서구청 기후환경과/042-288-3514,https://www.gov.kr/portal/rcvfvrSvc/dtlEx/366000000120,454,농작물
368000000109,농기계 수리지원,농림축산어업,대전광역시 대덕구 거주 농업인이 소유한 농기계의 수리비용 일부 지원,○ 대전 대덕구 관내 농업인에게 농기계 수리비용 일부 지원,,대전광역시 대덕구,시군구,자원농생명과,개인,상시신청,방문신청,,에너지산업과/042-608-6943,https://www.gov.kr/portal/rcvfvrSvc/dtlEx/368000000109,752,농업
370000000105,농업인 안전보험료 지원,농림축산어업,농업인에게 농업인 안전보험료 일부 지원,○ 농업인 안전보험료 일부지원,,울산광역시 남구,시군구,경제정책과,개인,상시신청,방문신청,,경제정책과/052-226-5665,https://www.gov.kr/portal/rcvfvrSvc/dtlEx/370000000105,907,농업
372000000110,사료자동급이기 설치 지원,농림축산어업,가축사육농가에 사료자동급이기 설치 지원,○ 소 사육농가에 사료자동급이기 설치 지원으로 사육환경개선 및 개체관리 강화,,울산광역시 북구,시군구,농수산과,개인,접수기관 별 상이,방문신청,,농수산과/052-241-8082,https://www.gov.kr/portal/rcvfvrSvc/dtlEx/372000000110,669,농가
372000000112,소 채혈보정용 고정대 지원,농림축산어업,소 10두 이상 사육농가에 채혈보정용 고정대 설치 지원,○ 소 사육농가 축사 내 채혈보정용 고정대 설치 지원,,울산광역시 북구,시군구,농수산과,개인,접수기관 별 상이,방문신청,,농수산과/052-241-8084,https://www.gov.kr/portal/rcvfvrSvc/dtlEx/372000000112,624,농가
372000000117,화훼 및 과채류 상토 지원,농림축산어업,시설원예 단체 등에게 화훼 및 과채류 상토 지원,○ 화훼 및 과채류 생산에 필요한 상토를 지원하여 농산물의 품질개선 등 안정적인 농산물 생산으로 농가소득 증대,,울산광역시 북구,시군구,농수산과,개인||법인/시설/단체,상시신청,방문신청,,농수산과/052-241-8083,https://www.gov.kr/portal/rcvfvrSvc/dtlEx/372000000117,618,농가
373000000103,친환경 인증 농산물 장려금 지원,농림축산어업,농업인 등에게 친환경인증농산물 장려금 지원,"○ 유기, 유기전환, 무농약 농산물 인증품을 생산하는 농업인, 생산자단체, 작목반을 대상으로 장려금 지급",,울산광역시 울주군,시군구,농업정책과,개인,상시신청,방문신청,,농업정책과/052-204-1523,https://www.gov.kr/portal/rcvfvrSvc/dtlEx/373000000103,668,농업
373000000124,과수 인공수분용 화분 지원,농림축산어업,과수재배 농가에 인공수분용 화분 구입비 지원,"○ 과수(배, 참다래) 농가에게 인공수분용 화분 구입비 지원",,울산광역시 울주군,시군구,농업정책과,개인,기관문의 필요,방문신청,,농업정책과/052-204-1532,https://www.gov.kr/portal/rcvfvrSvc/dtlEx/373000000124,761,"농업,농가"
373000000138,유해야생동물 퇴치용품(기피제 등) 보급,문화·환경,"기피제, 독수리모형, 버드스파이크 등 유해야생동물 퇴치에 필요 하다고 인정되는 물품 지원","○ 지원대상 : 울주군 관내에서 유해야생동물로 인해 농작물 피해를 입은자 및 일정한 지역에서 반복적·지속적으로 재산상의 피해를 입은 자*
   * 야생생물 보호 및 관리에 관한 법률 제12조제3항 및 같은법 시행령 제7조를 따름 

 ○ 지원용품 : 기피제, 독수리모형, 버드스파이크 등 유해야생동물 퇴치에 필요 하다고 인정되는 물품
   ※ 단, 포획용 도구는 지원 제외

 ○ 지원규모 : 총 사업비의 90%, 가구당 최대 20만원까지 지원",,울산광역시 울주군,시군구,환경기후과,개인,2026.4월~12월(예산소진시까지) (일정 변경 가능),방문신청,,울주군 환경기후과/052-204-2113,https://www.gov.kr/portal/rcvfvrSvc/dtlEx/373000000138,106,농작물
374000000104,농업기계구입지원,농림축산어업,농업인에게 농업기계 구입 비용의 50% 지원,○ 수원시에 주소를 두고 관내 농지를 1000㎡ 이상 경작하는 관내 농업인을 대상으로 농업기계 구입 비용의 50%를 지원,,경기도 수원시,시군구,생명산업과,개인,상시신청,방문신청,,생명산업과/031-228-3492,https://www.gov.kr/portal/rcvfvrSvc/dtlEx/374000000104,1440,"농업,농지"
374000000106,친환경 농업 소모성자재 지원,농림축산어업,친환경 농업인 및 단체에 소모성자재 지원,"○ 수원시에 주소를 두고, 수원시 농지에서 친환경 인증받은 농업인 및 농업인단체에 대해 소모성자재 지원
 - 포장재, 용기, 규산질비료 등",,경기도 수원시,시군구,생명산업과,개인,매년 2월중,방문신청,,수원시청 생명산업과/031-5191-2279,https://www.gov.kr/portal/rcvfvrSvc/dtlEx/374000000106,1081,"농업,농지"
374000000110,농업용 관리기 구입 지원,농림축산어업,농업인에게 농업용 관리기 구입 비용의 50% 지원,○ 수원시에 주소를 두고 관내 농지를 1000㎡ 이상 경작하는 관내 농업인을 대상으로 농업용 관리기 구입 비용의 50%를 지원,,경기도 수원시,시군구,생명산업과,개인,상시신청,방문신청,,생명산업과/031-228-3492,https://www.gov.kr/portal/rcvfvrSvc/dtlEx/374000000110,1624,"농업,농지"
374000000140,환경친화형 농자재 지원,농림축산어업,농업경영정보 등록 농업인에게 환경친화형 농자재 지원,"○ 사업대상 :「농어업경영체 육성 및 지원에 관한 법률」제4조에 따라 농업경영정보를 등록한 농업인 및 농업법인으로서 환경친화형농자재를 설치하려는 농지
              ※ 농업경영체 정보에 등록되지 않은 농지는 지원대상에서 제외
○ 지원내용 : 장기성 코팅 하우스필름, 생분해성 멀칭제, 잡초매트  
         ※ <생분해성 멀칭제> - 유기농인증 농가는  유기농업자재 공시자재만 지원 가능
              - 무농약인증 농가 및 그 외 일반농가는 생분해성 멀칭제(멀칭필름, 멀칭종이, 액상멀칭제 등)는 녹색제품정보시스템 환경표지인증제품           
○ 보조비율 : 보조50%, 자부담 50% 
○ 지원단가(상한액) : 장기성 코팅 하우스 필름 -단동형 9,000원/㎡, 연동형 10,000원/㎡ , 생분해성 멀칭제 - 170원/㎡ (농지면적 기준), 잡초매트 : 320원/㎡
○ 지원한도(상한액) :  생분해 멀칭제, 잡초매트-총사업비 10,000천원 이하(자부담 포함), 장기성 코팅 하우스필름-총사업비 30,000천원 이하(자부담 포함)",,경기도 수원시,시군구,생명산업과,개인,전년도 12월중,방문신청,,수원시청 생명산업과/031-5191-3322,https://www.gov.kr/portal/rcvfvrSvc/dtlEx/374000000140,1424,"농업,농가,농지"
383000000171,도시농업 활성화 지원(도시농업 운영지원),문화·환경,텃밭운영 교육기관 도시농업 교육 및 행사운영 보조금 지원,"○ 대상: 유아교육기관(어린이집, 유치원) 및 학교
  - 주말농장 임차, 상자텃밭, 옥상텃밭 등을 운영중인 기관
○ 예산: 19,000천원 (개소당 2,000천원 이하 지원)
     ※ 추경으로 변경될 수 있음
○ 내용: 도시농업 교육 및 행사 추진 보조금 지원
  - 텃밭 운영을 위한 종자, 모종 등 재료 및 강사비 등 지원
  - 지원제외: 텃밭 임차료, 상근직원 인건비, 자산취득비 등",,경기도 안양시,시군구,위생정책과,법인/시설/단체,2026.01.30~2026.02.12,방문신청,,위생정책과 농업축산팀/031-8045-5888,https://www.gov.kr/portal/rcvfvrSvc/dtlEx/383000000171,1938,농업
383000000187,소하천 점용료 및 사용료 감면,농림축산어업,소하천점용료 및 사용료 감면에 대한 사항,"○소하천 점용료 감면기준
  - 재해나 그 밖의 특별한 사정으로 본래의 점용목적을 달성할 수 없는 경우(감면율 100%)
○허가수수료
  - 국가, 지방자치단체, 정부투자기관 등이 받는 하천공사, 공작물의 신·개축허가, 토지의 굴착·성토·토지의 형상변경 및 식물의 재식, 그 밖의 농업을 목적으로 하는 허가(감면율 100%)
  - 재해로 인한 복구공사인 경우(감면율 100%)
 - 주민의 자력으로 하는 공익을 위한 비영리사업인 경우",,경기도 안양시,시군구,생태하천과,법인/시설/단체,상시신청,방문신청,,안양시청 생태하천과/031-8045-2923||만안구 건설과/031-8045-3504,https://www.gov.kr/portal/rcvfvrSvc/dtlEx/383000000187,1112,농업
386000000120,농업인 농기계 종합보험 가입 지원,농림축산어업,"농업인 및 농업회사법인의 농기계종합보험, 농업인안전보험 가입비 지원",○ 농기계종합보험 및 농업인안전보험 가입비 지원,,경기도 부천시,시군구,도시농업과,개인,상시신청,방문신청,,도시농업과/032-625-2793,https://www.gov.kr/portal/rcvfvrSvc/dtlEx/386000000120,1361,농업
386000000125,농업용 보행관리기 지원,농림축산어업,농업인에게 보행관리기 지원,"○ 부천시에 1년 이상 거주하고 있고, 관내 농지(밭)를 소유하거나 임차하여 농산물을 실경작하고 있는 농업인에게 보행관리기 지원",,경기도 부천시,시군구,도시농업과,개인,2월 중 (경기도 사업지침 시달 시 공고),방문신청,,도시농업과/032-625-2792,https://www.gov.kr/portal/rcvfvrSvc/dtlEx/386000000125,1296,"농업,농지"
390000000103,축분자원화(톱밥) 지원,농림축산어업,"소, 돼지 사육농가에 톱밥 지원","○ 소, 돼지 사육농가에 톱밥 지원으로 사육환경 개선",,경기도 광명시,시군구,도시농업과,개인,상시신청,방문신청,,도시농업과/02-2680-7926,https://www.gov.kr/portal/rcvfvrSvc/dtlEx/390000000103,842,"농업,농가"
390000000123,공익직불금(면적직불금 지급),생활안정,"O 농업을 통해 환경보전, 농촌유지, 식품안전 등 농업의 공익기능 증진 및 농가 소득안정","O 지급농지
종전의 쌀･밭･조건불리직불금 지급대상 농지의 요건을 충족한 농지이어야 함
 (쌀직불) ’98.1.1~’00.12.31일까지 논농업(벼, 연근, 미나리, 왕골을 재배하는 농업에 한정한다.)에 이용된 농지
 (밭직불) ’12.1.1~’14.12.31일까지 밭농업에 이용된 농지
 (조건불리직불) ‘03.1.1~’05.12.31일까지 조건불리지역에서 농업에 이용된 농지",,경기도 광명시,시군구,도시농업과,개인,3~4월 중,기타 온라인신청||방문신청,,광명시 도시농업과/02-2680-2353,https://www.gov.kr/portal/rcvfvrSvc/dtlEx/390000000123,5019,"농업,농촌,농가,농지"
390000000124,유기질비료 지원,농림축산어업,○ 유기물 투입을 통해 친환경 농업 실천기반 조성 및 안전 농산물 생산 유도,"○ 유기물비료 구입비 일부 지원
 - 1포당 1,600원 정액지원 및 초과분은 자부담
   ※ 참고)1포당 비료가격 : 가축분퇴비(약4천원), 일반퇴비(약6천원), 유기질비료(약8,000원), 혼합유박(약9천원)
 - 예산 초과시 경작지 면적에 따라 배분",,경기도 광명시,시군구,도시농업과,개인,2025-11-10 ~ 2025-11-30,기타 온라인신청||방문신청,,광명시 도시농업과/02-2680-2353,https://www.gov.kr/portal/rcvfvrSvc/dtlEx/390000000124,721,농업
390000000125,농작물재해보험 및 농업인-농기계 안전재해보험 가입지원,농림축산어업,"○ 농작물 재해보험 가입비 보조
○ 농업인 근로자 재해보험 가입비 보조
","○ 농작물 재해보험 가입비의 90% 지원 (자부담10%)
 - 농작물(60여종) 품목별 가입기간 및 가입비용 등 상이
 - 가입 문의 : 등본상 주소지의 지역농축협
○ 농업인 및 농기계 안전재해보험 가입비의 87.5%지원 (자부담 12.5%)
 - 보험단가는 농업인 연령, 농기계 종류·연식 등에 따라 상이
 - 가입문의 : 등본상 주소지의 지역농축협
 ※ 참고) 광명농협(☎02-2169-8040)",,경기도 광명시,시군구,도시농업과,개인,상시신청,직접입력,,광명시 도시농업과/02-2680-2353,https://www.gov.kr/portal/rcvfvrSvc/dtlEx/390000000125,1003,"농업,농작물"
390000000126,"농업인 (모판, 상토, 토양증진제) 지원",농림축산어업,"광명시 소재 농지에 농업경영체를 등록한 농업인에게 모판,상토,토양증진제 구입비 일부 지원","○ 사 업 명 : 농업인 지원사업(모판, 상토, 토양증진제)
 - 신청기간 : 2.13.(목)~2.21.(금)(모판)
 - 신청대상 : 광명시 소재 농지를 경영하는 농업인(농업경영체 등록 필수)
 - 지원품목 : 모판, 상토, 토양증진제
 - 제출서류 : <붙임> 신청서
 - 접수장소 : 도시농업과, 광명농협 학온지점",,경기도 광명시,시군구,도시농업과,개인,2025년 일정 확정시 ,직접입력,,도시농업과/02-2680-2353,https://www.gov.kr/portal/rcvfvrSvc/dtlEx/390000000126,977,"농업,농지"
391000000547,평택시 복합민원 사전상담 예약,행정·안전,복합민원 사전상담 예약을 통하여 방문 대기 시간 단축 및 원스톱 처리로 시민 편의 도모,"❍ 대상사무 : 인·허가 민원(건축, 개발행위, 농지, 환경, 위생)

❍ 접수부서 : 시청 종합민원실 1번창구, 각 처리부서

❍ 접수방법 : 온,오프라인
 - 온라인: 정부24
 - 오프라인: 방문, 전화, 팩스, 우편 

❍ 운영방법 : 민원실에서는 예약 접수된 민원을 처리부서에 통보, 처리부서에서는 민원인에게 상담일자 통보 및 상담에 따른 민원상담 일지 비치 운영",,경기도 평택시,시군구,민원행정과,개인,상시신청,정부24온라인신청||방문신청||직접입력,,민원행정과/031-8024-2864||민원행정과/031-8024-2866,https://www.gov.kr/portal/rcvfvrSvc/dtlEx/391000000547,251,농지
392000000102,완효성 비료보급 지원,농림축산어업,벼 재배 농업인에게 완효성 비료보급 지원,○ 환경친화적인 자연순환 농업의 정착 및 화학비료 보조제 폐지에 따른 농가의 농업경영비 부담 경감을 위한 퇴비 등 지원,,경기도 동두천시,시군구,농업축산과,개인||법인/시설/단체,접수기관 별 상이,방문신청,,농업축산위생과/031-860-3326,https://www.gov.kr/portal/rcvfvrSvc/dtlEx/392000000102,1155,"농업,농가"
393000000102,다목적 농기계 등 지원,농림축산어업,농업인 및 영농조합법인 등에 다목적농기계 지원,○ 관내 거주 및 관내 농지 농업경영체를 등록한 실경작 농업인에 다목적농기계 지원,,경기도 안산시,시군구,농업정책과,개인,접수기관 별 상이,방문신청,,상록구 도시주택과(신청)/031-481-5314||단원구 도시주택과(시내 신청)/031-481-6313||단원구 도시주택과(대부동신청)/031-481-6645,https://www.gov.kr/portal/rcvfvrSvc/dtlEx/393000000102,1592,"농업,영농,농지"
393000000113,원예작물 생산시설 현대화 지원,농림축산어업,"원예농업인에게 피해예방시설, 환경관리자재 등 지원","○ 유해조수 등 피해예방시설(방조망 및 구조물), 관수관비 등 환경관리자재·설비 등 지원",,경기도 안산시,시군구,농업정책과,개인,매년 1월~2월 (상세일정 변동 가능),정부24온라인신청||방문신청,,농업정책과/031-481-2318,https://www.gov.kr/portal/rcvfvrSvc/dtlEx/393000000113,1015,농업
393000000133,우수 농특산물 인증 경영체 지원,농림축산어업,"농특산물 인증경영체에 포장재 제작, 생산자재 구입비용 등 지원","○ 안산시 농특산물 인증 경영체 포장재 제작, 생산자재 구입비용 등 지원",,경기도 안산시,시군구,농업정책과,개인,접수기관 별 상이,방문신청,,농업정책과/031-481-2317,https://www.gov.kr/portal/rcvfvrSvc/dtlEx/393000000133,1159,농업
394000000105,폭염대비 등 면역증강제 지원,농림축산어업,축산농가에 면역증강제 공급 지원,○ 축산농가에 면역제 공급하여 가축 면역력 상승시켜 폭염피해 최소화,,경기도 고양시,시군구,농산유통과,개인,상시신청,방문신청,,농산유통과/031-8075-4257,https://www.gov.kr/portal/rcvfvrSvc/dtlEx/394000000105,1174,농가
394000000112,시설원예 농업냉난방시설 지원,농림축산어업,농업인에게 시설원예 농업냉난방시설 지원,○ 농업경영체에 등록된 농업인에게 시설원예 농업냉난방시설 설치 지원,,경기도 고양시,시군구,농업정책과,개인,접수기관 별 상이,방문신청,,농업정책과/031-8075-4253,https://www.gov.kr/portal/rcvfvrSvc/dtlEx/394000000112,1361,농업
394000000116,가금농가 사육환경개선시설 지원,농림축산어업,가금류 사육농가에 환기시설 등 사육환경 개선시설 설치비 지원,"○ 가금류 사육농가 대상으로 환기시설, 에어쿨시설 등 사육환경 개선시설 설치비 지원",,경기도 고양시,시군구,농산유통과,개인,매년 2월,방문신청,,농산유통과/031-8075-4259,https://www.gov.kr/portal/rcvfvrSvc/dtlEx/394000000116,1245,농가
394000000132,환경친화형 농자재 지원,농림축산어업,"시설하우스 재배농가 등에 하우스필름, 잡초매트 등 친환경농자재 지원","○ 장기성코팅하우스필름, 잡초매트, 생분해성멀칭제 등 환경친화형 농자재 지원",,경기도 고양시,시군구,농업정책과,개인,접수기관 별 상이,방문신청,,농업정책과/031-8075-4619,https://www.gov.kr/portal/rcvfvrSvc/dtlEx/394000000132,986,"농업,농가"
401000000114,농기계 구입비 지원,농림축산어업,시흥시 거주 시흥농업인에게 농기계 구입비 금액 지원,"○ 농기계 구입비 지원
 - 정부지원 농업기계 목록집 수록 농기계 구입비 지원
 - 구입비의 40%이내 보조(조정 가능)
 - 상한가 존재  ※ 상한액 : 10백만원(50백만원 미만), 15백만원(50백만원 이상)",,경기도 시흥시,시군구,농업정책과,개인,신청 공고시,정부24온라인신청||방문신청,,농업정책과/031-310-6204,https://www.gov.kr/portal/rcvfvrSvc/dtlEx/401000000114,1683,농업
401000000506,농업잔재물 파쇄작업 지원,농림축산어업,전화·방문 접수한 농가에 대하여 농지에 방문하여 농업 부산물 파쇄 및 수거 처리  ,전화·방문 접수한 농가에 대하여 농지에 방문하여 농업 부산물 파쇄 및 수거 처리,,경기도 시흥시,시군구,농업정책과,개인,"상반기 1월~2월, 하반기 9월~10월)",직접입력,,시흥시 농업정책과/031-310-6204,https://www.gov.kr/portal/rcvfvrSvc/dtlEx/401000000506,122,"농업,농가,농지"
403000000117,농업기계 수리비 지원,농림축산어업,농업인에게 농업기계수리비 지급,"○ 관리기, 경운기, 트랙터 등 농업기계수리비(공임비) 지급 : 40만원/년 한도",,경기도 의왕시,시군구,도시농업과,개인,상시신청,방문신청||직접입력,,의왕시 도시농업과/031-345-2394,https://www.gov.kr/portal/rcvfvrSvc/dtlEx/403000000117,1319,농업
403000000118,농산물 인증검사비 지원,농림축산어업,친환경 인증농가 및 GAP 인증에  소요되는 검사비 지원,"○ 친환경농산물, GAP인증농산물 인증농가 검사비지원",,경기도 의왕시,시군구,도시농업과,개인,상시신청,방문신청,,도시농업과/031-345-2394,https://www.gov.kr/portal/rcvfvrSvc/dtlEx/403000000118,1297,"농업,농가"
403000000131,공동체팜 도시농부 활동지원,농림축산어업,도시농업공동체 등록된 업체 운영 활동지원,"❍ 도시농업 공동체 활동지원
  - 대상: 도시농업공동체 등록된 단체(의왕시민 5인 이상 구성)",,경기도 의왕시,시군구,도시농업과,법인/시설/단체,사업신청 기간( 2월 ~3월),방문신청,,도시농업과/031-345-2784,https://www.gov.kr/portal/rcvfvrSvc/dtlEx/403000000131,1157,농업
403000000136,농산물 포장재 지원,농림축산어업,"농산물 포장재 지원 (보조금 지원 50%)
단체 당 300만원 이하로 지급","농업경영체의 경쟁력 강화를 위해 농산물 포장재 지원
- 지원대상:  품목별 생산조직체, 농협 등
- 내        용: 농산물 포장재 지원
- 단체 당 300만원 이하로 지급(보조금 지원 50%)
 ※신청인원이나 단체상황에 따라 지원금액 변경가능",,경기도 의왕시,시군구,도시농업과,법인/시설/단체,1월 중 신청,방문신청,,도시농업과/031-345-2395,https://www.gov.kr/portal/rcvfvrSvc/dtlEx/403000000136,1185,농업
406000000120,가금농가 경쟁력 강화,농림축산어업,가금사육농가에 시설 및 장비 지원,○ 가금농가 시설 및 장비 지원,,경기도 파주시,시군구,동물관리과,개인,상시신청,정부24온라인신청||방문신청,,동물관리과/031-940-4913,https://www.gov.kr/portal/rcvfvrSvc/dtlEx/406000000120,1178,농가
407000000101,가금농가 폭염대비 면역증강제 제공,농림축산어업,가금 사육농가에 면역력 증강제 제공 지원,○ 폭염에 취약한 가금 면역력 상승을 위한 증강제(비타민 등) 제공,,경기도 이천시,시군구,축산과,개인,상시신청,방문신청,,축산과/031-644-2622,https://www.gov.kr/portal/rcvfvrSvc/dtlEx/407000000101,1315,농가
407000000106,농기계 종합보험 및 농업인 안전재해보험 지원,농림축산어업,농기계소유 농업인 등에게 농기계종합보험 및 농업인안전보험 가입비 지원,"농업인안전보험 :
- 만 15～87세(단, 일부상품은 84세)로 영농에 종사하는 농업인
농기계종합보험 :
- 보험대상 농기계(12종)를 소유 또는 관리하는 자
      * 대상 농기계 : 경운기, 트랙터, 콤바인, SS분",,경기도 이천시,시군구,농업정책과,개인,상시신청,방문신청,,이천시 농업기술센터 농업정책과/031-6190-7321,https://www.gov.kr/portal/rcvfvrSvc/dtlEx/407000000106,1126,"농업,영농"
408000000535,환경친화형 농자재 지원,농림축산어업,농업인 등에게 환경친화형 농자재 지원,"○ 환경친화형 농자재지원(생분해성필름, 잡초매트 지원)",,경기도 안성시,시군구,농업정책과,개인, ’25.12.29.~ ’26.1.28.,방문신청,,농업정책과/031-678-2933||읍면동별 산업팀/031-678-,https://www.gov.kr/portal/rcvfvrSvc/dtlEx/408000000535,1047,농업
408000000542,과수계약재배 출하비 지원,농림축산어업,계약재배하는 과수재배농가에 출하비 지원,"○ 생산자단체(APC 등)와 계약을 통해 공동선별, 포장, 규격출하, 판매 등을 실시하는 도내 과수생산 농업인에게 과수 계약재배 출하비 지원",,경기도 안성시,시군구,농업정책과,개인,도 확정내시 후 사업신청 (평균4~5월),방문신청||직접입력,,농업정책과/0316782934,https://www.gov.kr/portal/rcvfvrSvc/dtlEx/408000000542,1229,"농업,농가"
408000000546,농업인 월급제 융자 지원,농림축산어업,농작물 출하약정을 체결한 농가에 융자에 따른 이자 보전 지원,"○ 농업인 융자실시에 따른 이자 보전
 - 융자한도 : 농협수매 출하 예상액의 60%(상한액: 농가당 1,600만원)
 - 지급방법(택1) : 매월, 일시금",,경기도 안성시,시군구,농업정책과,개인,상시신청,방문신청,,농업정책과/031-678-2524,https://www.gov.kr/portal/rcvfvrSvc/dtlEx/408000000546,1386,"농업,농가,농작물"
408000000557,안성농특산물 택배비 지원,농림축산어업,관외 소비자에게 직접 배송되는 안성 농특산물에 대한 택배 물류비 지원,"○지원기준
  - 택배 배송 1건당 3,000원 지원
  - 택배비 8,000원 이상 시 2건으로 처리하여 6,000원 지원
  - 농가 당 연간 1,500천원(500건) 한도",,경기도 안성시,시군구,농축산유통과,개인,2026-01-01 ~ 2026-12-04,방문신청,,농축산유통과/031-678-2555,https://www.gov.kr/portal/rcvfvrSvc/dtlEx/408000000557,862,농가
409000000112,농특산물 통합상표 육성지원,농림축산어업,금빛나루 인증경영체에 대하여 인증품목의 포장재 등 비용 일부지원,○ 김포시 농특산물 통합상표(금빛나루) 인증경영체에 대하여 인증품목의 포장재 등 비용 일부지원,,경기도 김포시,시군구,농업정책과,개인||법인/시설/단체,보조사업 신청 시기 도래시 별도 안내,기타 온라인신청,,농업정책과/031-5186-4282,https://www.gov.kr/portal/rcvfvrSvc/dtlEx/409000000112,1803,농업
409000000121,친환경농산물 직접지불금 지원,농림축산어업,친환경인증 농가에 직불금 지급,"친환경 인증 농업인에게 직불금 지급
 - 유기농인증(곡류) : 2,150천원/ha, 무농약인증(쌀) : 1,500천원/ha
 - 유기농인증(채소류) : 3,950천원/ha, 무농약인증(채소) : 2,950천원/ha
 - 유기농인증(과실류) : 4,950천원/ha, 무농약인증(과실류) : 3,950천원/ha",,경기도 김포시,시군구,농업정책과,개인,접수기관 별 상이,방문신청,,김포시 농업기술센터 농업정책과/03151864278,https://www.gov.kr/portal/rcvfvrSvc/dtlEx/409000000121,1136,"농업,농가"
409000000151,유기질비료 지원 사업,농림축산어업,유기질비료 및 부숙유기질비료 구입 비용 일부 지원,유기질비료 및 부숙유기질비료 구입 비용 일부 지원,,경기도 김포시,시군구,농업정책과,개인,매년 11~12월경,방문신청,,농업정책과/03151864278,https://www.gov.kr/portal/rcvfvrSvc/dtlEx/409000000151,163,농업
409000000152,친환경 농산물 인증비 지원 사업,농림축산어업,"친환경농산물 인증 검사비 수수료 지원(30%, 최대15만원)",친환경농산물 인증 검사비 수수료 지원,,경기도 김포시,시군구,농업정책과,개인,상시신청,방문신청,,농업정책과/03151864278,https://www.gov.kr/portal/rcvfvrSvc/dtlEx/409000000152,105,농업
414000000115,친환경농법 볏짚환원 지원,농림축산어업,○ 친환경 인증 필지 볏짚환원 지원 1ha당 350천원 ,○ 친환경 인증 필지 볏짚환원 지원 1ha당 350천원,,경기도 연천군,시군구,농업정책과,개인,매년 9월 ,방문신청,,농업정책과 친환경농업팀/031-839-2429,https://www.gov.kr/portal/rcvfvrSvc/dtlEx/414000000115,985,농업
414000000116,영세농 유기질비료 지원,농림축산어업,영세농가에 가축분퇴비 비용 일부 지원,"○ 농업경영체 등록기준(1,000㎡이상 경작)이 되지 않아 국비사업 수혜를 못 받는 영세농을 대상으로 가축분퇴비 비용 일부지원",,경기도 연천군,시군구,농업정책과,개인,매년 12월(추진상황에 따라 변동될 수 있음),방문신청,,농업정책과 친환경농업팀/031-839-2318,https://www.gov.kr/portal/rcvfvrSvc/dtlEx/414000000116,992,"농업,농가"
414000000118,귀농귀촌인 정착 지원,주거·자립,"○ 전입세대: 주택(농업용창고)설계 또는 주택수리 지원 
○ 귀농인: 농자재 구입 지원 
","○ 단독주택 설계비(또는 농업용창고 설계비)
    - 지원대상: 단독주택을 신축하여 전입한 세대  * 단독주택이 아닌 경우 지원 불가
    - 지원내용: 주택(또는 농업용창고) 설계에 따른 1백만원 이내의 실비
    - 신청기한: 전입일 기준 1년 이내 신청

○  단독주택 수리비
    - 지원대상: 단독주택을 구입하거나 2년 이상 임차하여 전입한 세대  * 단독주택이 아닌 경우 지원 불가
    ※ 전입세대원이 전입한 날로부터 1년이전 또는 1년 이내에 주거목적의 단독주택을 구입하거나 2년이상 임차한 경우 지원가능  
    - 지원내용: 단독주택 수리에 따른 2백만원 이내의 실비
    - 신청기한: 전입일 기준 1년 이내 신청


○ 영농정착금
    - 지원대상: 연천군에 전입한 세대가 농업경영체를 신규 등록하고 관내 소재 농지에서 실경작하는 만65새 이하의 세대주
    - 지원내용: 전입일 기준 1년 전 또는 1년 이내에 구입한 농자재 구입에 따른 1백만원 이내의 실비
    - 신청기한: 전입일 기준 1년 이내 신청

귀농인 : 영농정착금(1백만원 이내 실비)",,경기도 연천군,시군구,농업개발과,가구,전입일로부터 1년 이내,방문신청,,농업개발과/031-839-4242,https://www.gov.kr/portal/rcvfvrSvc/dtlEx/414000000118,1912,"귀농,귀촌,농업,영농,농지"
414000000431,맞춤형비료 지원,농림축산어업,연천군 관내에 주소를 둔 수도작 재배 농가에게 맞춤형 비료 지원,"○ 사업대상: 연천군 관내에 주소를 둔 수도작 재배 농가 및 밭작물 재배농가 
○ 맞춤형비료 지원 1ha당 20포(포당 6,000원 정액지원)",,경기도 연천군,시군구,농업정책과,개인,매년 1월,방문신청,,농업정책과/031-839-2429,https://www.gov.kr/portal/rcvfvrSvc/dtlEx/414000000431,379,"농업,농가"
414000000441,농자재 지원사업,농림축산어업,"○ 농자재 구입비 일부지원(보조50%, 자부담 50%)",○ 사 업 내 용: 저온저장고 외 22종 구입비 50% 보조,,경기도 연천군,시군구,농업정책과,개인||법인/시설/단체,매년 8월(추진상황에 따라 일부 변동될 수 있음),방문신청,,농업정책과 친환경농업팀/031-8392318,https://www.gov.kr/portal/rcvfvrSvc/dtlEx/414000000441,413,농업
414000000443,"농작물 병해충 방제약제 지원(대상작물: 벼, 콩, 배추·무, 과수)",농림축산어업,방제약제 지원,"○ 벼 병해충 방제약제 지원
○ 콩 노린재 방제약제 지원
○ 무·배추 뿌리혹병 방제약제 지원
○ 과수 돌발해충(미국선녀벌레 등)방제약제 지원
○ 사과·배 과수화상병 방제약제 지원",,경기도 연천군,시군구,기술보급과,개인,"작물별 상이(벼: 1월 / 콩: 5월 / 무·배추: 2월, 7월 / 과수(사과,배 포함):  2월",방문신청,,소득기술팀/031-839-4253||소득기술팀/031-839-4233||작물환경팀/031-839-4250,https://www.gov.kr/portal/rcvfvrSvc/dtlEx/414000000443,130,농작물
414000000450,농기계임대사업,농림축산어업,"❍ 임대사업용 농기계 구입
    - 사업대상: 연천군 농업인(농업경영체 등록된 농업인)","❍ 임대사업용 농기계 구입
   - 사업대상: 연천군 농업인(농업경영체 등록된 농업인)
   - 사업내용: 농기계１대당 90,000천원까지 기금으로 지급하고 45,000천원을 임대료로 납부(임대완료후 감정가로 인수)
   - 지원품목: 트랙터, 콤바인 등",,경기도 연천군,시군구,농업정책과,개인,사업시행 전년도 8월(8.1.~8.30.),방문신청,,친환경농업팀/031-839-2311,https://www.gov.kr/portal/rcvfvrSvc/dtlEx/414000000450,165,농업
414000000451,연천군 농업발전기금,농림축산어업,"연천군 농업발전기금(경영자금, 농어업생산유통시설자금) 지원","○ 지원대상
-일반농업: 원예, 특작, 과수, 수도작을 경영하는 모든 개별농가 및 영농조합법인
- 축산: 가축을 사육 중인 축산농가(개별농가, 축산단지, 영농조합)/ 대상축종: 한우, 젖소, 돼지, 닭, 축산업법상의 기타가축
- 연천군 내 거주하며 군내 위치한 사업장에서 1년 이상 일반농업, 축산, 수산업에 종사하고 있는 농어업인 및 농어업인단체(영농조합법인)로서 다음 조건을 모두 갖춘 농가
• 해당 품목별 대출금액에 상응하는 경영규모를 갖추고 발전기금 지원으로 경영개선이 될 수 있다고 인정되는 농가
• 대출 취급기관에 연체중인 대출금이 없고 신용 상태가 양호한 농가

○ 지원한도
- 경영자금: 30백만원 이내
- 농어업생산유통시설자금 등: 50백만원 이내

○ 자금용도
- 농어업을 경영하는데 소요되는 경비
- 농어업생산유통시설에 필요한 자금

○ 지원조건
- 농어업경영자금: 1.0% (1년거치 2년 균등 분할 상환)
- 농어업생산유통시설자금: 1.0% (2년거치 3년 균등 분할 상환)",,경기도 연천군,시군구,농업정책과,개인,신청 공고문에 기재된 신청기간,방문신청,,농업정책과/031-839-2806,https://www.gov.kr/portal/rcvfvrSvc/dtlEx/414000000451,199,"농업,영농,농가"
414000000454,남토북수 브랜드 포장재 제작 및 구입비 지원,농림축산어업,"연천군 지역에서 생산되면서, ‘남토북수’ 인증을 받은 농특산물에 대한 포장재 제작 및 구입","연천군 지역에서 생산되면서, ‘남토북수’ 인증을 받은 농특산물에 대한 포장재 제작 및 구입비(동판비, 원료비 포함) 지원",,경기도 연천군,시군구,농업정책과,법인/시설/단체,보조사업 신청 시기 도래시 별도 안내,방문신청,,농업정책과 농업유통팀/031-839-2369,https://www.gov.kr/portal/rcvfvrSvc/dtlEx/414000000454,443,농업
414000000456,귀농 청년농업인 주거비(월세) 지원,생활안정,연천군에 주소를 두고 귀농한 청년농업인으로 월임차료 최대 20씩 예산범위 안에서 지원함,"○ 사 업 명: 연천군 귀농 청년농업인 주거비 지원사업
  ○ 신청기간: 2026. 1월 ~ 12월(예산 소진시까지)
  ○ 지원대상
     - 19세 이상 39세 이하 2026년 기준 연령: 1986년~2006년생의 청년농업인으로 연천군에 주소를 두고 실제 임차주택에 거주하고 있는 자
     - ｢농어업경영체 육성법｣에 따라 관내에 농지를 두고 농업경영정보를 ‘경영주’로 등록한 “독립경영체”로 본인이 직접 영농에 종사하는 자
     - 무주택 청년으로 별도의 독립세대(세대주)를 구성한 자
  ○ 지원기준: 월세 임차료 최대 20만원/월",,경기도 연천군,시군구,농업개발과,개인,상시신청,방문신청,,농업개발과/031-839-4243,https://www.gov.kr/portal/rcvfvrSvc/dtlEx/414000000456,297,"귀농,농업,영농,농지"
416000000107,"농가 소득배가 육성 지원(내재해형 비닐하우스 지원, 농산물 건조기 지원, 농산물 저온저장고 지원)",농림축산어업,"농업인에게 소득증대사업, 농업시설, 저온저장고 등 지원","○ 기후변화대응 내재해형 비닐하우스 농업시설지원
 - 가평군 관내에 거주하는 농업경영체를 등록한 농업인에게 330㎡ 크기의 내재해형 비닐하우스 1동 50% 지원

○농산물 저온저장고 지원
 - 가평군 관내에 거주하는 농업경영체를 등록한 원예·과채류·화훼 등을 재배하는 농업인에게 16.5㎡, 9.9㎡ 크기의 저온저장고 1동 50% 지원

○농산물 건조기 지원
 - 가평군 관내에 거주하는 농업경영체를 등록한 원예·과채류·화훼 등을 재배하는 농업인에게 1~3칸 규모의 농산물 건조기 1동 50% 지원",,경기도 가평군,시군구,농업과,개인,2025-01-15~2025-02-14,방문신청,,농업과/031-580-4757||농업과/031-580-4780,https://www.gov.kr/portal/rcvfvrSvc/dtlEx/416000000107,1157,"농업,농가"
416000000110,과수계약재배 출하비 지원,농림축산어업,농업인 등에게 과수계약재배 출하비용 지원,"○ 생산자단체(APC등)와 계약물량의 50% 이상 출하약정을 통해 공동선별⸱포장⸱규격출하⸱판매 등을 실시하는 도내 과수생산 농업인

○ 공동으로 선별⸱포장⸱저온저장⸱규격출하⸱마케팅⸱판매 등에 소요되는 출하비용(과수농가 지급비용) 지원
 - 지원품목 : 배, 사과, 포도, 복숭아, 체리, 블루베리, 수박, 방울토마토(신규)

  - (기존품목) 배, 사과, 포도, 복숭아, 체리, 블루베리 500천원/톤
  - (신규진입품목) 수박, 방울토마토 300천원/톤",,경기도 가평군,시군구,농업과,개인||법인/시설/단체,2025-01-01~2025-08-31,방문신청,,농업정책과/031-580-4780,https://www.gov.kr/portal/rcvfvrSvc/dtlEx/416000000110,1355,"농업,농가"
416000000112,친환경 유기질 비료 지원,농림축산어업,농업경영체를 등록한 농가에 친환경 유기질비료 지원,○ 가평군 관내에 주소를 두고 농업경영체를 등록한 농업인에게 농업경영체 등록정보에 등록된 농지를 대상으로 유기질비료 지원,,경기도 가평군,시군구,농업과,개인,2025-11-01~2025-12-31,방문신청,,농업정책과/031-580-4780,https://www.gov.kr/portal/rcvfvrSvc/dtlEx/416000000112,1119,"농업,농가,농지"
417000000110,유기질비료 지원 및 팔당댐 상류지역 영농비 지원,농림축산어업,농가에 혼합유박 및 가축분퇴비 등 비료구입비 지원,○ 농업인을 대상으로 혼합유박 및 가축분퇴비 등 비료구입비 지원,,경기도 양평군,시군구,친환경농업과,개인,1~2월,방문신청,,친환경농업과/031-770-3629,https://www.gov.kr/portal/rcvfvrSvc/dtlEx/417000000110,1066,"농업,영농,농가"
417000000118,친환경 인증 농가 농업생산자재 지원,농림축산어업,친환경인증농지를 보유한 농가에 유기농업자재 구입비 지원,"○ 친환경인증농가를 대상으로 영농에 필요한 유기농업자재 구입비 지원

 ※ 친환경인증 면적에 따라 보조금액 산정",,경기도 양평군,시군구,친환경농업과,개인,1~2월,방문신청,,친환경농업과/031-770-2413,https://www.gov.kr/portal/rcvfvrSvc/dtlEx/417000000118,1026,"농업,영농,농가,농지"
417000000124,로컬푸드 직매장 및 농가 생산 및 가공 지원,농림축산어업,경기도 로컬푸드 납품농가 등에 생산 및 가공시설 지원,"○ 서비스 내용
 - 로컬푸드 직매장 및 납품농가를 대상으로 생산 및 가공시설 지원
 - 비닐하우스, 난방기, 다겹보온커튼,자동개폐시설, 이동식저류조, 저온저장고, 기타 생산시설 지원

○ 서비스 금액
 - 보조금 50% / 자부담 50%",,경기도 양평군,시군구,친환경농업과,개인,1~2월,방문신청,,친환경농업과/031-770-2338,https://www.gov.kr/portal/rcvfvrSvc/dtlEx/417000000124,1285,"농업,농가"
418000000237,토종벌 사육농가 생산지원,농림축산어업,"토종벌 사육하는 농가 대상으로 벌통(개량형,재래형), 꿀 포장재 지원 
","○ 춘천시 관내에서 토종벌 사육하는 농가 대상으로 벌통(개량형,재래형), 꿀 포장재 지원 
    - 군당 10만원 한도 내 보조 50% 자부담 50%",,강원특별자치도 춘천시,시군구,축산과,개인,2025.12.31.~2026.1.30.,방문신청,,축산과/033-250-3037,https://www.gov.kr/portal/rcvfvrSvc/dtlEx/418000000237,588,농가
418000000245,농기계 수리비 지원,농림축산어업,농업인 등에게 농기계 수리비 지원,"○ 농기계 수리비 지원 : 농기계 수리지정점 이용 농기계 수리(부품)비 지원

○ 농가당 연간 60만원 한도 지원(대형농기계 1기종당 60만원 이내, 중소형농기계 1기종당 15만원 이내)",,강원특별자치도 춘천시,시군구,농업지원과,개인,상시신청,방문신청,,농업지원과 농기계팀/033-250-4338,https://www.gov.kr/portal/rcvfvrSvc/dtlEx/418000000245,882,"농업,농가"
418000000250,춘천시 청년농업인 영농정착 지원,생활안정,청년농업인에게 영농정착 지원금 지급,"○ 만 19세 이상 ~ 만 45세 이하, 독립경영 3년 이하의 영농종사자 및 예정자 대상, 최대 3년간 매월 100만원씩 영농정착 지원금 지원",,강원특별자치도 춘천시,시군구,농업정책과,개인,매년 5~6월,방문신청,,미래농업과/033-250-4738,https://www.gov.kr/portal/rcvfvrSvc/dtlEx/418000000250,1080,"농업,영농"
422000000105,귀농인 농기구 및 수리비 지원,농림축산어업,귀농인에게 농기구 구입비 및 주택 신축수리비 지원,○ 귀농인에게 농기구 구입비 및 주택 신축수리비 지원,,강원특별자치도 태백시,시군구,농업과,개인,상시신청,방문신청,,태백시농업기술센터 농업정책팀/033-550-2117,https://www.gov.kr/portal/rcvfvrSvc/dtlEx/422000000105,696,"귀농,농업"
422000000123,영농정착 시설 및 장비구입 지원,농림축산어업,청년농업인에게 영농시설 및 장비 지원,"○ 영농시설 및 장비 지원
 - 예) 방제용 드론, 하우스, 농기계 등",,강원특별자치도 태백시,시군구,농업과,개인,연초 사업공고 게재 시,방문신청,,농업기술센터/033-550-3149,https://www.gov.kr/portal/rcvfvrSvc/dtlEx/422000000123,550,"농업,영농"
422000000131,지역소득작목 육성사업(건조기 지원),농림축산어업,"고추, 산채류 등 농산물 건조기 지원",○ 건조기 지원 10대,,강원특별자치도 태백시,시군구,농업과,개인,상시신청,방문신청,,태백농업기술센터/0335502420,https://www.gov.kr/portal/rcvfvrSvc/dtlEx/422000000131,571,농업
422000000132,산지저온시설 지원,농림축산어업,"농산물 및 과수 저온저장고 지원(3평, 4평, 5평, 10평)",농산물 및 과수 저온저장고 지원,,강원특별자치도 태백시,시군구,농업과,개인,상시신청,방문신청,,태백시농업기술센터/033-550-2420,https://www.gov.kr/portal/rcvfvrSvc/dtlEx/422000000132,566,농업
422000000133,여성농업인 복지바우처 지원,농림축산어업,"ㅇ 여성농업인 복지바우처 지원사업
 - 지원금액: 200천원(1인당)","ㅇ 여성농업인 복지바우처 지원사업
 - 지원금액: 200천원(1인당)",,강원특별자치도 태백시,시군구,농업과,개인,접수기관 별 상이,방문신청,,농업기술센터/033-550-2721,https://www.gov.kr/portal/rcvfvrSvc/dtlEx/422000000133,1113,농업
422000000134,여성농업인 노동경감 지원,농림축산어업, 농작업 편이장비 지원(다용도 작업대 및 이동식 충천분무기 중 택1),"ㅇ 사업내용
- 농작업 편이장비 지원(다용도 작업대 및 이동식 충천분무기 중 택1)",,강원특별자치도 태백시,시군구,농업과,개인,접수기관 별 상이,방문신청,,농업기술센터/033-550-2721,https://www.gov.kr/portal/rcvfvrSvc/dtlEx/422000000134,663,농업
422000000135,청년농업인 맞춤형 특화 지원,생활안정,"○ 생산유통, 제조가공, 체험관광, 브랜드개발 등 농업분야 창업기반 구축 지원","○ 생산유통, 제조가공, 체험관광, 브랜드개발 등 농업분야 창업기반 구축 지원",,강원특별자치도 태백시,시군구,농업과,개인,연초 사업공고 게재 시,방문신청,,태백시농업기술센터/550-3767,https://www.gov.kr/portal/rcvfvrSvc/dtlEx/422000000135,641,농업
422000000141,귀농인정착지원금,농림축산어업,주택 수리,귀농가구 지원,,강원특별자치도 태백시,시군구,농업과,개인,상시신청,방문신청,,태백시 농업기술센터/033-550-2995,https://www.gov.kr/portal/rcvfvrSvc/dtlEx/422000000141,779,"귀농,농업,농가"
423000000469,유기질비료 지원,농림축산어업,농업경영체에 유기질비료 지원,○ 유기질비료 구매비 일부 지원,,강원특별자치도 속초시,시군구,농업기술센터,개인,상시신청,방문신청,,농업기술센터/033-639-2910,https://www.gov.kr/portal/rcvfvrSvc/dtlEx/423000000469,685,농업
423000000470,마을 특화작물 포장재 지원,농림축산어업,마을 특화작물 농가에 포장재 제작비용 지원,"○ 지역 마을특화작목 품목에 대해 유통비용 절감을 위한 포장재 제작비용 지원
 - 포장재 지원 

 ※ 보조 90%, 자부담 10%(추가 금액 발생시 자부담)",,강원특별자치도 속초시,시군구,농업기술센터,개인,상시신청,방문신청,,농업기술센터/033-639-2687,https://www.gov.kr/portal/rcvfvrSvc/dtlEx/423000000470,1032,"농업,농가"
423000000472,농기계 종합보험 지원,농림축산어업,보험대상 농기계를 소유한 농업인에게 농기계종합보험 가입비 지원,"○ 보험대상 농기계를 소유한 농업인의 농기계종합보험 가입비 지원사업
 - 농작업 중 발생하는 농기계 사고로 인한 재해 피해를 보장하여 안정적인 영농수행 보장 보험가입비 90% 지원",,강원특별자치도 속초시,시군구,농업기술센터,개인,상시신청,방문신청,,농업기술센터/033-639-2907,https://www.gov.kr/portal/rcvfvrSvc/dtlEx/423000000472,766,"농업,영농"
423000000479,농작물 재해보험 지원,생활안정,농업인을 대상으로 농작물재해보험 가입비 지원,"○ 자연재해로 인한 농작물 피해 경감을 위한 재해보험 가입비 지원 사업
 - 자연재해로 인한 농작물 피해 보상
 - 보험가입비 90% 지원",,강원특별자치도 속초시,시군구,농업기술센터,개인,상시신청,방문신청,,농업기술센터/033-639-2907,https://www.gov.kr/portal/rcvfvrSvc/dtlEx/423000000479,919,"농업,농작물"
423000000488,농업인 안전보험 지원,농림축산어업,농업인에게 안전보험 가입비 지원,"○ 농업인 안전보험 가입비 지원 사업 : 농작업 중 발생한 재해 보상으로 사회안전망 제공, 보험가입비 90% 지원",,강원특별자치도 속초시,시군구,농업기술센터,개인,상시신청,방문신청,,농업기술센터/033-639-2893,https://www.gov.kr/portal/rcvfvrSvc/dtlEx/423000000488,842,농업
424000000147,조류 인플루엔자 백신 지원,농림축산어업,산란계 사육농가에 조류인플루엔자 예방백신 지원,○ 산란계 사육농가 조류인플루엔자 예방백신 지원(자부담30%),,강원특별자치도 삼척시,시군구,축산과,개인,상시신청,방문신청,,축산과/033-570-3397,https://www.gov.kr/portal/rcvfvrSvc/dtlEx/424000000147,581,농가
424000000170,대형농기계 수리비 지원,농림축산어업,대형 농기계를 소유하고 있는 농가에 부품비 지원,"○ 최대 40만원 부품비 농가 지원
○ 기종별 연 20만원 이하
   - 20만원 초과 부품대 및 공임비는 자부담
○ 농가당 2종 기종별 연1회 지원
○ 지원기종 : 4종(트랙터, 콤바인, 이앙기, 스키드로우더) 
  - 로터리날, 예취날, 분리침은 2년에 1회 지원
○ 지원 예외 품목 : 공임비, 타이어, 오일, 부동액 등",,강원특별자치도 삼척시,시군구,농촌지원과,개인,매년 1월부터 당해 확보한 예산소진시까지,방문신청,,농촌지원과/033-570-4261,https://www.gov.kr/portal/rcvfvrSvc/dtlEx/424000000170,870,"농촌,농가"
425000000524,스마트팜 ICT융복합확산(시설보급-ICT시설보급),농림축산어업,"채소, 화훼, 특용작물을 재배하는 농가 등에게 복합 환경제어시스템 보급 지원","○ 지원대상
 - 시설원예 분야 ICT 융복합 시설장비 및 정보시스템

○ 지원형태
 - 국고재원 :  자유무역협정이행지원기금(FTA기금)
 - 지원형태: 국고보조 25%, 융자 25%, 지방비 30%, 자부담 20%",○ 사업시행지침,농림축산식품부,중앙행정기관,원예경영과,개인||법인/시설/단체,접수기관 별 상이,방문신청,시·군·구청,해당지역 시군구청/044-201-2259,https://www.gov.kr/portal/rcvfvrSvc/dtlEx/425000000524,3978,농가
426000000113,토종벌 사육기반 조성지원,농림축산어업,"토봉 사육농가에 개량형 벌통, 저항성 토종벌 종봉 지원","○ 개량형 벌통 지원사업
 - 횡성군 관내 토봉농가에 토봉 벌통(재래형 사각 벌통, 개량형벌통) 구입 지원

○ 저항성 토종벌 종봉 지원사업
 - 횡성군 관내 토봉농가 및 신규 토봉사육 희망 농가에 낭충봉아 부패병 저항성 토종벌 종봉(여왕벌 및 벌통) 구입 지원",,강원특별자치도 횡성군,시군구,축산과,개인,매년 1월,방문신청,,축산과/033-340-2398,https://www.gov.kr/portal/rcvfvrSvc/dtlEx/426000000113,552,농가
426000000115,농작물 생육보조재 지원,농림축산어업,"농업인에게 토양 미생물 제재, 토양개량제,소독제, 규산 등의 구입비의 일부 지원 ","□농작물 생육보조재 지원
   ○ 횡성군에 주소를 둔 농업경영체 등록 농업인에게  토양개량용 미생물제재,소독제,석회,규산 등의  구입비의 최대 70%  지원
   ○최대 지원단가
     - 논:  42,000원/10a 의 70%(최대 10ha 이내)(2026년기준)
     - 밭:  50,000원/10a 의 70%(최대 7ha 이내)(2026년기준)

 ※ 지원내용 및 신청방법 등은 매년 사업 예산 및 추진일정에 따라 변경될 수 있음",,강원특별자치도 횡성군,시군구,농정과,개인,접수기관 별 상이,방문신청,,농정과/033-340-2365,https://www.gov.kr/portal/rcvfvrSvc/dtlEx/426000000115,1218,"농업,농작물"
426000000119,친환경농업 인증농가 유기농자재 지원,농림축산어업,친환경인증 농업인 등에게 유기농자재 지원,"○ 지원기준:  보조 50%, 자부담 50%
○ 지원품목
    - 친환경농산물 인증농가 유기농자재 지원: 유기인증 2,000천원/ha, 무농약인증 1,500천원/ha
    - 우렁이 입식: 1,000㎡당 6kg / 1kg당 8천원(친환경농업 실천농가도 지원가능)
    - 친환경농산물 인증농가 생분해 멀칭비닐: 1,000㎡당 1롤(1,000m 기준 / 150천원)",,강원특별자치도 횡성군,시군구,농정과,개인,2026.01.02~2026.01.30,방문신청,,농정과/033-340-2378,https://www.gov.kr/portal/rcvfvrSvc/dtlEx/426000000119,599,"농업,농가"
426000000121,시설원예작물 생산 지원,농림축산어업,시설원예 화분매개 수정벌 구입비 등 지원,"○ 시설원예 및 과수 재배농가의 수정벌 구입비 지원
 - 지원기준 : 구입비의 50% 지원",,강원특별자치도 횡성군,시군구,농정과,개인,접수기관 별 상이,방문신청,,농정과/033-340-2377,https://www.gov.kr/portal/rcvfvrSvc/dtlEx/426000000121,605,농가
426000000125,농산물 포장재 지원,농림축산어업,농업인 등에게 농산물 포장재 지원,"○ 연합마케팅 농산물 포장재지원
 - 사업내용 : 공선회, 수출농가, 작목반 등 연합마케팅 참여 농업인을 대상으로 출하농산물 포장재 지원
 - 지원조건 : 농협 계통출하 건에 한하여 지원

○ 공동브랜드 포장재 지원
 - 사업내용 : 공동브랜드(어사품) 사용승인을 득한 농업인 또는 업체 대상 포장재 디자인 개선 및 제작비 지원",,강원특별자치도 횡성군,시군구,농정과,개인,2026.01.01~2026.01.31,방문신청,,농정과/033-340-2369,https://www.gov.kr/portal/rcvfvrSvc/dtlEx/426000000125,777,"농업,농가"
426000000130,로컬푸드 활성화 지원,농림축산어업,농업인 등에게 판매용 또는 납품용 포장재 제작비의 50% 지원,○ 횡성군에 주소를 두고 농산물을 직접 생산하는 농업인 및 농업법인에게 다품목 소량 판매용 소포장재나 로컬푸드 매장 납품용 포장재 제작비의 50%를 지원,,강원특별자치도 횡성군,시군구,농정과,개인,상시신청,방문신청,,농정과/033-340-2370,https://www.gov.kr/portal/rcvfvrSvc/dtlEx/426000000130,968,농업
426000000131,농산물 직거래 활성화 지원,농림축산어업,농업인 등에게 택배비 일부 지원,"횡성군에 주소를 두고 농산물을 직접 생산하여 전자상거래 등 택배이용 직거래 판매 농업인 및 농업법인에게 택배비 일부 지원
※ 지원기준 : 건당 4,000원 기준 50% 지원",,강원특별자치도 횡성군,시군구,농정과,개인,접수기관 별 상이,방문신청,,농정과/033-340-2369,https://www.gov.kr/portal/rcvfvrSvc/dtlEx/426000000131,810,농업
426000000133,"고령, 장애, 여성농업인 영농작업비 지원",농림축산어업,"고령, 장애, 여성 농업인에게 영농작업비 지원","○ 고령, 장애, 여성농업인 영농작업비 지원
 - 영농 기초작업이 곤란한 고령인, 장애인, 여성농업인에게 영농작업비 지원
 - 지원기준: 실경작 농지 ㎡당 40원",,강원특별자치도 횡성군,시군구,농정과,개인,접수기관 별 상이,방문신청,,농정과/033-340-2363,https://www.gov.kr/portal/rcvfvrSvc/dtlEx/426000000133,944,"농업,영농,농지"
426000000134,가뭄대비 관수장비 지원,생활안정,농업인에게 관수 농자재 구입비 일정액 지원,○ 횡성군 주소를 둔 농업인에게 한해 대책에 필요한 관수 농자재 구입비의 일정액 지원,,강원특별자치도 횡성군,시군구,농정과,개인,접수기관 별 상이,방문신청,,농정과/033-340-2364,https://www.gov.kr/portal/rcvfvrSvc/dtlEx/426000000134,786,농업
426000000136,원예작물 소규모 산지유통기반 지원,농림축산어업,"농업인에게 저온저장고, 농산물건조기, 농산물세척기 지원","○ 저온저장고 지원 : 농가별 10㎡, 15㎡, 33㎡형 저온저장고 설치 지원(10㎡ 미만 지원 제외)

○ 다목적 농산물건조기 지원
 - 지원단가 : 1대당 공급가액 200만원 기준 50%(최대 1백만원) 보조

○ 농산물세척기 지원
 - 지원단가 : 1대당 공급가액 200만원 기준 50%(최대 1백만원) 보조",,강원특별자치도 횡성군,시군구,농정과,개인,2026.1.1.~2026.1.31.,방문신청,,농정과/033-340-2369,https://www.gov.kr/portal/rcvfvrSvc/dtlEx/426000000136,530,"농업,농가"
427000000181,농업용 관리기 지원,농림축산어업,농업인에게 관리기 구입비 지원,○ 농업경영체 농업인에게 관리기 구입비 지원,,강원특별자치도 영월군,시군구,소득지원과,개인,매년 1월초,방문신청,,소득지원과/033-370-7843,https://www.gov.kr/portal/rcvfvrSvc/dtlEx/427000000181,820,농업
427000000183,귀농인 영농 정착 지원,주거·자립,귀농인의 영농정착을 위한 영농시설 및 농기계 구입 지원,귀농인의 영농정착을 위한 영농시설 및 농기계 구입 지원,,강원특별자치도 영월군,시군구,자원육성과,개인,1~2월중,방문신청,,자원육성과/033-370-7883,https://www.gov.kr/portal/rcvfvrSvc/dtlEx/427000000183,742,"귀농,영농"
427000000184,농산물저온저장고설치지원,농림축산어업,농업인에게 농산물 저온저장고 지원,○ 농산물 저온저장고 지원,,강원특별자치도 영월군,시군구,농식품유통사업단,개인,매년도 1월 신청,방문신청,,농식품유통사업단/033-370-7948,https://www.gov.kr/portal/rcvfvrSvc/dtlEx/427000000184,552,농업
427000000185,비닐하우스 농자재 지원,농림축산어업,농업인 등에게 PO필름  지원,○ PO필름 지원,,강원특별자치도 영월군,시군구,소득지원과,개인,매년도 1월 신청,방문신청,,농업기술센터 소득지원과 원예작물/033-370-7864,https://www.gov.kr/portal/rcvfvrSvc/dtlEx/427000000185,634,농업
427000000189,시설재배 생산성 향상 지원,농림축산어업,농업인 등에게 비닐하우스 내부 기자재 지원,○ 비닐하우스 내부 기자재 지원,,강원특별자치도 영월군,시군구,소득지원과,개인,매년도 1월 신청,방문신청,,농업기술센터 소득지원과 원예작물/033-370-7864,https://www.gov.kr/portal/rcvfvrSvc/dtlEx/427000000189,546,농업
427000000190,연동 비닐하우스 설치 지원,농림축산어업,농업인 등에게 내재해형 비닐하우스 및 내부 기자재 지원,○ 내재해형 비닐하우스 및 내부 기자재,,강원특별자치도 영월군,시군구,소득지원과,개인,매년도 1월 신청,방문신청,,농업기술센터 소득지원과 원예작물/033-370-7864,https://www.gov.kr/portal/rcvfvrSvc/dtlEx/427000000190,799,농업
427000000194,축분 건조용 환풍기 지원,농림축산어업,한우사육농가에 환풍기 지원,○ 축사 환기 및 분뇨 건조용 환풍기 지원,,강원특별자치도 영월군,시군구,농업축산과,개인,1월 중,방문신청,,농업축산과/033-370-7829,https://www.gov.kr/portal/rcvfvrSvc/dtlEx/427000000194,547,"농업,농가"
427000000200,원예작물 품질향상 지원,농림축산어업,농업인 등에게 친환경 농자재 지원,○ 친환경 농자재 지원,,강원특별자치도 영월군,시군구,소득지원과,개인,매년도 1월 신청,방문신청,,소득지원과/033-370-7863,https://www.gov.kr/portal/rcvfvrSvc/dtlEx/427000000200,608,농업
427000000204,시설하우스 ICT 보급,농림축산어업,농업인 등에게 시설하우스 ICT 시설 지원,○ 시설하우스 ICT 시설 지원,,강원특별자치도 영월군,시군구,소득지원과,개인,매년도 1월 신청,방문신청,,농업기술센터 소득지원과 원예작물/033-370-7864,https://www.gov.kr/portal/rcvfvrSvc/dtlEx/427000000204,594,농업
427000000210,생분해성 멀칭필름 지원,농림축산어업,밭작물 재배농가에 환경친화적 멀칭비닐 지원,○ 밭작물 재배농가에  환경친화적(생분해성) 멀칭비닐 지원,,강원특별자치도 영월군,시군구,소득지원과,개인,매년1월신청,방문신청,,소득지원과/033-370-7853,https://www.gov.kr/portal/rcvfvrSvc/dtlEx/427000000210,566,농가
427000000212,산채류 생산기반 조성사업,농림축산어업,산채 재배농업인 대상 관수시설 및 냉동고 등 지원,○ 산채류 관수시설 및 냉동고 등 지원,,강원특별자치도 영월군,시군구,소득지원과,개인,매년1월신청,방문신청,,소득지원과/033-370-7862,https://www.gov.kr/portal/rcvfvrSvc/dtlEx/427000000212,556,농업
427000000214,시설하우스 연작장해 개선 지원,농림축산어업,농업인 등에게 토양 소독제 지원,○ 토양 소독제 지원,,강원특별자치도 영월군,시군구,소득지원과,개인,매년도 1월 신청,방문신청,,소득지원과/033-370-7864,https://www.gov.kr/portal/rcvfvrSvc/dtlEx/427000000214,539,농업
427000000217,친환경 원예작물 천적활용 방제 지원,농림축산어업,무농약인증을 받은 원예작물 재배농가에 해충방제용 천적 구입비 지원,○ 친환경 인증을 받은 시설원예작물 재배농가에 해충 방제를 위한 천적 구입비 지원,,강원특별자치도 영월군,시군구,소득지원과,개인,상시신청,방문신청,,소득지원과/033-370-7855,https://www.gov.kr/portal/rcvfvrSvc/dtlEx/427000000217,578,농가
427000000220,대형농기계 급유탱크 지원사업,농림축산어업,농업인에게 농업용 주유장비 지원,○ 농업경영체 농업인에게 농업용 주유장비 지원,,강원특별자치도 영월군,시군구,소득지원과,개인,매년 1월초,방문신청,,소득지원과/033-370-7844,https://www.gov.kr/portal/rcvfvrSvc/dtlEx/427000000220,796,농업
427000000225,반려동물 등록제 지원,행정·안전,동물등록 수수료 지원,○ 반려동물 등록 대행업체 또는 동물병원에 등록 수수료 지원,,강원특별자치도 영월군,시군구,농업축산과,개인,상시신청,신청불필요,,농업축산과/033-370-7832,https://www.gov.kr/portal/rcvfvrSvc/dtlEx/427000000225,1271,농업
427000000227,가업승계농 영농기반조성 지원,농림축산어업,가업승계농에게 농기자재 및 시설 지원,"○ 승계농의 안정적인 영농기반 조성을 위한 농기자재 및 시설 지원(1개소 보조 28,000천원, 자부담 12,000천원)",,강원특별자치도 영월군,시군구,자원육성과,개인,매년 초,방문신청,,자원육성과/033-370-7875,https://www.gov.kr/portal/rcvfvrSvc/dtlEx/427000000227,722,영농
427000000228,주요 농산물 생산원가보장 지원,생활안정,"홍고추, 콩, 토마토  재배농가에 생산원가 보장 지원","○ 홍고추, 콩, 토마토  가격이 생산원가 이하로 하락하는 경우 차액 지원",,강원특별자치도 영월군,시군구,농식품유통사업단,개인,상시신청,방문신청,,농식품유통사업단/033-370-7934,https://www.gov.kr/portal/rcvfvrSvc/dtlEx/427000000228,742,농가
427000000230,여성농업인 농작업 편이장비 지원,생활안정,여성농업인을 위해 농작업 편이장비 구입 지원,"○ 농산물 운반대, 소포장기 등 농작업 편이장비 지원, 농가당 10만원~300만원(50% 보조)",,강원특별자치도 영월군,시군구,자원육성과,개인,매년 초,방문신청,,자원육성과/033-370-7873,https://www.gov.kr/portal/rcvfvrSvc/dtlEx/427000000230,633,"농업,농가"
427000000243,소규모 다목적 비닐하우스 지원,농림축산어업,농업인 등에게 소규모 단동 하우스 지원,○ 소규모 단동 하우스 지원,,강원특별자치도 영월군,시군구,소득지원과,개인,매년도 1월 신청,방문신청,,농업기술센터 소득지원과 원예작물/033-370-7864,https://www.gov.kr/portal/rcvfvrSvc/dtlEx/427000000243,673,농업
427000000249,친환경 퇴비조성 수피 지원,농림축산어업,농업인에게 친환경퇴비조성 수피 지원,○ 농업경영체 농업인에게 친환경퇴비조성 수피 지원,,강원특별자치도 영월군,시군구,소득지원과,개인,매년 1월초,방문신청,,소득지원과/033-370-7842,https://www.gov.kr/portal/rcvfvrSvc/dtlEx/427000000249,539,농업
427000000251,인력절감형 방제호스릴 지원,농림축산어업,농업인에게 인력절감형 방제호스릴 지원,"○ 인력절감형 방제호스릴 지원, 1대 200만원(보조 100만원, 자부담 100만원)",,강원특별자치도 영월군,시군구,소득지원과,개인,매년 1월초,방문신청,,소득지원과 농산지원팀/033-370-7843,https://www.gov.kr/portal/rcvfvrSvc/dtlEx/427000000251,528,농업
427100000002,청년농업인 맞춤형 지원,농림축산어업,청년농업인 영농기반 조성 지원,"생산·가공·상품화 시설 등 영농 기반조성, 체험교육  시설 및 장비 설치 등",,강원특별자치도 영월군,시군구,자원육성과,개인,연초(1월),방문신청,,영월군 농업기술센터/033-370-7874,https://www.gov.kr/portal/rcvfvrSvc/dtlEx/427100000002,824,"농업,영농"
428000000103,GAP 인증농가 육성 지원,농림축산어업,"○ GAP인증(신규, 갱신)에 소요되는 심사비, 출장비, 사후관리비 등 지원","○ GAP인증(신규, 갱신)에 소요되는 심사비, 출장비, 사후관리비 등 지원",,강원특별자치도 평창군,시군구,농산물유통과,개인,상시신청,방문신청,,농산물유통과/033-330-1343,https://www.gov.kr/portal/rcvfvrSvc/dtlEx/428000000103,814,농가
428000000113,가뭄대비 관수시설 지원,농림축산어업,관내 밭작물 재배 농업인 대상 가뭄대비 관수시설 지원(관정설치 및 관수장비 지원),"- 사업내용: 농업용수 공급을 위한 관정설치 및 관수장비(양수기, 대형물통) 지원
- 사업대상: 평창군 관내 밭작물 재배 농가
- 사업기간: (연도별) 1~12월",,강원특별자치도 평창군,시군구,농산물유통과,개인,연도별 1월 중(1. 1. ~ 1. 31.),방문신청,,농산물유통과/033-330-1383,https://www.gov.kr/portal/rcvfvrSvc/dtlEx/428000000113,720,"농업,농가"
428000000117,군수 품질인증 농가 포장재 지원,농림축산어업,군수 품질인증 농가에 농산물 포장재 제작 지원,○ 군수 품질인증 농가에게 농산물 포장재 제작지원,,강원특별자치도 평창군,시군구,농산물유통과,개인||법인/시설/단체,2025.01.01~2025.01.31,방문신청,,농산물유통과/033-330-1336,https://www.gov.kr/portal/rcvfvrSvc/dtlEx/428000000117,744,농가
429000000754,황기 수매장려금 지원사업,농림축산어업,황기재배농가에 수매장려금 지원,○ 황기 수매장려금 지원,,강원특별자치도 정선군,시군구,농업정책과,개인,매년 1월 중(정선군 농정시책 참고) ,방문신청,,정선군 시설국 농업정책과/033-560-4411,https://www.gov.kr/portal/rcvfvrSvc/dtlEx/429000000754,533,"농업,농가"
429000000756,재래봉 경쟁력제고 지원,농림축산어업,양봉농가 등에 재래봉 종봉 및 꿀 용기 구입비의 50% 지원,○ 재래봉 종봉 및 꿀 용기 구입비의 50% 지원,,강원특별자치도 정선군,시군구,유통축산과,개인,접수기관 별 상이,방문신청,,시설국 유통축산과/033-560-2392,https://www.gov.kr/portal/rcvfvrSvc/dtlEx/429000000756,552,농가
429000000761,귀농인 정착 지원,주거·자립,신규농업인에게 영농기반조성 및 주택수리비 지원,○ 영농기반조성 및 주택수리비 지원,,강원특별자치도 정선군,시군구,농업기술센터,개인,상시신청,방문신청,,농업기술센터 사회지도팀/033-560-2856,https://www.gov.kr/portal/rcvfvrSvc/dtlEx/429000000761,790,"귀농,농업,영농"
429000000763,농기계 현대화 지원사업,농림축산어업,"농가에 중소형 농기계, 농산물 건조기 등 구입비 지원","○ 중소형 농기계 및 동력운반차, 다목적 농산물 건조기 구입비 50% 지원",,강원특별자치도 정선군,시군구,농업정책과,개인,매년 1월 중(정선군 농정시책 참고),방문신청,,정선군 시설국 농업정책과/033-560-2258,https://www.gov.kr/portal/rcvfvrSvc/dtlEx/429000000763,812,"농업,농가"
430000000144,친환경 우렁이 지원,농림축산어업,친환경농산물 인증 농가에 우렁이 지원,친환경농산물 생산에 필요한 농자재인 우렁이를 친환경 인증 농가에 지원,,강원특별자치도 철원군,시군구,농업기술과,개인,상시신청,방문신청,,농산양정/033-450-5381,https://www.gov.kr/portal/rcvfvrSvc/dtlEx/430000000144,628,"농업,농가"
430000000149,귀농인 농가주택설계비 지원,주거·자립,귀농인에게 농가주택설계비 지원,○ 귀농인 농가주택설계비 지원,,강원특별자치도 철원군,시군구,농업정책과,개인,매년 상·하반기 공고 후 접수,방문신청,,농업교육팀/033-450-5372,https://www.gov.kr/portal/rcvfvrSvc/dtlEx/430000000149,869,"귀농,농업,농가"
432000000094,토양개량제 지원,농림축산어업,"유효규산 함량이 낮은 농경지 및 산성토양에 토양개량제(규산, 석회)를 공급함으로써 토양개량",○ 규산질 및 석회질 비료,"○ 「농어업경영체 육성 및 지원에 관한 법률」제4조에 따라 농업경영정보를 등록한 농업경영체로써 토양개량제(규산, 석회) 공급신청서를 작성하여 농지소재지 읍․면․동에 토양개량제 공급을 신청한 자",농림축산식품부,중앙행정기관,첨단기자재종자과,개인,3년 1주기 첫해의 전년도 1~2월 또는 사업 전년도 1~2월,방문신청,주민센터,해당지역 주민센터/000-000-0000,https://www.gov.kr/portal/rcvfvrSvc/dtlEx/432000000094,19633,"농업,농지"
432000000231,귀농 정착지원,농림축산어업,전입한 귀농인에게 기반조성 지원,"농업생산기반조성, 소규모 농기계 구입 등 양구군 농업기술센터에서 추진하고 있는 농업관련 보조사업",,강원특별자치도 양구군,시군구,농업정책과,개인,매년 1월,방문신청,,농업정책과 농촌지원/033-480-7622,https://www.gov.kr/portal/rcvfvrSvc/dtlEx/432000000231,727,"귀농,농업"
432000000248,취약농가 영농도우미 지원,농림축산어업,취약농가에 농작업 영농 도우미 지원,"○ 사업대상 : 농업경영체등록 확인서상 경작면적 2ha이하로 양구군에 사업시행년도 1월 1일기준 1년(12개월)이상 영농에 종사한 자중 
     1)75세이상 고령농업인
     2) 여성단독 농업인
     3) 심한장애 농업인
     4) 불의의 사고(농작업, 교ㅕ통, 재해 등)로 전치 8주이상의 부상으로 당해 사업년도 영농기(3~11월)에 영농활동이 불가한 농업인

○ 사업내용 : 기초농작업(경운, 정지, 모심기, 벼베기) 비용 일부 지원

○ 지원한도 : 농가당 500,000원/년(1회)",,강원특별자치도 양구군,시군구,농업정책과,개인,상시신청,방문신청,,농업정책과/033-480-7640,https://www.gov.kr/portal/rcvfvrSvc/dtlEx/432000000248,583,"농업,영농,농가"
433000000132,농업인력 지원,농림축산어업,농업인 전체를 대상으로 농업인 안전보험 지원,○ 농작업 중 발생하는 신체 상해 보상을 통해 산재보험 가입 대상에서 제외된 농업인 보호 및 안정적인 영농수행 지원,,강원특별자치도 인제군,시군구,농정과,개인||가구||소상공인||법인/시설/단체,상시신청,신청불필요,,농업기술센터 농정과/033-460-2255||농업기술센터 농정과/033-460-4743,https://www.gov.kr/portal/rcvfvrSvc/dtlEx/433000000132,865,"농업,영농"
434000000109,귀농인 농기자재 지원,농림축산어업,귀농인에게 주요품목 농기자재 지원,"○ 귀농인 주요사업관련 농기자재 지원 (관리기 등 소형농기계류, 비닐하우스, 저온저장고, 포장재, 농업용 관정 등)",,강원특별자치도 고성군,시군구,농정과,개인,2025.01.13~2025.02.07,방문신청,,농업정책과 농촌개발팀/033-680-3405,https://www.gov.kr/portal/rcvfvrSvc/dtlEx/434000000109,698,"귀농,농업"
439000000838,과수농가 영농장비 지원,농림축산어업,과수재배 농업인 등에게 영농장비 지원,"○ 고품질 과수 생산을 위한 영농장비 지원
 - 지원기종 : 동력운반차 등",,충청북도 충주시,시군구,친환경농산과,개인,2026.01.01~2026.01.31,방문신청,,친환경농산과/043-850-5770||친환경농산과/043-850-5772,https://www.gov.kr/portal/rcvfvrSvc/dtlEx/439000000838,739,"농업,영농,농가"
439000000839,청년창업농 농지 임차료 지원,농림축산어업,"청년농업인에게 농지, 재배시설 등 임차료 지원","○ 지원대상 : 충주시에 거주하는 만 18세 ∼ 50세 미만, 경영체 등록 5년 이하 청년농업인(예정자 포함)

○ 지원내용 : 농지, 농산물 재배시설 등 임차료의 70% 지원(최대 연 500만원 이내 지원)

○ 지원기간 : 지원대상자 선정 이후 최대  6년간 지원",,충청북도 충주시,시군구,농정과,개인,상시신청,방문신청,,농정과/043-850-5713,https://www.gov.kr/portal/rcvfvrSvc/dtlEx/439000000839,783,"농업,농지"
439000000840,농림축산물 가격안정 지원,농림축산어업,농림축산물 농가에 가격 안정 지원,"○ 지원대상 : 충주시 내에서 경작, 사육한 농림축산물 사과, 고추, 복숭아, 밤, 한우 중 계통출하한 경우

○ 지원내용 : 대상품목의 도매시장 가격이 기준가격보다 낮을 경우 차액 지원
 - 농가당 최대 2백만원 이내 지원",,충청북도 충주시,시군구,농정과,개인,상시신청,방문신청,,충주시청 농정과/043-850-5712,https://www.gov.kr/portal/rcvfvrSvc/dtlEx/439000000840,636,농가
439000000879,전입자 맞춤 안내 서비스,주거·자립,전입자들이 꼭 알아야 할 유용한 정보를 한 곳에서 확인,"○ 충주시로 전입한 주민들이 충주시에 정착 후 생활하는데 필요한 유용한 정보를 담아 실생활에 도움을 주고자 제공
○ 충주생활안내 책자에는 시의 기본현황 및 충주의 비전과 주요 시책을 설명하고 여권, 도로명주소, 부동산거래신고, 무인민원발급기 현황 등 ‘생활민원 분야’와 노인복지시설, 보건소 사업, 귀농·귀촌 안내 등을 수록한 ‘의료·복지 분야’ 등 총 13개 분야의 내용을 담음",,충청북도 충주시,시군구,기획예산과,개인,상시신청,방문신청,,충주시/0000,https://www.gov.kr/portal/rcvfvrSvc/dtlEx/439000000879,3909,"귀농,귀촌"
439000000883,청년농업인 선도농가 실습지원,농림축산어업,청년농업인 및 선도농가에게 연수수당 교육훈련비 지원,"청년농업인과 선도농가(영농경력 5년이상 우수농업인 등)를 매치하여 청년농업인에게 영농기술 및 경영 마케팅 등 단계별 실습기회를 제공하고
연수수당 및 교육훈련비를 지원",,충청북도 충주시,시군구,농정과,개인,상시신청,방문신청,,농정과/043-850-5721,https://www.gov.kr/portal/rcvfvrSvc/dtlEx/439000000883,102,"농업,영농,농가"
440000000102,엽연초 재배농가 영농자재 등 지원,농림축산어업,엽연초 재배 농가에 멀칭필름 등 영농자재 지원,"○ 관내 엽연초 재배농가 멀칭필름, 곁순억제제, 냉해방지제 영농자재 등 지원",,충청북도 제천시,시군구,유통축산과,개인,상시신청,방문신청,,유통축산과/043-641-6853,https://www.gov.kr/portal/rcvfvrSvc/dtlEx/440000000102,619,"영농,농가"
440000000107,과수 농기계 지원,생활안정,"과수 농가에 SS기, 고소작업차 등 농기계 지원","○ 신청자 중 대상자를 선정하여 SS기, 고소작업차 지원",,충청북도 제천시,시군구,유통축산과,개인,2026. 2. 6.까지,방문신청,,유통축산과/043-641-6853,https://www.gov.kr/portal/rcvfvrSvc/dtlEx/440000000107,768,농가
440000000115,외국인계절근로자 도입 운영 지원,농림축산어업,해외에서 계절근로 초청된 외국인과 인력수요농가의 매칭,"○ 만 20세 이상 50세 이하 외국인계절근로자
 - 제천시에 주소를 두고 결혼 후 2년 이상 경과한 이주여성의 가족 및 계절근로 MOU체결 지자체",,충청북도 제천시,시군구,농업정책과,개인,상시신청,방문신청,,농업정책과/043-641-6802,https://www.gov.kr/portal/rcvfvrSvc/dtlEx/440000000115,968,"농업,농가"
440000000134,원예작물 생산농가 멀칭필름 지원,농림축산어업,원예 농작물 생산농가에 멀칭필름 지원,○ 원예작물 생산농가 멀칭필름 지원,,충청북도 제천시,시군구,유통축산과,개인,상시신청,방문신청,,유통축산과/043-641-6852,https://www.gov.kr/portal/rcvfvrSvc/dtlEx/440000000134,591,"농가,농작물"
440000000148,과수노력 절감생산 장비지원(보조),농림축산어업, ○  과수농가에 노동력을 절감할 수 있는 과수용 농기계 지원 ,"○ 지원대상 : 과수재배 농업인, 농업법인 등 (관내 거주하며 과수재배를 0.5ha 이상 경작하는 농업인)
 ○ 지원기종 : 3종(동력제초기<승용형>, 동력운반차, 전동전지가위)
   - 세부계획
     ✔ 동력제초기 : 17,000천원/대 기준 8,500천원/대 정액 지원
     ✔ 동력운반차 : 4,800천원/대 기준 2,400천원/대 정액 지원
     ✔ 전동전지가위 : 3,000천원/대 기준 사업비의 50% 지원",,충청북도 제천시,시군구,유통축산과,개인,2026. 2. 6.까지,방문신청,,제천시 유통축산과/043-641-6853,https://www.gov.kr/portal/rcvfvrSvc/dtlEx/440000000148,422,"농업,농가"
440000000149,농특산물포장재지원,농림축산어업,농특산물포장재 지원,"□ 사업개요
   ❍ 사업기간 : 2025. 1. ~ 2025. 12.
   ❍ 지원대상 : 영농조합법인, 작목반, 생산단체 등
   ❍ 지원품목 : 골판지 상자
   ❍ 대상작물 : 과실류, 채소류, 과채류, 특작류 등 
   ❍ 예 산 액 : 400,000천원 
   ❍ 사 업 비 : 800,000천원(보조금 400,000, 자부담 400,000) 
   ❍ 보조비율 : 보조 50%, 자담 50%",,충청북도 제천시,시군구,유통축산과,법인/시설/단체,2024.01.22~2024.02.23,방문신청,,유통축산과/043-641-6052,https://www.gov.kr/portal/rcvfvrSvc/dtlEx/440000000149,580,영농
442000000113,고품질 과수생산 지원,농림축산어업,과수재배 농가에 영농자재 구입비 일부 지원,"○ 관내 주소를 둔 0.1ha 이상 과수재배 농업인에 생산자 단체(농협)을 통하여 과실 품질향상 비료 및 과수재배용 유기질비료, 과일봉지, 반사필름, 냉해피해 경감제 구입비 일부(50%) 지원
○ 관내 주소를 둔 0.2ha 이상 과수재배 농업인에 생산자 단체(농협)을 통하여 과수생리활서농자재 구입비 일부(50%) 지원",,충청북도 보은군,시군구,스마트농업과,개인,매년 1월중,방문신청,,보은군청 스마트농업과/043-540-3348,https://www.gov.kr/portal/rcvfvrSvc/dtlEx/442000000113,720,"농업,영농,농가"
442000000117,측조시비기 지원,농림축산어업,벼 재배 농업인에게 측조시비기 구입비 일부 지원,○ 관내 주소를 둔 0.1ha 이상 벼 재배 농업인에 측조시비기 구입비 일부(50%)지원,,충청북도 보은군,시군구,스마트농업과,개인,20260105-20260120,방문신청,,보은군청 스마트농업과/043-540-3322,https://www.gov.kr/portal/rcvfvrSvc/dtlEx/442000000117,562,농업
442000000125,귀농(귀촌)인 유치 정착 지원,주거·자립,"귀농귀촌인에게 정착자금, 농기계, 생활자재, 영농자재 등의 구입 지원","○ 귀농인 정착자금 지원
 - 300만원(경작면적 3천㎡ 이상 6천㎡ 미만)
 - 500만원(경작면적 6천㎡ 이상)

○ 귀농인 농지구입 세제지원 : 200만원 한도내 농지 취득세 지원

○ 귀농인 농기계 구입 : 500만원 한도 내 농기계구입 자금 지원

○ 귀농귀촌인 생활자재 구입지원 : 20만원 한도 내 생활자재 구입 지원

○ 귀농인 영농자재 구입지원 : 100만원 한도내 영농자재 구입 지원",,충청북도 보은군,시군구,스마트농업과,개인,"매년 1월, 7월",방문신청,,보은군청 스마트농업과/043-540-3403,https://www.gov.kr/portal/rcvfvrSvc/dtlEx/442000000125,838,"귀농,귀촌,농업,영농,농지"
442000000648,야생동물 피해보상 지원,생활안정,    - 농작물 피해 및 인명피해 보상금 지원,연 1농가당 피해보상금 500만원 한도 내에서 지원,,충청북도 보은군,시군구,환경위생과,개인,2026-07 ~ 2026-11,방문신청,,보은군청(환경위생과)/043-540-3254,https://www.gov.kr/portal/rcvfvrSvc/dtlEx/442000000648,354,"농가,농작물"
442000000656,"청년 취업자, 농업인 주거비 지원",생활안정,주거비(월세) 월 최대 20만원 지원(최대 3년간),주거비(월세) 월 최대 20만원 지원(최대 3년간),,충청북도 보은군,시군구,미래전략과,개인,분기별 공고,방문신청,,보은군청 미래전략과/043-540-3708,https://www.gov.kr/portal/rcvfvrSvc/dtlEx/442000000656,83,농업
443000000106,농업융자금 이차보전금 지원,농림축산어업,농업인에게 농업융자금 이차보전금 지원,"○ 5종(후계농업경영인 육성자금, 우수후계농업경영인 자금, 6차산업활성화 자금, 농가사료 직거래활성화 자금, 귀농창업자금 및 주택구입 지원 자금)의 농업정책자금을 대출 실행한 농업인에게 대출이자 50%(이자 2% 기준)를 최대 3년간 지원",,충청북도 옥천군,시군구,농업정책과,개인,상시신청,방문신청,,농업정책과/043-730-3242,https://www.gov.kr/portal/rcvfvrSvc/dtlEx/443000000106,791,"귀농,농업,농가"
443000000121,고령 및 영세농 농작업비 지원,농림축산어업,고령 및 영세농에게 농작업비 지원,"○ 지원대상 : 옥천군에 거주하며 신청일 기준 70세 이상이면서 농가당 경작면적이 0.1ha이상~0.7ha이하 실경작자

○ 지원내용 : 50원/㎡당 경운정지비 지원",,충청북도 옥천군,시군구,농업정책과,개인,접수기관 별 상이,방문신청,,농업정책과/043-730-3253,https://www.gov.kr/portal/rcvfvrSvc/dtlEx/443000000121,783,"농업,농가"
443000000130,귀농인 정착 지원,농림축산어업,"귀농인에게 주택 수리비, 농지 구입 세제 지원","○ 주택 수리비 지원 : 주택 리모델링, 보일러 교체, 지붕·부엌·화장실 개량, 창문보수, 도배 등 수리비용 500만원 지원(초과시 자부담)

○ 귀농인 농지 구입 세제지원: 농지 구입에 따른 취득세 감면(귀농인 부담액 지원), 300만원 한도(초과시 자부담)",,충청북도 옥천군,시군구,농촌활력과,개인,1월,방문신청,,농촌활력과 귀농귀촌팀/043-730-3882,https://www.gov.kr/portal/rcvfvrSvc/dtlEx/443000000130,742,"귀농,농촌,농지"
444000000112,귀농·귀촌인 안정적인 정착 지원,주거·자립,귀농귀촌인에게 안정적 정착을 위한 보조지원,○ 귀농귀촌인 안정적인 우리군 정착을 위한 보조지원,,충청북도 영동군,시군구,농촌신활력과,개인,매년1월,방문신청,,농촌신활력과/043-740-3686||농촌신활력과/043-740-3687,https://www.gov.kr/portal/rcvfvrSvc/dtlEx/444000000112,1023,"귀농,귀촌,농촌"
444000000116,스마트농업특화지구육성사업(군비추가분),농림축산어업,과수원예품목 재배농가에 영농편의 생력화장비 구입비 지원,○ 고소작업차 등 영농편의 생력화장비 구입비 지원,,충청북도 영동군,시군구,과수축산과,개인,전년도 7~8월,방문신청,,과수축산과 과수원예팀/043-740-3483,https://www.gov.kr/portal/rcvfvrSvc/dtlEx/444000000116,594,"농업,영농,농가"
444000000117,과수생산지원,농림축산어업,"블루베리 및 시설하우스 재배 농업인에게 생산시설, 에너지절감시설 지원","○ 블루베리 재배용 간이비가림 시설 보조지원, 시설하우스용 보온커텐 시설 보조지원",,충청북도 영동군,시군구,과수축산과,개인,전년도 7~8월,방문신청,,과수축산과 과수원예팀/043-740-3482,https://www.gov.kr/portal/rcvfvrSvc/dtlEx/444000000117,790,농업
444000000120,시설하우스 설치 지원,농림축산어업,과수원예 농업인에게 시설하우스 설치 비용 지원,"○ 시설하우스 설치 비용 지원
 - 하우스 자재 및 컨트롤 박스",,충청북도 영동군,시군구,과수축산과,개인,상시신청,방문신청,,과수축산과 과수원예팀/043-740-3485,https://www.gov.kr/portal/rcvfvrSvc/dtlEx/444000000120,824,농업
444000000124,친환경 충해관리용 유기농자재 지원,농림축산어업,친환경농산물 인증농가 등에 병충해관리용 유기농업자재 지원,"○ 충해, 병충해관리용 유기농업자재 지원",,충청북도 영동군,시군구,과수축산과,개인,상시신청,방문신청,,농정과 친환경농업팀/043-740-3464,https://www.gov.kr/portal/rcvfvrSvc/dtlEx/444000000124,734,"농업,농가"
445000000104,시설농가 맞춤형 유기질 비료 지원,농림축산어업,시설농가에 맞춤형 유기질 비료 지원,"○ 관내 시설농가(수박, 오이, 토마토 재배농가)에 숯이 포함된 맞춤형 유기질 비료 지원

 ※ 신청기간은 사업전년도(9월경)수요조사를 통해 진행되며, 군 예산에 따라 지원금액이 변동될 수 있습니다.",,충청북도 진천군,시군구,농업정책과,개인,상시신청,방문신청,,농업정책과 원예특작팀/043-539-3522,https://www.gov.kr/portal/rcvfvrSvc/dtlEx/445000000104,565,"농업,농가"
445000000116,과수 반사필름 및 장기저장제 구입비 지원,농림축산어업,과수재배농가에 반사필름 및 장기저장제 구입비 지원,"○ 관내 사과 및 배 재배농가 및 법인(단체)에게 재배면적에 따른 반사필름 구입비 및 장기저장제 구입비용 지원
 ※ 신청기간은 연초이며, 도 지침에 의거 지원금액이 변동될 수 있습니다.",,충청북도 진천군,시군구,농업정책과,개인,연초 1월중순~말,방문신청,,진천군농업기술센터/043-539-3523,https://www.gov.kr/portal/rcvfvrSvc/dtlEx/445000000116,702,"농업,농가"
445000000117,과수 영양제 구입비 지원,농림축산어업,"사과, 배 재배 농가에 과수영양제 구입비용 지원","○ 관내 사과 재배농가 및 법인(단체)에게 재배면적에 따른 과수영양제 구입비용 지원
 ※ 신청 및 사업추진기간은 상반기이며, 군 예산에 따라 지원금액이 변동될 수 있습니다.",,충청북도 진천군,시군구,농업정책과,개인,연 초 상반기(2월~3월),방문신청,,진천군 농업기술센터/043-539-3523,https://www.gov.kr/portal/rcvfvrSvc/dtlEx/445000000117,766,"농업,농가"
446000000101,과실 봉지 지원사업,농림축산어업,관내 과수농가에 과실 봉지 지원,"○ 과실 봉지 지원(사과, 배, 복숭아)",,충청북도 괴산군,시군구,농식품유통과,개인,매년 초(1~2월경),방문신청,,농식품유통과 원예특작팀/043-830-3182,https://www.gov.kr/portal/rcvfvrSvc/dtlEx/446000000101,545,농가
446000000103,원예작물 재배농가 지원,농림축산어업,"원예작물 재배농가에 고추건조기, 세척기, 물탱크 등 지원","○ 고추건조기, 세척기, 물탱크 등 지원",,충청북도 괴산군,시군구,농식품유통과,개인,매년 연초(1~2월중),방문신청,,농식품유통과 원예특작팀/043-830-3662||농식품유통과 원예특작팀/043-830-3184,https://www.gov.kr/portal/rcvfvrSvc/dtlEx/446000000103,620,농가
446000000106,과수 기능성 자재 지원,농림축산어업,과수재배 농업인에게 일소피해 및 저온피해 예방자재 지원,○ 과수 일소피해 및 저온피해 예방에 필요한 자재 지원,,충청북도 괴산군,시군구,농식품유통과,개인,매년 초(1~2월 경),방문신청,,농식품유통과 원예특작팀/043-830-3182,https://www.gov.kr/portal/rcvfvrSvc/dtlEx/446000000106,683,농업
446000000113,유기질비료 지원,농림축산어업,농업경영체를 대상으로 유기질비료 등 구입비용 일부 지원,○ 유기질비료 및 부숙유기질비료 구입 비용 일부 지원,,충청북도 괴산군,시군구,농업정책과,개인,매년 11~12월 경,방문신청,,농업정책과 유기농산업팀/043-830-3178,https://www.gov.kr/portal/rcvfvrSvc/dtlEx/446000000113,659,농업
447000000124,사료작물 재배 지원,농림축산어업,초식가축 사육농가에 사료작물 재배 장려금 및 작업비 지원,○ 초식가축 사육농가 및 조사료 생산 경영체 및 생산자 단체에게 조사료 생산에 필요한 사료작물 재배 장려금 및 작업비 지원,,충청북도 음성군,시군구,축산식품과,개인,매년 연초(1~2월) 내 신청 가능,방문신청,,축산식품과/043-871-3702,https://www.gov.kr/portal/rcvfvrSvc/dtlEx/447000000124,595,농가
448000000108,귀농인 비닐하우스 신축 지원,농림축산어업,전입 5년 이내 귀농인에게 신규 비닐하우스 설치비용 지원,"○ 지원목적 : 귀농인 농업생산 경쟁력 제고 및 안정적 영농정착 지원

○ 지원내용 : 귀농인 신규 비닐하우스(100㎡이상) 설치비용의 80% 지원(400만원 한도)",,충청북도 단양군,시군구,농촌활력과,개인,사업 공고시,방문신청,,단양군농업기술센터 농촌활력과/043-420-3692,https://www.gov.kr/portal/rcvfvrSvc/dtlEx/448000000108,981,"귀농,농업,영농,농촌"
448000000111,과수 생산 영농자재(과수봉지)지원,농림축산어업,과수재배 농업인 등에게 과수봉지 지원,"○ 지원대상 : 과수재배 농업인 및 생산자 단체 등

○ 지원내용 : 과수재배 과수봉지 지원 

○ 지원비율 : 군비 50%, 자부담 50%",,충청북도 단양군,시군구,농업축산과,개인,매년 8월 차년도 사업 접수,방문신청,,농업축산과/043-420-2722,https://www.gov.kr/portal/rcvfvrSvc/dtlEx/448000000111,697,"농업,영농"
448000000112,과수 생산 영농자재(반사필름)지원,생활안정,과수재배 농업인 등에게 반사필름 지원,"○ 지원대상 : 과수재배 농업인 및 생산자 단체 등

○ 지원내용 : 과수재배 반사필름 지원 

○ 지원비율 : 군비 50%, 자부담 50%",,충청북도 단양군,시군구,농업축산과,개인,매년 8월 차년도 사업 접수,방문신청,,농업축산과/043-420-2722,https://www.gov.kr/portal/rcvfvrSvc/dtlEx/448000000112,794,"농업,영농"
448000000113,원예작물 미량요소 지원,농림축산어업,채소류 재배 농업인 등에게 토양개량제 및 기능성 자재 지원,"○ 지원대상 : 채소류 재배 농업인 및 생산자 단체 등

○ 지원내용 : 원예작물(사과, 수박, 고추, 마늘, 배추 등) 연작장해 방지를 위한 토양개량제 (밑거름용) 및 기능성 자재 지원
 ※  산림작물(임업 및 산촌진흥촉진에 관한 법률 시행규칙 제7조 제1항 별표2)지원 제외

○ 지원비율 : 군비 50%, 자부담 50%",,충청북도 단양군,시군구,농업축산과,개인,매년 8월 차년도 사업 접수,방문신청,,농업축산과/043-420-2722,https://www.gov.kr/portal/rcvfvrSvc/dtlEx/448000000113,561,농업
448000000114,과수 생산 영농자재(장기저장제)지원,농림축산어업,과수재배 농업인 등에게 장기저장제 지원,"○ 지원대상: 과수재배 농업인 및 생산자 단체 등
 - 단 저장고를 보유한자

○ 지원내용 : 장기저장제 지원 

○ 지원비율 : 군비 50%, 자부담 50%",,충청북도 단양군,시군구,농업축산과,개인,매년 8월 차년도 사업 접수,방문신청,,농업축산과/043-420-2722,https://www.gov.kr/portal/rcvfvrSvc/dtlEx/448000000114,730,"농업,영농"
448000000120,GAP 인증농가 영농자재 지원,농림축산어업,GAP인증농가에 맞춤형 영농자재 지원,○ GAP인증농가 맞춤형 영농자재 지원,,충청북도 단양군,시군구,농업축산과,개인,매년 8월 차년도 사업 접수,방문신청,,농업축산과/043-420-2723,https://www.gov.kr/portal/rcvfvrSvc/dtlEx/448000000120,807,"농업,영농,농가"
448000000121,농산물 택배비 지원,농림축산어업,직접 생산한 농산물을 택배를 활용하여 직거래할 경우 택배비의 50% 지원,"❍ 사업기간: 2022. 12. 1. ∼ 2023.11. 30.(1년간)
  ❍ 지원대상: 농업경영체에 등록된 관내 농업인
  ❍ 지원비율: 군비 50%, 자담 50%
  ❍ 사 업 비: 522,666천원(군비 261,333천원  자담 261,333천원)
  ❍ 사업내용: 농산물 택배비 지원
    - 단양에서 생산한 가공되지 않은 1차 농산물
    - 가공농산물은 식품제조가공업 또는 유통전문판매업에 등록한 자가 제조한 제품에 한함
  ❍ 지원단가: 1건 당 부담한 택배비의 50%지원
  ❍ 지원건수: 최소 125,000원(운송장 50건 정도), 최대 650,000원(운송장 300건 정도)  ※ 택배 착불비는 지원불가",,충청북도 단양군,시군구,농촌활력과,개인,전년 8월 3주간,방문신청,,농촌활력과/043-420-3572,https://www.gov.kr/portal/rcvfvrSvc/dtlEx/448000000121,1002,"농업,농촌"
448000000127,귀농귀촌인 농가주택 수리비 지원,주거·자립,전입 5년 이내 귀농귀촌인에게 농가주택수리비 지원,"○ 지원목적 : 귀농귀촌인의 안정적인 정착지원

○ 지원내용 : 귀농귀촌인 농가주택수리비 지원 500만원 한도",,충청북도 단양군,시군구,농촌활력과,개인,사업 공고시,방문신청,,단양군 농촌활력과/043-420-3692,https://www.gov.kr/portal/rcvfvrSvc/dtlEx/448000000127,1130,"귀농,귀촌,농촌,농가"
448000000128,엽연초 생산 영농자재 지원,농림축산어업,엽연초 생산 농업인 등에게 영농자재 지원,"○ 지원내용 : 엽연초 생산에 필요한 영농자재 지원

○ 지원대상 : 제천 엽연초 생산 협동조합(단양군 관내 연초재배 농업인)",,충청북도 단양군,시군구,농업축산과,개인,매년 8월 차년도 사업 접수,방문신청,,농업축산과/043-420-2723,https://www.gov.kr/portal/rcvfvrSvc/dtlEx/448000000128,575,"농업,영농"
448000000129,귀농인 소형농기계(관리기) 지원,농림축산어업,전입 5년 이내 귀농인에게 소형농기계 구입비용 지원,"○ 지원목적 : 귀농인 농업생산 경쟁력 제고 및 안정적 영농정착 지원

○ 지원내용 : 귀농인 소형농기계 구입비용의 80% 지원(240만원 한도)",,충청북도 단양군,시군구,농촌활력과,개인,사업 공고시,방문신청,,단양군 농촌활력과/043-420-3693,https://www.gov.kr/portal/rcvfvrSvc/dtlEx/448000000129,891,"귀농,농업,영농,농촌"
448000000673,귀농인 정착장려금 지원,생활안정,세대 전입 시: 지원금액: 300~600만원 세대원별 차등 지급,"반드시 귀농신고서 접수 후 지원자격 유지 시 2년 후 귀농정착 장려금 지급
지원금액: 300~600만원 세대원별 차등 지급
     - 1인 세대 전입 시: 300만원 지급
     - 2인 세대 전입 시: 500만원 지급
     - 3인 이상(자녀 포함) 전입 시: 600만원 지급 
    * 정착장려금은 단양사랑상품권으로 지급할 수 있음",,충청북도 단양군,시군구,농촌활력과,개인,상시신청,방문신청,,농촌활력과/043-420-3693,https://www.gov.kr/portal/rcvfvrSvc/dtlEx/448000000673,174,"귀농,농촌"
449000000103,오이 방제약제 지원,농림축산어업,오이재배농가에 오이 방제약제 지원,"○ 지원대상 : 관내 오이재배 농업인, 농업법인등

○ 지원내용 : 오이선충약제,미생물제제등 필요한 방제약제 지원",,충청남도 천안시,시군구,산업교통과,개인,사업시행시기:매년 1월,방문신청,,동남구 산업교통과/041-521-4293,https://www.gov.kr/portal/rcvfvrSvc/dtlEx/449000000103,501,"농업,농가"
449000000110,농업인월급제(농산물대금 선지급제) 지원,농림축산어업,자체수매 약정한 농업인의 월급제 이용을 위해 이자 지원,"○ 지원대상 : 천안시 관내 거주하며, 농협자체수매 출하약정을 체결한 농업인

○ 지원내용 : 농협에서 농업인에게 농산물대금 선지급 하고 이에 따른 이자를 시에서 지역농협에 지급하여 농업인이 무이자로 이용",,충청남도 천안시,시군구,농업정책과,개인,매년 1월 ~ 2월,방문신청,,농업정책과/041-521-5481,https://www.gov.kr/portal/rcvfvrSvc/dtlEx/449000000110,872,농업
449000000116,과수재배 농가 기능성필름 지원사업,생활안정,"과수재배 농가(포도,블루베리)에 비가림시설 및 하우스필름 지원","○ 지원대상 : 천안시 주소지에 주소를 두고 거주하는 과수 재배농가(포도,블루베리)○ 지원내용 : 비가림시설 및 하우스필름 지원",,충청남도 천안시,시군구,산업교통과,개인,매년1월,방문신청,,산업교통과/041-521-6301,https://www.gov.kr/portal/rcvfvrSvc/dtlEx/449000000116,788,농가
449000000127,연초경작농가 자재 지원,농림축산어업,연초재배농가에 필요 영농자재 2~4종 지원,○ 연초재배에 필요한 영농자재 2~4종 지원,,충청남도 천안시,시군구,농업정책과,개인,2025.02.27~2025.03.13,방문신청,,농업정책과/041-521-5499,https://www.gov.kr/portal/rcvfvrSvc/dtlEx/449000000127,666,"농업,영농,농가"
450000000104,공주시한마음장학회 중학생 생활복지 장학생 선발,보육·교육,농촌지역 중학교 재학생에게 장학금 지급,○ 장학금 지급,,충청남도 공주시,시군구,교육체육과,개인,하반기 신청,방문신청,,교육체육과/041-840-8643,https://www.gov.kr/portal/rcvfvrSvc/dtlEx/450000000104,738,농촌
450000000113,일반 농기계 공급 지원,농림축산어업,농업인에게 일반농기계 공급 지원,"○ 일반농기계 지원

○ 지원대상 : 공주시에 주민등록상 주소를 두고 농업경영체

○ 지원내용 : 맞춤형 농기계 지원 구입비 100만원 지원",,충청남도 공주시,시군구,농업정책과,개인,접수기관 별 상이,방문신청,,농업기술센터 농업정책과/041-840-3422,https://www.gov.kr/portal/rcvfvrSvc/dtlEx/450000000113,1381,농업
450000000117,과수 영농자재 지원,농림축산어업,과수농가 영농자재 지원,"○ 지원대상 : 공주시에 주민등록하고, 농업경영체 등록을 완료한 과수 재배면적 1,000제곱미터 이상인 농가
○ 지원내용 : 착과봉지 등 과수 영농자재 지원",,충청남도 공주시,시군구,농업정책과,개인||법인/시설/단체,접수기관 별 상이,방문신청,,농업기술센터 농업정책과/041-840-3432,https://www.gov.kr/portal/rcvfvrSvc/dtlEx/450000000117,956,"농업,영농,농가"
450000000120,공주시한마음장학회 귀농귀촌인 자녀장학생 선발,보육·교육,귀농귀촌인 자녀장학생에게 장학금 지급,○ 장학금 지급,,충청남도 공주시,시군구,교육체육과,개인,하반기 신청,방문신청,,교육체육과/041-840-8643,https://www.gov.kr/portal/rcvfvrSvc/dtlEx/450000000120,681,"귀농,귀촌"
450000000152,지역특화단지 육성 시설하우스 지원,농림축산어업,○ 시설원예 재배시설 현대화 지원,"○ 지원대상 : 공주시에 주민등록을 하고 농업경영체 등록을 한 시설원예(채소) 재배 농업인 및 작목반
   ※ 시설원예 : 유리온실 또는 비닐온실 재배
○ 지원내용 : 시설원예 재배시설 보완 및 장비
   - 양액재배시설, 순환팬, 자동개폐기, 기능성필름 등",,충청남도 공주시,시군구,농업정책과,개인||법인/시설/단체,접수기관 별 상이,방문신청,,농업정책과 원예특작팀/041-840-3433,https://www.gov.kr/portal/rcvfvrSvc/dtlEx/450000000152,445,농업
451000000113,인구증가시책 귀농인 정착금 지원,주거·자립,○ 타 지자체에서 전입한 귀농세대에 정착금 50만원 지원,○ 타 지자체에서 전입한 귀농세대에 정착금 50만원 지원,,충청남도 보령시,시군구,농업지원과,개인,○ 보령시 농촌지역 전입일 기준 1년 이내 ,방문신청,,농업지원과 귀농지원팀/041-930-7681||농업지원과 귀농지원팀/041-930-7683,https://www.gov.kr/portal/rcvfvrSvc/dtlEx/451000000113,869,"귀농,농업"
452000000109,농업인 월급제 지원,농림축산어업,벼 재배농업인에게 벼 수매대금 선지급으로 월급 지원,○ 벼 수매대금의 70%를 봄부터 수확기까지 매별 선지급,,충청남도 아산시,시군구,농식품유통과,개인,상시신청,방문신청,,농식품유통과/041-537-3745,https://www.gov.kr/portal/rcvfvrSvc/dtlEx/452000000109,926,농업
452000000121,고령농업인 영농비 지원,농림축산어업,고령농업인에게 영농비 지원,"○ 농업경영체등록된 자로서 아산에 거주하면서 아산에 영농(1,000㎡ 이상 3,500㎡ 이하)을 하는 농업인 중만 70세 이상(1956. 1. 1.이전 출생자)(2026. 1. 1.기준)에게 논 150원/㎡, 밭 100원/㎡ 지원

 ※ 예산의 범위내에서 변경 될수 있음",,충청남도 아산시,시군구,농정과,개인,2026. 3. 20.까지,방문신청,,농정과/041-537-3886,https://www.gov.kr/portal/rcvfvrSvc/dtlEx/452000000121,897,"농업,영농"
452000000124,청년창업농 융자금 이자 지원,농림축산어업,후계농 융자금 실행한 청년농업인에게 이자 지원,○ 후계농 융자금 이자납부의 50% 지원,,충청남도 아산시,시군구,농촌자원과,개인,2026.06.01~2026.06.30,방문신청,,아산시농업기술센터 농촌자원과/041-537-3970,https://www.gov.kr/portal/rcvfvrSvc/dtlEx/452000000124,975,"농업,농촌"
452000000127,농업기계 수리부품대금 지원,농림축산어업,"농업인에게 농업기계 부품대금 지원
연간 농가당 5기종, 40만원 한도","지원내용 : 시 지정 수리점에서 농업기계수리 시 수리에 사용한 부품대금 지원
지원금액 : 연간 농가당 5기종, 40만원 한도 (동일기종 중복신청 불가)

 - 대형기종(250,000원(대당 지원 한도액)) : 트랙터, 콤바인, 승용이앙기, 승용관리기, 농업용로더, 농업용굴삭기, 스피드스프레이어
 - 중형기종(100,000원(대당 지원 한도액))  : 경운기, 보행이앙기, 보행관리기, 과수용 승용제초기, 동력운반차
 - 소형기종(50,000원(대당 지원 한도액)) : 예취기 등 기타 엔진부착장비

※ 부품대금 지원기종은 면세유 공급대상으로 농협에 등록된 농업기계에 한정하며, 각종 오일교환에 소요되는 오일류 및 부동액 제외 
※ 예산소진 시 지원 종료",,충청남도 아산시,시군구,농촌자원과,개인,상시신청,방문신청,,농촌자원과(농업기계교육팀)/041-537-3827,https://www.gov.kr/portal/rcvfvrSvc/dtlEx/452000000127,809,"농업,농촌,농가"
452000000140,도고쪽파 유박비료 지원,농림축산어업,쪽파재배농가에 친환경 유박비료 구입비 지원,○ 아산시에 주소를 두고 도고저수지 상류지역에서 쪽파를 0.1ha 이상 재배농가에 친환경 유박비료 구입비 50% 지원,,충청남도 아산시,시군구,농업기술과,개인,매년 1월~2월 초,방문신청,,아산시 농업기술센터/041-537-3831,https://www.gov.kr/portal/rcvfvrSvc/dtlEx/452000000140,818,"농업,농가"
452000000141,과수재배농가 농기계 구입 지원,농림축산어업,과수재배 농업인에게 농기계 구입비 지원(신청기종에 따라 차등 지원),"○ 과수농가 농기계 구입비 지원
 - 신청기종에 따라 차등 지원",,충청남도 아산시,시군구,농업기술과,개인,매년 1월~2월 초까지,방문신청,,아산시농업기술센터 농업기술과/041-537-3836,https://www.gov.kr/portal/rcvfvrSvc/dtlEx/452000000141,779,"농업,농가"
452000000142,부산물 비료(퇴비) 구입지원,농림축산어업,영농 농업인 등에게 가축분퇴비 무상 지원,"부산물 친환경 퇴비를 농협중앙회(지역농협 포함)와 협력으로 농가에 공급하여 밭,과수작물 밑거름으로 사용",,충청남도 아산시,시군구,농정과,개인,전년도 11월~12월 중,정부24온라인신청||방문신청,,농정과/041-537-3655,https://www.gov.kr/portal/rcvfvrSvc/dtlEx/452000000142,988,"농업,영농,농가"
452000000144,친환경농가 규산질비료 지원,농림축산어업,친환경농산물 인증을 받은 농업인에게 규산질비료 구입비 지원,"○ 친환경인증을 받은 농가에 대해 규산질비료 구입비 지원
  - 유기농업자재로 공시된 농업자재에 대해서만 지원가능",,충청남도 아산시,시군구,농정과,개인,2026.01.~2026.02.,방문신청,,농업기술센터/041-537-3655,https://www.gov.kr/portal/rcvfvrSvc/dtlEx/452000000144,620,"농업,농가"
452000000146,소형 농기계 구입비 지원,농림축산어업,영농농업인 등에게 농기계 구입비 50% 보조 지원,"○ 농업경영체등록된 자로서 아산에 거주하면서 아산에 영농(벼, 밭)하는 농업인 또는 농업법인에게 농기계 구입비 50% 보조",,충청남도 아산시,시군구,농정과,개인,2026. 2. 19.~3. 12.,방문신청,,농정과/041-537-3648,https://www.gov.kr/portal/rcvfvrSvc/dtlEx/452000000146,879,"농업,영농"
452000000149,칡소 다산장려금 지원,농림축산어업,칡소 사육 농가에 송아지 출산 시 다산장려금 지원,○ 3산 이상 칡소의 송아지 출산 시 다산장려금 지원,,충청남도 아산시,시군구,축산과,개인,접수기관 별 상이,방문신청,,아산시 축산과/041-537-3843,https://www.gov.kr/portal/rcvfvrSvc/dtlEx/452000000149,852,농가
452000000153,친환경농가(수도작/과수) 유기질비료 지원,농림축산어업,친환경농산물 인증을 받은 농업인(수도작/과수)에게 유기질비료 구입비 지원,"○ 친환경인증을 받은 농가에 대해 유기질비료 구입비 지원
  - 유기농업자재로 공시된 농업자재에 대해서만 지원가능
  - 수도작(벼) 및 과수농가에 대해서 지원",,충청남도 아산시,시군구,농정과,개인,2026.01.~2026.02.,정부24온라인신청||방문신청,,농업기술센터/041-537-3655,https://www.gov.kr/portal/rcvfvrSvc/dtlEx/452000000153,626,"농업,농가"
452000000155,친환경 시설채소 농가 농업자재 지원,생활안정,친환경인증을 받은 시설채소 농가에 농업자재 구입비 지원,"○ 친환경인증을 받은 시설채소 농가에 대해 농업자재 구입비 지원
  - 유기농업자재로 공시된 농업자재에 대해서만 지원가능",,충청남도 아산시,시군구,농정과,개인,2026.01.~2026.02.,방문신청,,농업기술센터/041-537-3655,https://www.gov.kr/portal/rcvfvrSvc/dtlEx/452000000155,755,"농업,농가"
452000000156,이삭 도열병 공동방제약 지원,농림축산어업,영농 농업인에게 방제약 지원,농업경영체 등록된 자로서 아산에 거주하면서 아산에 영농(벼) 하는 농업인에게 방제약품 및 항공방제 지원,,충청남도 아산시,시군구,농정과,개인,2026년 예정,방문신청,,농정과/041-537-3638,https://www.gov.kr/portal/rcvfvrSvc/dtlEx/452000000156,539,"농업,영농"
452000000158,오이재배농가 액상비료 지원,농림축산어업,배방 오이재배 농가에 액상비료 구입비 지원,○ 배방 오이재배 농가(노지 및 시설오이)에 오이 액상비료(관주용 비료) 구입비 50% 지원,,충청남도 아산시,시군구,농업기술과,개인,매년 1월~2월 초,방문신청,,농업기술과/041-537-3831,https://www.gov.kr/portal/rcvfvrSvc/dtlEx/452000000158,539,"농업,농가"
452000000160,환경친화적 신소재 영농지원,농림축산어업,원예작물 재배농가에 친환경 신소재 영농자재 지원,"○ 아산시 관내 원예작물 재배농가에 생분해멀칭제(190원/㎡당), 하우스 차광도포제(*인위제거형 500원/㎡당), 액상멀칭제(190원/㎡당), Y자형 고추지주대(3,900원/1개당), PLS 대응 충해관리제 구입비 (150원/㎡당)",,충청남도 아산시,시군구,농업기술과,개인,매년 2월 중,방문신청,,농업기술과/041-537-3831,https://www.gov.kr/portal/rcvfvrSvc/dtlEx/452000000160,558,"농업,영농,농가,농지"
452000000163,친환경유기질비료 지원(배방),농림축산어업,배방읍 채소재배 농가에 친환경 유기질 비료 구입비 지원,"○ 배방 자이아파트 ,북수초등학교, 호서대학교 반경500m 농지(갈매리, 북수리 등)에 330㎡ 이상 채소재배 농가에 친환경 유기질비료(유박비료) 구입비 50% 지원",,충청남도 아산시,시군구,농업기술과,개인,매년 1월~2월 초,방문신청,,농업기술과/041-537-3831,https://www.gov.kr/portal/rcvfvrSvc/dtlEx/452000000163,557,"농업,농가,농지"
452000000183,원예작물 고품질생산지원(오이육묘),생활안정," ❍ 사업대상 : 배방 오이재배 농가(노지 및 시설오이)
 ❍ 사업내용 : 오이 실생묘","❍ 배방 오이재배 농가를 우선 지원하여 주산단지 조성 도모
 ❍ 다수확 내병성이 있는 품종으로의 단일화로 절임오이 고유의 신선한 고품질의 안전한 농산물 생산",,충청남도 아산시,시군구,농업기술과,개인,매년 1월~2월 초,방문신청,,농업기술과/041-537-3831,https://www.gov.kr/portal/rcvfvrSvc/dtlEx/452000000183,604,"농업,농가"
452000000336,기획생산 참여농가 지원,농림축산어업,로컬푸드에 참여하는 소규모 생산농가가 안정적인 소득기반을 마련,"○ 로컬푸드에 참여하는 소규모 생산농가가 안정적인 소득기반을 마련할 수        있도록 여건 조성
   ○ 지역농산물의 지역 내 소비를 위하여 사계절 생산할 수 있는 지속가능한        생산기반 조성
[비닐·이중비닐하우스(330㎡, 165㎡), 비닐교체, 저온저장고(16.5㎡, 9.9㎡), 소형건조기 지원]",,충청남도 아산시,시군구,농식품유통과,개인,2026. 1. 30.~ 2. 19.,방문신청,,농식품유통과/041-537-3931,https://www.gov.kr/portal/rcvfvrSvc/dtlEx/452000000336,83,농가
452000000337,청년농업인 영농자재 지원,농림축산어업,농촌 정착 청년농업인의 경영비 절감을 위한 시책 추진으로 경쟁력을 갖춘 청년농업인 육성,"○ 지원내용: 영농자재 구입비 지원
  - 농업용 필름, 파이프, 포장상자, 포대, 과일봉지, 은박지, 비료, 사료, 농약, 묘목 종자 등
○ 지원단가: 1인당 2,000천원 이내 보조 1,000,000원(50%), 자담1,000,000원(50%)
※ 조세특례제한법 제105조의2(농업․임업․어업용 기자재에 대한 부가가치세의 환급에 관한 특례)에 해당하는 부가가치세는 지원액에서 제외
   * 사업량에 따라 지원단가 조정하여 지급 될 수 있음
    * 청년후계농 영농정착지원사업 선정자 우선지정",,충청남도 아산시,시군구,농촌자원과,개인,2026.01.15~2026.02.20,방문신청,,아산시 농촌자원과 인력육성팀/041-537-3970,https://www.gov.kr/portal/rcvfvrSvc/dtlEx/452000000337,91,"농업,영농,농촌"
453000000160,맞춤형 소형농기계 지원,농림축산어업,농가에 동력살분무기 구입비 50% 지원,○ 동력살분무기 구입비 50% 지원,,충청남도 서산시,시군구,농업정책과,개인,매년초,방문신청,,농업기술센터 농업정책과/041-660-2376,https://www.gov.kr/portal/rcvfvrSvc/dtlEx/453000000160,1404,"농업,농가"
453000000193,친환경 농업 및 농산물 육성 지원,농림축산어업,"친환경 인증농가 등에 유기질비료, 친환경농자재 구입비 등 지원","○ 우렁이농법, 유기질비료, 친환경농자재 구입비 지원",,충청남도 서산시,시군구,농업정책과,개인,매년 1~2월중(정확한 신청기간은 041-660-2374로 문의바랍니다.),방문신청,,농업정책과/041-660-2374,https://www.gov.kr/portal/rcvfvrSvc/dtlEx/453000000193,626,"농업,농가"
453000000206,청년농업인 행복바우처 지원,농림축산어업,"관내  청년농업인(만18세 이상~만39세 이하)에게 서산사랑상품권 지원(1인 20만원)
","○ 목적 : 지역농업을 이끌어갈 청년농업인의  육성
○ 대상 : 관내 거주하며 실제 영농에 종사하는 청년농업인(만18세 이상~만45세 미만)
○ 내용 : 청년농업인에게 문화복지서비스 제공을 위한 1인 20만원 지급",,충청남도 서산시,시군구,농업정책과,개인,상반기 1월경( 추후 잔여량에 따라 추가 접수) ,방문신청,,농업기술센터 농업정책과/041-660-3961,https://www.gov.kr/portal/rcvfvrSvc/dtlEx/453000000206,630,"농업,영농"
453000000207,농가 도우미 지원,농림축산어업,서산시에 주소를 둔 출산(예정) 여성농업인에대한 영농작업 및 가사 대행 도우미 인건비 지원,"○ 대상 : 서산시에 주소를 둔 출산(예정) 여성농업인
○ 내용 : 영농작업 및 가사 대행 도우미 인건비 지원(1일 5만원 중 80% 지원 / 지원일수 : 최대 60일)",,충청남도 서산시,시군구,농업정책과,개인,상시신청,방문신청,,농업기술센터 농업정책과/041-660-3961,https://www.gov.kr/portal/rcvfvrSvc/dtlEx/453000000207,791,"농업,영농,농가"
454000000115,GAP 안정성 분석비 지원,농림축산어업,GAP인증농가에 인증 검사비 지원,○ GAP 인증 검사비 지원,,충청남도 논산시,시군구,농산물유통지원센터,개인,상시신청(변동될 수 있음),정부24온라인신청||방문신청,,농산물유통지원센터/041-746-6457,https://www.gov.kr/portal/rcvfvrSvc/dtlEx/454000000115,991,농가
454000000120,인공수분용 배 꽃가루 지원,농림축산어업,배 재배 농가 등에 인공수분용 배 꽃가루 지원,"○ 관내 배 재배 농가, 법인, 작목반, 연구회에게 인공수분용 배 꽃가루 지원",,충청남도 논산시,시군구,농촌활력과,개인,매년 1월 중(지자체 사정에 따라 기간이 변경될 수 있음),방문신청,,농촌활력과/041-746-6073,https://www.gov.kr/portal/rcvfvrSvc/dtlEx/454000000120,548,"농촌,농가"
454000000121,과채류 화분교배용 수정벌 지원,생활안정,"수박, 토마토, 멜론 재배농가에 수정벌 지원","○ 관내 거주 수박, 토마토, 멜론 재배농가에게 하우스 1동당 수정벌 1통에 대한 일정액 지원",,충청남도 논산시,시군구,농촌활력과,개인||법인/시설/단체,매년 2월 중(지자체 사정에 따라 기간이 변경될 수 있음),정부24온라인신청||방문신청,,농촌활력과/041-746-6074,https://www.gov.kr/portal/rcvfvrSvc/dtlEx/454000000121,772,"농촌,농가"
454000000126,소규모 도정공장 기계장비 지원,생활안정,"소규모 도정공장에 정미기, 색채선별기 구입비 일부 지원","○ 논산시 관내 소규모 도정공장에 정미기, 색채선별기 구입비 일부 지원",,충청남도 논산시,시군구,농촌활력과,법인/시설/단체,상시신청,방문신청,,농촌활력과/041-746-6065,https://www.gov.kr/portal/rcvfvrSvc/dtlEx/454000000126,389,농촌
454000000136,종계농가 자동급이급수기 지원,농림축산어업,종계사육농가에 자동급이급수기 지원,○ 종계농가 자동급이급수기 지원,,충청남도 논산시,시군구,축수산과,개인,상시신청,방문신청,,축수산과/041-746-6093,https://www.gov.kr/portal/rcvfvrSvc/dtlEx/454000000136,648,농가
454000000139,동물사체 처리시설 지원,농림축산어업,닭·돼지 사육농가에 동물사체 처리시설 지원,○ 동물사체 처리시설 지원,,충청남도 논산시,시군구,축수산과,개인,상시신청,방문신청,,축수산과/041-746-6113,https://www.gov.kr/portal/rcvfvrSvc/dtlEx/454000000139,526,농가
454000000154,농약살포작업 보호장비 지원,농림축산어업,농업인에게 농약살포작업 보호장비 지원,"○ 농약살포작업을 실시하는 농업인에게 보호장비(방제복, 마스크, 보안경 등) 구입비 일부 지원",,충청남도 논산시,시군구,농촌활력과,개인,매년 2~3월(지자체 일정에 따라 달라질 수 있음),방문신청,,농촌활력과/041-746-6062,https://www.gov.kr/portal/rcvfvrSvc/dtlEx/454000000154,650,"농업,농촌"
454000000160,원예작물 연작장해 방지 지원,농림축산어업,시설원예농가에 토양 개량 및 작물생육용 자재 지원,○ 관내 거주 시설원예농가에게 유기농업자재 정보시스템에 공시 된 토양 개량 및 작물생육용 자재 지원,,충청남도 논산시,시군구,농촌활력과,개인,매년 2월 중(지자체 사정에 따라 기간이 변경될 수 있음),정부24온라인신청||방문신청,,농촌활력과/041-746-6073,https://www.gov.kr/portal/rcvfvrSvc/dtlEx/454000000160,621,"농업,농촌,농가"
454000000163,고효율 소형 농기계 지원,농림축산어업,농업인에게 소형농기계(약 10종) 구입비 일부 지원,"○ 벼, 밭, 원예작물 재배농가에게 소형농기계(약 10종) 구입비 일부 지원",,충청남도 논산시,시군구,농촌활력과,개인,매년 2~3월(지자체 일정에 따라 달라질 수 있음),방문신청,,농촌활력과/041-746-6543,https://www.gov.kr/portal/rcvfvrSvc/dtlEx/454000000163,574,"농업,농촌,농가"
457000000106,귀농인 소규모 주택개선 지원,주거·자립,귀농인에게 노후 농가주택 개보수 지원,"○ 노후 농가주택 개보수 지원
 - 사업비용 : 1000만원(보조 500만원 / 자부담 500만원)",,충청남도 부여군,시군구,농촌지원과,개인,1월 ,방문신청,,농업기술센터 농촌지원과/041-830-2567,https://www.gov.kr/portal/rcvfvrSvc/dtlEx/457000000106,731,"귀농,농촌,농가"
457000000122,농약 안전보관함 보급 지원,농림축산어업,농업인에게 농약안전보관함 보급 지원,"○ 지원대상 : 관내 주소를 둔 농업인

○ 선정기준 : 중소 고령농가, 친환경 농산물 재배농가, 과수 및 시설하우스 재배농가 

○ 지원내용 : 농약안전보관함 지원",,충청남도 부여군,시군구,굿뜨래경영과,개인,매년,방문신청,,부여군 굿뜨래경영과/041-830-2686,https://www.gov.kr/portal/rcvfvrSvc/dtlEx/457000000122,954,"농업,농가"
457000000132,소형 농기계 지원,농림축산어업,농업인에게 동력살분무기 등 소형농기계 지원,"○ 지원대상 : 관내 주소를 둔 농업인

○ 지원한도 : 농기계 거리가격의 70% 이내로 지원

○ 지원내용 : 동력살분무기, 충전식분무기, 예초기 등

○ 우선순위 : 1 소규모 고령농가, 2 중규모 고령농가, 3 친환경인증농가, 4. 일반농가",,충청남도 부여군,시군구,농업정책과,개인,접수기관 별 상이,방문신청,,농업정책과 식량산업팀/041-830-2238,https://www.gov.kr/portal/rcvfvrSvc/dtlEx/457000000132,850,"농업,농가"
457000000135,귀농인 소규모 농기계 구입 지원,농림축산어업,귀농인에게 소형 농기계 구입 지원,"○ 귀농인 소형 농기계 구입 지원
 - 사업비용 : 500만원(보조 250만원 / 자부담 250만원)",,충청남도 부여군,시군구,농촌지원과,가구,1월,방문신청,,농업기술센터 농촌지원과/041-830-2567,https://www.gov.kr/portal/rcvfvrSvc/dtlEx/457000000135,706,"귀농,농촌"
457000000136,농가 도우미 지원,농림축산어업,출산 여성 농업인에게 농가도우미 지원,"○ 사업대상 : 군내거주 출산 또는 출산예정 여성농업인

○ 기준단가 : 64,200/1일(보조80%)

○ 지원일수 한도 : 45일

○ 신청기간 : 출산(예정)일 기준으로 출산 전90일부터 출산후 90일까지 180일 기간 중 45일간 도우미 이용",,충청남도 부여군,시군구,농업정책과,개인,상시신청,방문신청,,농업정책과/041-830-2250,https://www.gov.kr/portal/rcvfvrSvc/dtlEx/457000000136,723,"농업,농가"
457000000153,부여은산 충남형 농촌리브투게더,주거·자립,"부여은산
단독주택 20호 공급","부여은산 
단독주택 20호 공급

부여은산 사업계획승인의 사업시행자 지위로 사업시행
(설계-시공-공급)",,충청남도 부여군,시군구,도시건축과,법인/시설/단체,상시신청,방문신청,,도시건축과/830-2402,https://www.gov.kr/portal/rcvfvrSvc/dtlEx/457000000153,1476,농촌
458000000101,모판용 가공상토 지원,농림축산어업,수도작 농업인에게 가공상토 공급 지원,○ 관내 수도작 농업인에 가공상토 공급 지원,,충청남도 서천군,시군구,농업정책과,개인,상시신청,방문신청,,농업정책과/041-950-4381,https://www.gov.kr/portal/rcvfvrSvc/dtlEx/458000000101,1017,농업
458000000119,친환경·HACCP 인증심사비 지원,농림축산어업,축산농가에 친환경 및 HACCP 인증 심사비용 지원,○ HACCP 지정 및 무항생제축산물 인증에 소요되는 제비용 지원,,충청남도 서천군,시군구,농업축산과,개인||법인/시설/단체,상시신청,방문신청,,서천군농업기술센터 농업축산과/041-950-4384,https://www.gov.kr/portal/rcvfvrSvc/dtlEx/458000000119,708,"농업,농가"
459000000121,농업기계 지원,농림축산어업,청양군에 주소가 등록된 농업경영체 가입된 경영체에게 곡물건조기 외 9종 기계 구입비 지원,"동력살분무기, 곡물건조기, 동력호스권취기 등 농기계 구입비 지원",,충청남도 청양군,시군구,농정축산실,개인,2024.01.05~2024.02.02,정부24온라인신청||방문신청,,청양군청 농정축산실/041-940-2993,https://www.gov.kr/portal/rcvfvrSvc/dtlEx/459000000121,1158,농업
459000000135,친환경 밤 풀베기 지원,농림축산어업,임산물 재배지 친환경 재배관리를 위한 풀베기 인부임 지원 ,"○ 친환경 밤 풀베기 지원
 - 지원대상 : 청양군 임가
 - 지원내용 : 임산물 재배지 친환경 재배관리를 위한 풀베기 인부임 지원 
 - 선정기준 : 재배면적 0.5ha이상(5ha 이상 신청농가는 5ha 한도 내 배정)",,충청남도 청양군,시군구,산림자원과,개인,2025. 6. 30. ~ 2025. 7. 25.,정부24온라인신청||방문신청,,청양군청 산림자원과/041-940-2813,https://www.gov.kr/portal/rcvfvrSvc/dtlEx/459000000135,656,농가
459000000136,밤나무해충 드론방제비 지원,농림축산어업,밤생산농가에 밤나무해충 드론방제비 지원,"○ 밤나무해충 드론방제비 지원
 - 지원대상 : 관내 밤 생산농가 중 임업(농업)경영체 등록농가 및 친환경 인증농가
 - 지원내용 : 드론을 이용한 밤나무해충 방제비 지원
 - 지원기준 : (재배면적) 0.1ha이상 / (방제횟수) 2회방제분",,충청남도 청양군,시군구,산림자원과,개인,상시신청,정부24온라인신청||방문신청,,청양군산림자원과/041-940-2475,https://www.gov.kr/portal/rcvfvrSvc/dtlEx/459000000136,901,"농업,농가"
459000000137,수도용 상토지원,농림축산어업,농가에 벼 묫자리 상토 지급,○ 벼 묫자리 상토 지급,,충청남도 청양군,시군구,농정축산실,개인,접수기관 별 상이,정부24온라인신청||방문신청,,청양군 농업정책과/041-940-2991,https://www.gov.kr/portal/rcvfvrSvc/dtlEx/459000000137,667,농가
459000000142,축분 청정화 지원,농림축산어업,축산농가에 악취제거제 지원,"○ 축산환경(악취제거) 개선지원
 - 지원대상 : 청양군 축산농가
 - 지원내용 : 악취제거제 지원
 - 선정기준 : 가축사육업 등록,허가농가 대상",,충청남도 청양군,시군구,농정축산실,개인,접수기관 별 상이,정부24온라인신청||방문신청,,청양군청  농정축산실/041-940-2316,https://www.gov.kr/portal/rcvfvrSvc/dtlEx/459000000142,645,농가
460000000128,가금농가 주요질병 백신 지원,농림축산어업,종계 및 산란계 사육농가에 백신구입 보조금 지원,"○ 가금농가의 백신구입을 사전신청 접수하고, 구입 확인 시 보조금 지급
 - 보조금 50%, 자부담 50%",,충청남도 홍성군,시군구,축산과,개인,상시신청,방문신청,,홍성군 경제문화농업국 축산과/041-630-1947,https://www.gov.kr/portal/rcvfvrSvc/dtlEx/460000000128,802,농가
460000000146,농기계 지원,농림축산어업,벼 및 원예작물 재배농가에 동력살분무기 등 농기계 구입 지원,"○ 동력살분무기, 농산물건조기, 육묘용기계 등 50% 구입 지원",,충청남도 홍성군,시군구,농업정책과,개인,접수기관 별 상이,정부24온라인신청||방문신청,,농업정책과/041-630-1823,https://www.gov.kr/portal/rcvfvrSvc/dtlEx/460000000146,800,"농업,농가"
461000000101,고품질 시설채소 안정생산 지원(시범),농림축산어업,"시설채소 농가에유동펜, 무인방제기(고압식포그시스템), 차광막, 보온 등 생육환경 개선 지원","○유동펜, 무인방제기(고압식포그시스템), 차광막, 보온커튼, 냉난방기 시설 등",,충청남도 예산군,시군구,스마트농업과,개인,접수기관 별 상이,방문신청,,스마트원예팀/041-339-8154,https://www.gov.kr/portal/rcvfvrSvc/dtlEx/461000000101,664,"농업,농가"
461000000111,귀농인 주택수리비 지원,주거·자립,귀농인에게 농가주택 수리비 지원,"예산군으로 이주한 5년 이하 귀농인에게 농가주택 수리비 지원(개소당 450만원, 5개소 지원) 집 리모델링, 보일러 교체, 부엌, 화장실 개량 등",,충청남도 예산군,시군구,미래농업과,개인,"사업이 있을 경우, 매년 1월 초순~하순",기타 온라인신청||방문신청,,미래농업과/041-339-8168,https://www.gov.kr/portal/rcvfvrSvc/dtlEx/461000000111,747,"귀농,농업,농가"
461000000116,꽃가루 보관 및 활력검정 지원,농림축산어업,과수농가에 꽃가루 보관 및 활력검정 지원,"○ 과수 농가 인공수분용 꽃가루 활력검사 

○ 과수 농가 꽃가루(배, 사과) 채취 서비스 제공

○ 과수 꽃가루 저장 접수 및 보관",,충청남도 예산군,시군구,스마트농업과,개인,운영기간에 한함,방문신청,,예산군농업기술센터/041-339-8149,https://www.gov.kr/portal/rcvfvrSvc/dtlEx/461000000116,898,"농업,농가"
461000000136,엽연초영농자재지원사업,생활안정,"엽연초용비료, 멀칭필름, 육묘용상토 등","엽연초용비료, 멀칭필름, 육묘용상토 등",,충청남도 예산군,시군구,농정유통과,개인,매년 1~2월 신청,방문신청,,농정유통과 과수특작팀/041-339-7581,https://www.gov.kr/portal/rcvfvrSvc/dtlEx/461000000136,602,영농
461000000142,GAP 및 친환경인증농가 직거래 택배비 지원,생활안정,GAP 및 친환경인증농가 직거래 택배비 지원,직거래 택배비 지원,,충청남도 예산군,시군구,농정유통과,개인,20260601~20260626 / 20261102~20261127,방문신청,,농정유통과 농촌산업유통지원팀/041-339-7574,https://www.gov.kr/portal/rcvfvrSvc/dtlEx/461000000142,945,농가
462000000308,농기계 공급 지원,농림축산어업,밭작물 재배농가에 소형농기계 구입비 지원,"○ 소형농기계 구입비 지원
    -  군비 50%, 자담 50%

○ 지원기종 : 농업기계 모델등록 기종 중 소형농기계(16종)
    ※ 트랙터, 콤바인, 승용이앙기 등 대형 농기계 지원 제외",,충청남도 태안군,시군구,농정과,개인,상시신청,방문신청,,농정과/041-670-2161,https://www.gov.kr/portal/rcvfvrSvc/dtlEx/462000000308,765,"농업,농가"
462000000317,논 타작물 기반조성 지원,농림축산어업,농가에 논 타작물 재배를 위한 기반조성 및 농기계 구입 지원,"❍ 사업내용 : 논 타작물 재배를 위한 기반조성 및 농기계 구입 지원
    ➀ 기반조성 : 배수로 정비를 위한 장비 임차비, 암거배수 설치비 등 배수개선
    ➁ 농 기 계 : 파종기, 방제용 드론, 콩 선별기, 방제기 등",,충청남도 태안군,시군구,농정과,개인,접수기관 별 상이,방문신청,,농정과/041-670-2814,https://www.gov.kr/portal/rcvfvrSvc/dtlEx/462000000317,819,농가
462000000318,친환경 인증농가 비료 지원,농림축산어업,친환경인증을 받은 농가에 유기질비료 지원,"○ 친환경농업에 필요한 유기질비료 지원
 - 1포당(20kg) 10,000원(보조 50%, 자담 50%)
 - 농가당 최대 5ha까지 지원",,충청남도 태안군,시군구,농정과,개인,상시신청,방문신청,,농정과/041-670-2816,https://www.gov.kr/portal/rcvfvrSvc/dtlEx/462000000318,660,"농업,농가"
462000000330,과수원예농가 유기질비료 지원,생활안정,과수원예농가에 유기질비료 지원,○ 농업경영체를 등록한 군내 과수원예 농가에 유기질비료 지원,,충청남도 태안군,시군구,농정과,개인,상시신청,방문신청,,농정과/041-670-2830,https://www.gov.kr/portal/rcvfvrSvc/dtlEx/462000000330,886,"농업,농가"
462000000333,달래농가 생산자재 지원,농림축산어업,"달래농가에 토양개량제, 포장박스, 달래망 지원","○ 농업경영체를 등록한 군내 달래 농가에 토양개량제, 포장박스, 달래망 지원",,충청남도 태안군,시군구,농정과,개인,상시신청,방문신청,,농정과/041-670-2819,https://www.gov.kr/portal/rcvfvrSvc/dtlEx/462000000333,904,"농업,농가"
462000000336,농기계 종합보험 지원,농림축산어업,농기계 소유자에게 농기계 종합보험 가입비 지원,"* 농기계 종합보험 가입비 지원
  ❍ 대인배상, 대물배상, 자기신체사고, 적재농산물 : 보험료의 80% 지원
  ❍ 농기계 손해 : 가입금액 1억원* 이하 보험료의 80%를 지원하되, 할증요율 120% 이내에 한함
    ※ 영세농업인(기초수급자 및 차상위계층)이 피보험자인 경우 주계약 보험료의 국비 70% 지원",,충청남도 태안군,시군구,농정과,개인,상시신청,방문신청,,농정과/041-670-2816,https://www.gov.kr/portal/rcvfvrSvc/dtlEx/462000000336,738,농업
464000000102,GAP인증 과수 병해충 방제 약제 지원,농림축산어업,품목별 작목반 등에 과수 병해충 방제 약제 지원,"○ 거주지 및 과원주소가 전주로 되어있으며, 농업경영체를 등록한 농업인에게 과수류 병해충 방제 약제 지원",,전북특별자치도 전주시,시군구,농업기술과,개인,매년 1~2월 중,방문신청,,농업기술과/063-281-6714,https://www.gov.kr/portal/rcvfvrSvc/dtlEx/464000000102,736,농업
464000000108,영농작업 환경개선 지원,농림축산어업,"농업인에게 중소형농기계, 고소작업차, 과수방제기 등 구입비 지원","○ 중소형농기계 구입비 지원
 - 지원대상 : 전주시에 주소를 두고 관내 농지를 1,000㎡이상 경작하는 농업경영체 등록 농업인
 - 지원내용 : 대당 1백만원 한도 지원

○ 고소작업차,과수방제기, 미나리뿌리 세척기 지원
 - 지원대상 : 전주시조합공동사업법인에 생산농산물 출하약정·확행농가 및 공선출하회 참여농가
 - 지원내용 : 고소작업차, 과수방제기 대당 천만원 한도, 미나리뿌리 세척기 대당 220만원 한도 지원",,전북특별자치도 전주시,시군구,농업정책과,개인,상시신청,방문신청,,농업정책과/063-281-5071,https://www.gov.kr/portal/rcvfvrSvc/dtlEx/464000000108,736,"농업,영농,농가,농지"
464000000112,친환경농업 유기질비료 지원,농림축산어업,농가에 유기질 비료 지원,○ 친환경농업을 육성하기 위하여 지원하는 사업으로 친환경인증 농가를 대상으로 유기질 비료를 지원함,,전북특별자치도 전주시,시군구,농업기술과,개인,매년 1월,방문신청,,농업기술과/063-281-6709,https://www.gov.kr/portal/rcvfvrSvc/dtlEx/464000000112,610,"농업,농가"
464000000122,고급육 생산장려금 지원,농림축산어업,"고급육 사육 한우농가에 한우등급 장려금, 우량정액 등 지원","○ 한우 등급 장려금지원
 - 지원단가 : (1++ 40만원/두, 1+30만원/두, 1 21만원/두) 
 - 대상가축 : 관내에서 사육된 한우로 도축 후 1등급이상 도체등급 판정을 받은 한우로서 ‘21. 1. 1. ～ 12. 31.까지 도축된 한우  
 - 대상자 : 축산업 등록 및 쇠고기 이력제에 등록된 농가

○ 한우 우량정액 공급지원
 - 지원단가 : 10,000원/두 
 - 정액결정 : 종축개량협회 종모우 1등급 중 한우농가가 선호하는 정액
 ※ 정액 : KPN(Korean Proven Bull:한우 보증씨수소) 1등급 중 선택
 - 구입처 : 농협중앙회 한우개량사업소

○ 한우 초음파 육질 진단료 지원사업
 - 지원단가 : 7,000원/두 
 - 지원대상 및 가축 : 관내 축산업등록제 및 쇠고기 이력제에 가입된 생후 21～29개월령의 한우",,전북특별자치도 전주시,시군구,동물정책과,개인,상시신청,방문신청,,동물정책과/063-281-6698,https://www.gov.kr/portal/rcvfvrSvc/dtlEx/464000000122,666,농가
467000000115,유기질비료 지원,농림축산어업,"농산물 생산에 사용하는 부산물비료(유기질비료, 부숙유기질비료) 구입비 일부 지원","○ 농산물 생산에 사용하는 부산물비료(유기질비료, 부숙유기질비료) 구입비 일부 지원",,전북특별자치도 군산시,시군구,농업정책과,개인,매년 11월초~12월초,방문신청,,농업정책과/063-454-2843,https://www.gov.kr/portal/rcvfvrSvc/dtlEx/467000000115,871,농업
467000000117,미세먼지 저감 보릿짚 환원사업(영농부산물 활용 인센티브 지원),농림축산어업,보릿짚 환원 농가에 장려금 지원,"○ 미세먼지 저감을 위하여 보리 수확 후 보릿짚을 소각하지 않고 잘게 절단하여 논갈이한 농가에 ha당 200천원 지원, 그외 활용한 농가 ha당 100천원 지원
 - 신청장소 : 농지소재지 읍면동사무소
 - 대상농지 : 군산시 관내 보리(귀리,밀)를 재배하며 논 이모작(준경관) 직불대상농지
 - 사업대상 : 군산시 관내 주소를 두고 보릿짚 환원사업 보조금 지급대상 농지를 실제 경작하고 농업경영체 등록을 한 농업인",,전북특별자치도 군산시,시군구,농업정책과,개인,매년 1~3월,정부24온라인신청||방문신청,,농업정책과/063-454-2843,https://www.gov.kr/portal/rcvfvrSvc/dtlEx/467000000117,600,"농업,영농,농가,농지"
467000000127,귀농인 주거기반 조성 지원,농림축산어업,귀농인이 농어촌 지역에 안정적으로 정착하여 영농에 종사할 수 있도록 주거환경 개선 지원,"○ 귀농인 주거기반 조성 지원

지원내용
수리 시: 빈집 리모델링, 보일러 교체, 지붕, 부엌, 화장실 수리 
신축 시: 신축 설계비, 수도, 전기, 유입비 지원",,전북특별자치도 군산시,시군구,농촌지원과,가구,상시신청,방문신청,,군산시 농업기술센터/063-453-5235,https://www.gov.kr/portal/rcvfvrSvc/dtlEx/467000000127,748,"귀농,영농,농촌"
467000000129,기본형 공익직불사업,농림축산어업,지급대상 요건을 갖춘 농업인에게  기본형 공익직불금 지급,"농업경영체정보를 등록한 자로서 지급대상 농지에 1,000㎡ 이상 경작자에 기본형 공익직불금 지급
(소농) 0.1~5ha 경작자 / 연 130만원
(면적) 0.5ha이상 경작자 / 면적 구간별 단가 상이(100~205만원/ha)",,전북특별자치도 군산시,시군구,농업정책과,개인,매년 3월~5월,방문신청,,농정과/063-454-2844,https://www.gov.kr/portal/rcvfvrSvc/dtlEx/467000000129,531,"농업,농지"
468000000102,"산나물,약초 재배농가 지원",농림축산어업,산나물 등 재배농가에 종자 및 농자재 구입 지원,○ 종자 및 농자재 구입 지원,,전북특별자치도 익산시,시군구,산림과,개인,상시신청,방문신청,,바이오농정국 산림과/063-859-5469,https://www.gov.kr/portal/rcvfvrSvc/dtlEx/468000000102,592,농가
468000000103,중소형 농업기계 지원,농림축산어업,농업인에게 중소형 농업기계 구입 보조금 지원,○ 중소형 농업기계 구입 보조금 지원,,전북특별자치도 익산시,시군구,농촌지원과,개인,매년 1월 쯤,방문신청,,농촌지원과/063-859-4522,https://www.gov.kr/portal/rcvfvrSvc/dtlEx/468000000103,652,"농업,농촌"
468000000106,소각랜더링처리비 지원,농림축산어업,폐사축 발생농가에 랜더링 처리비 지원,○ 가축전염병 발생 등 살처분 가축 발생시 랜더링 처리비 지원,,전북특별자치도 익산시,시군구,축산과,개인,상시신청,방문신청,,축산과/063-859-7241,https://www.gov.kr/portal/rcvfvrSvc/dtlEx/468000000106,716,농가
468000000110,친환경 농산물 생산장려금 지원,농림축산어업,친환경 농가에 친환경농산물 생산장려금 지원,○ 친환경농산물 생산농가에 장려금 지원,,전북특별자치도 익산시,시군구,바이오농업과,개인,상시신청,방문신청,,바이오농업과/063-859-5751,https://www.gov.kr/portal/rcvfvrSvc/dtlEx/468000000110,625,"농업,농가"
468000000111,귀농귀촌 정착 지원,주거·자립,농촌지역 전입자에게 농업장려금과 이사비 지급,"○ 귀농인 농업 장려 수당 지원
○ 귀농귀촌인 이사비 지원",,전북특별자치도 익산시,시군구,농촌지원과,개인,상시신청,방문신청,,농촌지원과/063-859-4966,https://www.gov.kr/portal/rcvfvrSvc/dtlEx/468000000111,1166,"귀농,귀촌,농업,농촌"
468000000112,시설원예 기능성필름 지원,농림축산어업,"장기성 필름 지원(설치비 제외, 필름 구입비에 한함, 농가당 최대지원: 4,000㎡)","○ 장기성 PO, PE, EVA필름 및 치마비닐 지원(농가당 최대 4,000㎡)
    ※ 설치비 제외, 필름 구입비에 한해 지원",,전북특별자치도 익산시,시군구,농촌활력과,개인,전년도 7월,방문신청,,농촌활력과/063-859-7224,https://www.gov.kr/portal/rcvfvrSvc/dtlEx/468000000112,565,"농촌,농가"
468000000125,소규모 농산물 저온저장고 지원,농림축산어업,원예농업인에게 소규모 저온저장고 설치 지원,○ 소규모 저온저장고 설치시 보조금 지원,,전북특별자치도 익산시,시군구,농산유통과,개인,25.1.15.~25.2.5.,방문신청,,익산시 농산유통과/063-859-3775,https://www.gov.kr/portal/rcvfvrSvc/dtlEx/468000000125,682,농업
468000000126,임산물 재배농가 전동운반차 구입비 지원,농림축산어업,임산물 재배농가에 전동운반차 구입 지원,○ 전동운반차 구입비 지원,,전북특별자치도 익산시,시군구,산림과,개인,상시신청,방문신청,,바이오농정국 산림과/063-859-5469,https://www.gov.kr/portal/rcvfvrSvc/dtlEx/468000000126,619,농가
468000000130,친환경 유기농업 육성 지원,농림축산어업,친환경 농가에 친환경유기농업육성사업 지원,○ 친환경유기농업육성사업 지원,,전북특별자치도 익산시,시군구,바이오농업과,개인,상시신청,방문신청,,바이오농업과/063-859-5751,https://www.gov.kr/portal/rcvfvrSvc/dtlEx/468000000130,631,"농업,농가"
468000000133,농어업인 발열성질환 피해 지원,보건·의료,농어업인에게 발열성질환 피해 보상금 지원,"○ 지원대상 : 농업인

○ 지원금액 : 1인당 70만원 이내
 - 일반병실 기준하여 입원치료비 등 실제 본인부담액 기준

○ 사업내용 : 발열성질환 피해 보상금 지원",,전북특별자치도 익산시,시군구,바이오농업과,개인,상시신청,방문신청,,바이오농업과/063-859-3781,https://www.gov.kr/portal/rcvfvrSvc/dtlEx/468000000133,774,농업
468000000135,우렁이 지원,농림축산어업,벼 재배 농업인에게 우렁이 구입비 지원,○ 우렁이 구입비 지원,,전북특별자치도 익산시,시군구,바이오농업과,개인,상시신청,방문신청,,바이오농업과/063-859-5751,https://www.gov.kr/portal/rcvfvrSvc/dtlEx/468000000135,722,농업
468100000018,빈집정비사업 안내,주거·자립,관내 빈집 정비 지원,"■ 지원대상 
  - 농촌빈집 : 읍면지역, 동지역 주거,상업,공업 외 지역 1년 이상 빈집
  - 도시빈집 : 동지역 주거, 상업, 공업지역 1년 이상 빈집
■ 지원형태 
  - 1년 이상 방치된 주택 철거 보조금 지원
  - 슬레이트지붕 4,000천원 / 기타지붕 3,000천원",,전북특별자치도 익산시,시군구,주택과,개인,매년 1 ~ 2월경,방문신청,,주택과/063-859-5947,https://www.gov.kr/portal/rcvfvrSvc/dtlEx/468100000018,143,농촌
469000000117,동학농민혁명참여자 유족수당,생활안정,동학농민혁명 참여자 유족에게 수당 지급,○ 동학농민혁명참여자 유족수당 월 10만원 지급,,전북특별자치도 정읍시,시군구,동학유산과,개인,상시신청,방문신청,,동학유산과/063-539-6923,https://www.gov.kr/portal/rcvfvrSvc/dtlEx/469000000117,1220,농민
469000000121,귀농·귀촌 지원,농림축산어업,"귀농인에게 영농정착 지원, 귀농귀촌인 주택 수리비와 주택신축 설계비 지원","○ 귀농인 영농정착 지원사업
 - 소형농기계, 시설하우스, 저온저장고 설치 등
 - 만65세이하 세대주 2,000만원 기준 50% 보조
 - 2030청년세대(2,000만원 기준 75%보조)
 - 2030결혼세대(2,000만원 기준 100% 보조)

○ 귀농귀촌인 농가주택 지원사업
 - 주택신축(설계포함), 보일러, 지붕, 화장실, 도배장판등
 - 세대당 1,600만원 기준 800만원 지원(자부담 50%)",,전북특별자치도 정읍시,시군구,농업정책과,개인,상시신청,방문신청,,농업정책과/063-539-6193,https://www.gov.kr/portal/rcvfvrSvc/dtlEx/469000000121,1361,"귀농,귀촌,농업,영농,농가"
469000000122,가금농가 출하검사 시료채취 지원,농림축산어업,가금 농가에 출하 검사 시 시료채취 비용 지원,"○ 가금농가 출하 검사시 시료채취 비용 지원

○ 가금농가 : 출하검사 비용 없음",,전북특별자치도 정읍시,시군구,축산과,개인,상시신청,직접입력,,축산과/063-539-6387,https://www.gov.kr/portal/rcvfvrSvc/dtlEx/469000000122,790,농가
470000000133,귀향귀촌인 이사비 지원,농림축산어업,"○ 귀향귀촌인 이사비 지원사업
","○ 귀향귀촌인 이사비 지원사업
- 귀농귀촌인 : 가구당 보조금 100만원 정액지원
- 귀향인 : 가구당 보조금 120만원 정액 지원",,전북특별자치도 남원시,시군구,농촌진흥과,개인||가구,상시신청,방문신청,,남원시농업기술센터 농촌진흥과/063-620-6363,https://www.gov.kr/portal/rcvfvrSvc/dtlEx/470000000133,512,"귀농,귀촌,농촌"
470000000134,귀향귀촌인 자녀정착금 지원,농림축산어업,○귀향귀촌인 자녀정착금 지원사업,"○귀향귀촌인 자녀정착금 지원사업
- 귀농귀촌인 : 자녀당 50만원 정액 지원
- 귀향인 : 자녀당 60만원 정액 지원",,전북특별자치도 남원시,시군구,농촌진흥과,개인,상시신청,방문신청,,남원시농업기술센터 농촌진흥과/063-620-6363,https://www.gov.kr/portal/rcvfvrSvc/dtlEx/470000000134,460,"귀농,귀촌,농촌"
471000000108,기본형 공익직접지불,농림축산어업,농가에 직불금 지급(소농/면적직불금),"○ 소농직불 120만원/농가

○ 면적직불 구간별 역진적 단가 적용",,전북특별자치도 김제시,시군구,농업정책과,개인,상시신청,방문신청,,농업정책과/063-540-3641,https://www.gov.kr/portal/rcvfvrSvc/dtlEx/471000000108,971,"농업,농가"
471000000109,귀농인 영농정착 지원,농림축산어업,"귀농인에게 소형농기계, 영농시설, 주택수리 등 지원","○ 소형농기계(사업비 5백만원에서 최대 2.5백만원보조), 영농시설(사업비 10백만원에서 최대 5백만원보조), 주택수리(귀농귀촌하여 전입한지 5년 이내인 자, 사업비 20백만원에서 최대 10백만원보조) 중 2개사업 신청가능

 - 영농시설, 주택수리 중복 지원 불가",,전북특별자치도 김제시,시군구,농촌활력과,개인,접수기관 별 상이,정부24온라인신청||방문신청,,농촌활력과/063-540-4509,https://www.gov.kr/portal/rcvfvrSvc/dtlEx/471000000109,667,"귀농,귀촌,영농,농촌"
471000000134,소형농기계 지원,농림축산어업,농업인에게 농기계 구입 비용 지원,○ 「농어업경영체 육성 및 지원에 관한 법률」제4조제1항에 따른 농업 경영체로 등록된 자로 소형농기계 구입을 희망하는 농업인,,전북특별자치도 김제시,시군구,농업정책과,개인,상시신청,방문신청,,농업정책과/063-540-3635,https://www.gov.kr/portal/rcvfvrSvc/dtlEx/471000000134,841,농업
472000000116,중소형 농기계 지원,농림축산어업, - 100만원 이상 500만원 이하의 중소형 농기계 지원,"1. 사업개요
   ❍ 농작업의 생력화에 필요한 중소형 농기계 공급
   ❍ 농업인이 선호하고 영농현장 여건에 적합한 기종 5종 선정 공급
      - 100만원 이상 500만원 이하의 중소형 농기계 지원
   ❍ 읍면별 경지면적 및 토지현황 비율 적용으로 사업량 배정 
2. 사업대상자
   ❍ 관내 농업인, 작목반, 영농조합법인 등 당해 농기계를 희망하는 자
   ❍ 지원원칙
     - 1순위 : 보조금 신청일 기준 5년 이내 중소형농기계 지원 사업 및 지역농협
        협력 농기계 지원 사업 보조금을 지원받지 않은 농업인    
     - 2순위 : 1순위자가 없을 경우 보조금 신청일 기준 3년 이내 중소형농기계지원 
        사업 및 지역농협협력 농기계 지원사업 보조금을 지원받지 않은 농업인
             
3. 지원자격 및 요건
   ❍ 지원자격 : 사업신청일 현재 완주군에 1년이상 실거주자
  
4. 지원자금의 사용용도
   ❍ 생력기계화 및 일관기계화 촉진에 필요한 농기계 지원 공급
   ❍ 기계화율 제고효과와 농가선호도가 높은 기종으로 100만원 이상 500만원이하의 농기계 지원
     
5. 지원기종 및 지원형태
  ❍ 지원기종 : 5종
     - 농업인 수요가 많은 기종으로 공급(관리기, 농산물건조기,  농산물세척기, 동력살분무기, 자동호스릴)",,전북특별자치도 완주군,시군구,농촌지원과,개인,접수기관 별 상이,방문신청,,주민참여예산 담당자/063-290-3278,https://www.gov.kr/portal/rcvfvrSvc/dtlEx/472000000116,910,"농업,영농,농촌,농가"
472000000124,귀농귀촌인 지원,농림축산어업,"귀농귀촌인(65세 이하 세대주, 완주전입 5년이내, 농업경영 1,000㎡이상)에게 지원","○ 주택(매입, 신축, 수리)지원 최대 500만원

○ 농지(매입, 임차)지원 최대 250만원

○ 영농정착 장려금 최대 100만원

○ 교육훈련비 최대 30만원

○ 이사비 50만원",,전북특별자치도 완주군,시군구,농업정책과,개인,상시신청,방문신청,,지역활력과/063-290-2472,https://www.gov.kr/portal/rcvfvrSvc/dtlEx/472000000124,462,"귀농,귀촌,농업,영농,농지"
473000000102,노후하우스 비닐교체 지원,농림축산어업,노후하우스 재배농가에 비닐교체 지원,"○ 5년 이상 된 내재재형 노후하우스 비닐교체 지원

○ 지원내용
 - 단동하우스 : 비닐,부속자재(클립,끈,패드 등) 지원
 - 연동하우스 : 비닐,부속자재, 인건비 지원
 - 지원면적 : 단동 1중 ~2,640㎡
                     단동 1중+2중, 연동 ~2,640㎡

○ 사업단가 : 단동 1,500원/㎡, 단동1중+2중 3,000원/㎡ , 연동 8,500원/㎡

○ 재원비율 : 군비 50%, 자담 50%",,전북특별자치도 진안군,시군구,농업정책과,개인,상시신청,방문신청,,농업정책과/063-430-8662,https://www.gov.kr/portal/rcvfvrSvc/dtlEx/473000000102,649,"농업,농가"
473000000104,기본형 공익직불금,농림축산어업,○ 자격요건 충족 농가에 직불금 지원,"○ 농업활동을 통해 환경보전, 농촌유지, 식품안전 등 농업·농촌의 공익기능을 증진할 수 있도록 농업인에게 보상금 지원",,전북특별자치도 진안군,시군구,농업정책과,개인,2023.02.01~2023.04.30,방문신청||직접입력,,농업정책과/063-430-8664,https://www.gov.kr/portal/rcvfvrSvc/dtlEx/473000000104,3108,"농업,농촌,농가"
473000000107,지역농산물 판매업체 장려금 지원,고용·창업,농산물 판매업체에 장려금 지원,"○ 지원내용 : 진안 농업인으로부터 진안산 농산물을 직접 구입하여 판매하는 관내 소비업체 장려금 지원

○ 지원대상 : 진안산 과일 및 채소류 판매업체

○ 지원조건 : 분기별 구입액의 10% 지원
 - 최대 100 ~ 최소 30만원",,전북특별자치도 진안군,시군구,농축산유통과,법인/시설/단체,상시신청,방문신청,,농축산유통과/063-430-8184,https://www.gov.kr/portal/rcvfvrSvc/dtlEx/473000000107,615,농업
473000000109,청년농업인 영농정착 지원,주거·자립,청년농업인에게 영농초기 정착지원금 지급,○ 청년농업인의 영농초기 안정적 정착을 위해 1년간 매월 50만원 지급,,전북특별자치도 진안군,시군구,농업정책과,개인,신청대상자 발생시 통보,방문신청,,농업정책과/063-430-8653,https://www.gov.kr/portal/rcvfvrSvc/dtlEx/473000000109,1151,"농업,영농"
473000000113,농산물 가격안정 지원,농림축산어업,농업인에게 농산물 가격 차액 지원,"○ 품목별 농산물 '기준가격'을 마련, '시장가격'이 기준가격'보다 하락하였을 경우 그 차액의 일부(90% 이내)를 지원

○ 출하약정 농업인 중 시장격리를 신청하고 이행한 농업인에게 농식품부 품목별 산지폐기 보전기준 단가의 일부(90% 이내)를 지원",,전북특별자치도 진안군,시군구,농축산유통과,개인,상시신청,방문신청,,농축산유통과/063-430-8180,https://www.gov.kr/portal/rcvfvrSvc/dtlEx/473000000113,265,농업
473000000127,귀농 정착 지원,주거·자립,전입 귀농귀촌인을 위한 역량강화 교육 및 컨설팅 지원,"○ 농산업, 농식품 등 예비 창업자 또는 창업초기의 사업자를 대상으로 역량강화 교육 및 컨설팅(이론, 현장교육 병행)

○ 지역농산물의 부가가치를 높일 수 있는 농산물의 상품화를 통한 귀농인의 안정적인 정착 유도",,전북특별자치도 진안군,시군구,농촌활력과,개인,사업별 접수기간 상이,방문신청,,농촌활력과 귀농귀촌팀/063-430-8070||농촌활력과 귀농귀촌팀/063-430-8072,https://www.gov.kr/portal/rcvfvrSvc/dtlEx/473000000127,926,"귀농,귀촌,농촌"
473000000129,지역화폐(진안고원행복상품권),행정·안전,"소비자에게 구입 및 충전 시 10% 할인, 가맹점에 매출증대 혜택 제공","○ 소비자
 - 지류형상품권 구입 시 10% 할인
 - 카드형상품권 충전 시 10%할인, 연말정산 시 소득공제

○ 가맹점 
 - 홍보효과, 가맹점 매출증대",,전북특별자치도 진안군,시군구,농촌활력과,개인,상시신청,방문신청,,농촌활력과/063-430-8052,https://www.gov.kr/portal/rcvfvrSvc/dtlEx/473000000129,1805,농촌
473000000373,취약계층 및 국가유공자 연료비 지원,생활안정,"등유, LPG 등 에너지원 구입이 가능한 전용카드(선불카드)로 지급",연료비 지원,,전북특별자치도 진안군,시군구,농촌활력과,개인||가구,상시신청,방문신청,,박지숙/063-430-8070,https://www.gov.kr/portal/rcvfvrSvc/dtlEx/473000000373,393,농촌
474000000105,천마 자재 지원,농림축산어업,"천마 재배농가에 원목, 천마종균 등 자재 구입비 지원","○ 천마자재(원목, 천마종균, 천마상토) 구입비 지원",,전북특별자치도 무주군,시군구,농업정책과,개인,매년1월,방문신청,,농업정책과/063-320-2821,https://www.gov.kr/portal/rcvfvrSvc/dtlEx/474000000105,508,"농업,농가"
474000000108,농가 객토 지원,농림축산어업,농가에 객토원 지원,"○ 무주군에 주소를 두고 농업경영체를 등록한 농업인에게 객토원 지원
 - 지원기준 : 1,000㎡당 1,800천원(1,000~5,000㎡)",,전북특별자치도 무주군,시군구,농업정책과,개인,매년 1월,방문신청,,친환경농업팀/063-320-2816,https://www.gov.kr/portal/rcvfvrSvc/dtlEx/474000000108,710,"농업,농가"
474000000109,농기계 구입 지원,농림축산어업,농가에 농기계 구입 지원,"○ 무주군에 주소를 두고 농업경영체를 등록한 농업인에게 농기계 구입지원
 - 지원한도 : 2,000만원/대(보조1,000만원, 자부담1,000만원)
 - 2,000만원 초과시 1,000만원 정액지원",,전북특별자치도 무주군,시군구,농업정책과,개인,매년 1월,방문신청,,친환경농업팀/063-320-2816,https://www.gov.kr/portal/rcvfvrSvc/dtlEx/474000000109,598,"농업,농가"
474000000112,귀농·귀촌·귀향인 주택 수리비 지원,주거·자립,귀농·귀촌·귀향인에게 노후화 된 단독 주택 수리비 지원,"주택과 직접적 관련 있는 수리비 600만원 지원(보조 540만원, 자부담 60만원)",,전북특별자치도 무주군,시군구,인구활력과,가구,접수기관 별 상이,방문신청,,인구활력과/063-320-2068,https://www.gov.kr/portal/rcvfvrSvc/dtlEx/474000000112,689,"귀농,귀촌"
474000000113,귀농·귀촌·귀향인 집들이 비용 지원,주거·자립,"귀농·귀촌인 집들이 소요비용 지원(단, 주류, 담배 등 집들이 미관련 물품 제외)",마을주민(최소 5명)과 집들이를 하려는 귀농·귀촌·귀향인에게 집들이 비용 지원(최대 30만원),,전북특별자치도 무주군,시군구,인구활력과,가구,2026.01.15~2026.12.04,방문신청,,인구활력과/063-320-2068,https://www.gov.kr/portal/rcvfvrSvc/dtlEx/474000000113,868,"귀농,귀촌"
474000000114,귀농·귀향인 영농 지원,농림축산어업,5년 이내 귀농·귀향한 영농인에게  소모성 영농 농자재 지원,"○ 영농에 필요한 농업용 소모성 자재 구입비 지원(보조 540만원, 자부담 60만원)
  - 농림축산식품분야 재정사업관리 기본규정 제60조에 해당하는 취득가액 500만원 미만의 보온커튼, 지주대, 미니스프링쿨러 및 묘목, 콘티박스, 농약 등 소모성 자재 및 시설하우스, 관정, 재배사, 비가림시설 등은 개보수에 소요되는 소모성 자재",,전북특별자치도 무주군,시군구,인구활력과,가구,접수기관 별 상이,방문신청,,인구활력과/063-320-2068,https://www.gov.kr/portal/rcvfvrSvc/dtlEx/474000000114,554,"귀농,농업,영농"
474000000115,귀농·귀향인 임시거주지 임대료 지원,주거·자립,3년 이내 귀농·귀향인에게 거주시설 임대료 지원,"관내 거주시설에 사용된 임대료(월세, 연세) 일부 지원 / 최대 180만원(15만원/월, 12개월)",,전북특별자치도 무주군,시군구,인구활력과,가구,2026.01.15~2026.12.04,방문신청,,인구활력과/063-320-2068,https://www.gov.kr/portal/rcvfvrSvc/dtlEx/474000000115,793,귀농
474000000116,과일 신선도 유지제 지원,농림축산어업,사과 재배농가에 과일 신선도유지제 지원,○ 과일 신선도유지제 지원,,전북특별자치도 무주군,시군구,농업정책과,개인,매년10월(사업계획에 따라 신청기간은 상이함),방문신청,,농업정책과/063-320-2822,https://www.gov.kr/portal/rcvfvrSvc/dtlEx/474000000116,709,"농업,농가"
474000000122,기능성비료 지원,농림축산어업,과수재배 농업인에게 기능성비료 지원,"○ 무주군에 주소를 두고 농업경영체를 등록한 과수 재배 농업인에게 기능성비료(미량요소, 칼슘, 유황비료) 지원
 - 지원기준 : ha당 50만원",,전북특별자치도 무주군,시군구,농업정책과,개인,매년 1월,방문신청,,무주군청/063-320-2835,https://www.gov.kr/portal/rcvfvrSvc/dtlEx/474000000122,682,농업
474000000126,무사마귀병 약제 지원,농림축산어업,농업인에게 고랭지 채소용 무사마귀병 방재약제 지원,○ 무주군에 주소를 두고 농업경영체를 등록한 농업인에게 고랭지 채소용 무사마귀병 방재약제 지원(50% 보조),,전북특별자치도 무주군,시군구,농업정책과,개인,매년1월,방문신청,,농업정책과/063-320-2835,https://www.gov.kr/portal/rcvfvrSvc/dtlEx/474000000126,797,농업
474000000139,사과 반사필름 지원,농림축산어업,농업인에게 사과 재배용 반사필름 50% 지원,○ 무주군에 주소를 두고 농업경영체를 등록한 농업인에게 사과 재배용 반사필름 지원(50% 보조),,전북특별자치도 무주군,시군구,농업정책과,개인,매년1월,방문신청,,농업정책과/063-320-2835,https://www.gov.kr/portal/rcvfvrSvc/dtlEx/474000000139,540,농업
474000000141,농·특산물 포장재 지원,농림축산어업,농업인 등에게 농특산물 포장재 보조 지원,"과일류 4종(사과, 복숭아, 포도, 토마토) 포장재와 일반 농특산물(4종 과일 외 및 가공식품) 포장재로 이원화 진행
포장재 신청접수, 확인 후 예산 범위 내에서 50% 보조 지원",,전북특별자치도 무주군,시군구,농촌활력과,개인||법인/시설/단체,매년 2월. ~ 3월.경,방문신청,,농촌활력과/063-320-2778,https://www.gov.kr/portal/rcvfvrSvc/dtlEx/474000000141,515,"농업,농촌"
474000000146,친환경 인증 농가 유박비료 지원,농림축산어업,친환경농산물 인증을 받은 농업인에게 유박비료 지원,"○ 무주군에 주소를 두고 친환경농산물 인증을 받은 농업경영체 등록 농업인에게 유박비료 지원
 - 지원기준 : ha당 150포",,전북특별자치도 무주군,시군구,농업정책과,개인,매년 1월,방문신청,,무주농업기술센터/063-320-2818,https://www.gov.kr/portal/rcvfvrSvc/dtlEx/474000000146,531,"농업,농가"
474000000147,친환경 인증 농가 환경보전비 지원,농림축산어업,친환경농산물 인증을 받은 농업인에게 환경보전비 지원,"○ 무주군에 주소를 두고 친환경농산물 인증을 받은 농업경영체 등록 농업인에게 환경보전비 지원 
 - 지원면적 : 0.1ha~5ha",,전북특별자치도 무주군,시군구,농업정책과,개인,미정,방문신청,,무주군청/063-320-2818,https://www.gov.kr/portal/rcvfvrSvc/dtlEx/474000000147,562,"농업,농가"
474000000151,귀농·귀촌·귀향인 건축설계 비용 지원,주거·자립,귀농·귀촌·귀향인의 단독주택 건축설계 비용 지원,단독주택 신축·증축·개축·대수선 시 필요한 건축설계 비용 일부 지원(최대 200만원),,전북특별자치도 무주군,시군구,인구활력과,가구,2026.01.15~2026.12.04,방문신청,,인구활력과/063-320-2068,https://www.gov.kr/portal/rcvfvrSvc/dtlEx/474000000151,795,"귀농,귀촌"
474000000154,반딧불 농특산물 직거래 (택배) 지원,농림축산어업,생산농가 중 관외 판매자에게 택배비 일부 지원,"◦ 지원비율 : 보조 50% 자부담 50%
  ◦ 기준 사업단가 : 5,000원 범위 이내/건
  ◦ 지원대상자 : 사업기간 중 무주군 관내에 주소 또는 주된 사업소를 둔 농업인    또는 생산자단체, 농업법인으로서 직접 무주군에서 생산한
                          농산물을 관외 소비자에게 택배를 이용하여 판매하는 자
  ◦ 지급기준 : 1세대 1인 지급(부부가 세대를 분리하여 각각 경영체로 등록하더라도 1명에게만 지급) 
  ◦ 지원한도 : 보조 5만 원 이상  30만 원 이하
     - 택배비 총액 10만원이상 대상",,전북특별자치도 무주군,시군구,농촌활력과,개인,신청서 접수(매년 2월 ~  3월 중) / 정산서 접수(매년 11월 중),방문신청,,농촌활력과/063-320-2824,https://www.gov.kr/portal/rcvfvrSvc/dtlEx/474000000154,729,"농업,농촌,농가"
474100000005,귀농·귀촌·귀향인 이사 비용 지원,주거·자립,"이사업체를 이용해 소요된 차량 대여비, 운반비, 포장비 지원",관내 전입 시 이사업체를 이용해 실제 소요된 이사 비용 지원(최대 50만원),,전북특별자치도 무주군,시군구,인구활력과,가구,2026.01.15~2026.12.04,방문신청,,인구활력과/063-320-2068,https://www.gov.kr/portal/rcvfvrSvc/dtlEx/474100000005,521,"귀농,귀촌"
474100000023,농어촌 빈집정비사업 지원,주거·자립,관내 빈집 정비 지원,"■ 지원대상 
  - 농촌빈집 : 농어촌정비법에 따른 빈집 
■ 지원형태 
  - 방치된 빈집 철거비를 건축물 연면적별 보조금 차등 지급 
 - 일반건물 동당 최대 300만원 철거비 지원 
- 슬레이트 건물 동당 최대 400만원 철거비 지원",,전북특별자치도 무주군,시군구,민원봉사과,개인,매년 3~4월 경 ,방문신청,,민원봉사과/063-320-2772,https://www.gov.kr/portal/rcvfvrSvc/dtlEx/474100000023,85,농촌
475000000091,임산물 상품화 지원,농림축산어업,임업인 등에게 임산물 포장디자인 개선 및 포장재 지원,"○ 사업내용:임산물 표준규격출하 및 상품화촉진을 위한 포장디자인개선 및 내·외부포장재 지원

○ 자격 : 임업인, 생산자단체(영농조합법인, 농업회사법인, 산림조합), 지리적표시등록단체(법인)

○ 보조기준 : 국고(20%), 지방비(30%), 융자(30%),자부담(20%) 

○ 지원한도 : 총사업비 (5~50백만원 이하) / 국비 기준 1~10백만원 이하","○ 사업내용:임산물 표준규격출하 및 상품화촉진을 위한 포장디자인개선 및 내·외부포장재 지원

○ 자격 : 임업인, 생산자단체(영농조합법인, 농업회사법인, 산림조합), 지리적표시등록단체(법인)

○ 보조기준 : 국고(20%), 지방비(30%), 융자(30%),자부담(20%) 

○ 지원한도 : 총사업비 (50백만원 이내)",산림청,중앙행정기관,사유림경영소득과,개인||법인/시설/단체,사업전년도 1월~2월,방문신청,시·군·구청,해당지역 시군구청/000000000,https://www.gov.kr/portal/rcvfvrSvc/dtlEx/475000000091,3391,"농업,영농"
475000000194,장수형 청년창업농 영농정착 지원,주거·자립,"만 45세 이상 만 50세 미만,  독립경영3년이하(예정자포함) 영농정착지원금 지급","○만 45세 이상 만 50세 미만,  독립경영 3년이하(독립경영예정자 포함)  청년농업인 영농정착 지원금 지급",,전북특별자치도 장수군,시군구,농촌지원과,개인,매년 연초,방문신청,,농촌지원과/063-350-2823,https://www.gov.kr/portal/rcvfvrSvc/dtlEx/475000000194,796,"농업,영농,농촌"
475000000202,객토 지원,농림축산어업,장수군 거주 벼 재배농가 대상 객토 지원,"❍ 지원면적 : 농가당 5,000㎡까지
  ❍ 신청기준 : 10대/1,000㎡(15톤 덤프트럭 기준)",,전북특별자치도 장수군,시군구,농산유통과,개인,매년 초(사업예산에 따라 추가 신청 접수),방문신청,,농산유통과/063-350-2370,https://www.gov.kr/portal/rcvfvrSvc/dtlEx/475000000202,690,농가
475000000203,항공방제 확대를 위한 드론지원,농림축산어업,"농업법인, 작목반 등에 벼 항공방제를 위한 드론 및 부속품 구입비 지원","○ 관내 농업법인, 영농회, 작목반에 항공방제를 위한 드론 및 기타 부속품 구입비 지원",,전북특별자치도 장수군,시군구,기술보급과,개인||법인/시설/단체,매년 연초,방문신청,,농업기술센터 기술보급과/063-350-2865,https://www.gov.kr/portal/rcvfvrSvc/dtlEx/475000000203,661,"농업,영농"
475000000204,닭 감보로 백신 지원,농림축산어업,축산농가에 닭 감보로 백신 구입 지원,○ 닭 감보로 백신 구입 지원,,전북특별자치도 장수군,시군구,축산위생과,개인,매년연초,방문신청,,축산위생과/063-350-2429,https://www.gov.kr/portal/rcvfvrSvc/dtlEx/475000000204,726,농가
475000000206,풀사료 종자공급 지원,농림축산어업,조사료 재배 농가에 종자 구입 지원,○ 조사료 생산을 위한 종자 구입 지원,,전북특별자치도 장수군,시군구,축산위생과,개인,"추파 : 3~4월 , 춘파 : 9~10월",방문신청,,축산위생과/063-350-2408,https://www.gov.kr/portal/rcvfvrSvc/dtlEx/475000000206,553,농가
475000000209,귀농귀촌인 주택 수리비 지원,주거·자립,전입 귀농귀촌인에게 주택 수리비 지원,○ 장수군 전입 만 5년 이내의 귀농귀촌인에게 주택수리비 최대 500만원 지원,,전북특별자치도 장수군,시군구,농산업정책과,개인,매년 연초,방문신청,,농산업정책과/063-350-2396,https://www.gov.kr/portal/rcvfvrSvc/dtlEx/475000000209,768,"귀농,귀촌"
475000000211,과수 저장성 향상 지원,생활안정,과수재배 농가에 에틸렌 생성 억제제 지원,○ 과수 신선도 유지를 위한 에틸렌 생성 억제제 지원,,전북특별자치도 장수군,시군구,농산유통과,개인,매년 1월중(혹은 전년도 12월),방문신청,,농산유통과/063-350-1739,https://www.gov.kr/portal/rcvfvrSvc/dtlEx/475000000211,797,농가
475000000215,귀농귀촌인 주택 신축 설계비 지원,주거·자립,전입 귀농귀촌인에게 주택 신축 설계비 지원,○ 장수군 전입 만 5년 이내의 귀농귀촌인에게 주택신축설계비 최대 200만원 지원,,전북특별자치도 장수군,시군구,농산업정책과,개인||가구,매년 연초,방문신청,,농산업정책과/063-350-2396,https://www.gov.kr/portal/rcvfvrSvc/dtlEx/475000000215,736,"귀농,귀촌"
475000000224,농가 맞춤형 농기계 지원,농림축산어업,농업인에게 농기계 구입 보조금 지원,○ 농기계 구입 보조금 지원,,전북특별자치도 장수군,시군구,농촌지원과,개인,매년 연초,방문신청,,농촌지원과/063-350-2842,https://www.gov.kr/portal/rcvfvrSvc/dtlEx/475000000224,727,"농업,농촌,농가"
475000000226,농산물 저온저장고 지원,생활안정,농업인에게 농산물 저온저장고 지원,○ 농산물 저온저장고 지원,,전북특별자치도 장수군,시군구,농산유통과,개인,매년 연초,방문신청,,농산유통과/063-350-1740,https://www.gov.kr/portal/rcvfvrSvc/dtlEx/475000000226,819,농업
476000000102,배봉지 지원,농림축산어업,배 생산자단체 소속 농가에 배봉지 지원,"○ 관내 배 생산자단체 소속 농가에게 배봉지 지원(보조 40%, 자부담 60%)
 - 지원기준 : 봉지(40원/매)",,전북특별자치도 임실군,시군구,농업축산과,개인,매년 연말 ~ 연초,방문신청,,농업축산과/063-640-2445,https://www.gov.kr/portal/rcvfvrSvc/dtlEx/476000000102,768,"농업,농가"
476000000105,무제초제 토양증진 지원,농림축산어업,친환경농법의 벼재배 농가에 우렁이(중패) 지원,"○ 무제초제 토양증진 지원 : 친환경농법의 벼재배 농가에 우렁이(유패/종패) 지원
    - (지원단가) 유패: 250천원/ha, 종패: 350천원/ha
    - (지원비율) 친환경인증농가 : 보조60% / 일반농가 보조 40%",,전북특별자치도 임실군,시군구,농업축산과,개인,상시신청,방문신청,,농업축산과/063-640-2684,https://www.gov.kr/portal/rcvfvrSvc/dtlEx/476000000105,957,"농업,농가"
476000000113,귀농인 정착지원금 지원,생활안정,3년 이상 귀농인에게 임실사랑상품권 지원,"○ 귀농인에게 임실사랑상품권 지원
 - 1가구당 100만원",,전북특별자치도 임실군,시군구,농촌활력과,개인,상시신청,방문신청,,농촌활력과/063-640-2423,https://www.gov.kr/portal/rcvfvrSvc/dtlEx/476000000113,867,"귀농,농촌"
476000000118,하우스 시설개선 지원,농림축산어업,"하우스 이용 농가에 운반구, 개폐기, 환풍시설 등 시설개선 지원","○ 하우스를 이용하여 원예작물 및 특용작물을 재배하는 관내 농가에 운반구, 개폐기, 차광망설치, 환풍시설(유동휀, 환풍기) 및 특용작물(영지버섯) 청색(백색)비닐 외부 피복비 지원
 - 견적단가 검토후 40% 지원",,전북특별자치도 임실군,시군구,농업축산과,개인,매년 연말 ~ 연초,방문신청,,농업축산과/063-640-2444,https://www.gov.kr/portal/rcvfvrSvc/dtlEx/476000000118,507,"농업,농가"
476000000119,시설하우스 비닐교체 지원,농림축산어업,연동 및 단동하우스 이용 농가에 1중 외부 비닐 및 부속자재 지원,"○ 연동 및 단동 1중 외부 비닐 및 부속자재(비닐 고정용패드 및 클립, 파이프조리개, 고정구 및 연결핀, 파이프꽂이 등) 지원
 - 연동하우스  비닐교체 : 5,460원/㎡
 - 단동하우스 비닐교체 : 1,270원/㎡
 - 단동하우스 지원한도 : 1,980㎡(200평 3동)",,전북특별자치도 임실군,시군구,농업축산과,개인,매년 연말 ~ 연초,방문신청,,남수형/063-640-2444,https://www.gov.kr/portal/rcvfvrSvc/dtlEx/476000000119,285,"농업,농가"
476000000121,농산물 저온저장고 지원,농림축산어업,원예 및 특용작물 생산농가 등에 저온저장고 지원,"○ 원예농산물 및 특용작물 저온저장 보관용 저온저장고 지원
     - 5평 이상 규모의 저온저장고 지원",,전북특별자치도 임실군,시군구,농업축산과,개인,매년 연말 ~ 연초,방문신청,,농업축산과/063-640-2442,https://www.gov.kr/portal/rcvfvrSvc/dtlEx/476000000121,1179,"농업,농가"
476000000122,사과 농자재 지원,농림축산어업,"사과 생산농가 등에 반사필름, 신선도유지제 등 농자재 지원","○ 관내 사과 생산농가 및 생산자단체에 반사필름, 신선도유지제, 적과처리제 및 칼슘제 지원
 - 지원기준 : 반사필름(롤당 10만원), 신선도유지제(키트당 10만원), 적과처리제 및 칼슘제(견적단가 보조40%,자부담60%)",,전북특별자치도 임실군,시군구,농업축산과,개인,매년 연말 ~ 연초,방문신청,,농업축산과/063-640-2445,https://www.gov.kr/portal/rcvfvrSvc/dtlEx/476000000122,543,"농업,농가"
476000000127,열매채소 시설재배 농자재 지원,농림축산어업,"하우스 재배농가에 경도강화제, 수정벌 등 보조금 일부 지원","○ 임실군 관내 토마토, 딸기, 오이 시설하우스 재배농가에 경도강화제, 수정벌, 끈끈이트랩, 생육촉진제 보조금 일부 지원",,전북특별자치도 임실군,시군구,농업축산과,개인,매년 연말 ~ 연초,방문신청,,농업축산과/063-640-2444,https://www.gov.kr/portal/rcvfvrSvc/dtlEx/476000000127,624,"농업,농가"
476000000129,임실군 농어촌 소득금고(융자) 지원,농림축산어업,"농업인을 대상으로 3,000만원 이하 5년 상환 조건의 융자금 지원","○ 임실군내 농어촌 소득사업에 대해 3,000만원 이하 1년거치 5년상환 융자금 지원",,전북특별자치도 임실군,시군구,농업축산과,개인,상시신청,방문신청,,농업축산과/063-640-2417,https://www.gov.kr/portal/rcvfvrSvc/dtlEx/476000000129,616,농업
476000000131,당도 향상제 지원,농림축산어업,과수 및 서류작물 농가에 당도향상제 구입 지원,"○ 과수 및 서류작물 생산자단체 소속농가에 당도향상제(엽면시비용) 구입 지원
 - 300평당 사업비 : 서류(78,000원), 과수(30,000원)",,전북특별자치도 임실군,시군구,농업축산과,개인,매년 연말 ~ 연초,방문신청,,농업축산과/063-640-2444,https://www.gov.kr/portal/rcvfvrSvc/dtlEx/476000000131,678,"농업,농가"
476000000137,여성농업인 농작업 편의장비 지원,농림축산어업,여성농업인에게 농작업 편의의자 구입비의 80% 지원,"○ 편의의자 구입비 지원(군비 80%, 자담 20%)

 ※ 신청량이 사업량 초과 시 나이순(고령순) 선발",,전북특별자치도 임실군,시군구,농업축산과,개인,접수기관 별 상이,방문신청,,농업축산과/063-640-2417,https://www.gov.kr/portal/rcvfvrSvc/dtlEx/476000000137,632,농업
476000000141,수도작·밭작물 농기계 보조금 지원,농림축산어업,관내 농업인 등에게 수도작·밭작물 농기계 보조금 지원,"○ 수도작 농기계
 - 관내 벼농사 재배농가에게 농기계 구입 지원금 지원
  ㆍ승용이앙기 : 3,300만원/대 x 1대 x 40%=1,320만원
 

○ 밭작물 농기계
 - 관내 밭작물 재배농가에게 농기계 구입 지원금 지원
  ㆍ경운기, 보행관리기, 보행이앙기, 동력호스 권취기 등 : 250만원 x 40대 x 40%=4,000만원",,전북특별자치도 임실군,시군구,농업축산과,개인,상시신청,방문신청,,농업축산과/063-640-2683,https://www.gov.kr/portal/rcvfvrSvc/dtlEx/476000000141,706,"농업,농가"
476000000148,양액 재배시설 상토 지원사업,농림축산어업,"양액재배(토마토, 딸기 등)에 따른 상토 교체 지원","○ 양액재배시설 상토 지원
   - 토마토, 딸기 등 양액재배시설 농가 상토 지원",,전북특별자치도 임실군,시군구,농업축산과,개인,매년 연말 ~ 연초,방문신청,,농업축산과/063-640-2443,https://www.gov.kr/portal/rcvfvrSvc/dtlEx/476000000148,363,"농업,농가"
476000000166,지붕개량사업,생활안정,"낡고 노후된 지붕 개량희망자에게 동당 3백만원 보조금 지원하여 농촌주거환경 개선 추진
","ㅇ (사업내용) 낡고 노후된 지붕 개량시 보조금 지원
ㅇ (지원대상자) 낡고 노후된 슬레이트 지붕개량 희망자 우선배정
      - 건축물 신축 후 10년 이상된 낡고 노후된 단독주택
ㅇ (지원기준) 동당 3백만원",,전북특별자치도 임실군,시군구,종합민원과,개인,상시신청,방문신청,,주택토지과/063-640-2285,https://www.gov.kr/portal/rcvfvrSvc/dtlEx/476000000166,889,농촌
476000000183,곶감 포장세트 및 택배비 지원,농림축산어업,곶감판매에 필요한 포장세트 및 택배비 지원,"○ 지원대상 : 임실 관내에 주소를 두고 곶감을 생산하여 판매하는 농(임)업인, 영농조합법인, 작목반, 작목협회 등(농협, 주식회사 제외)
○ 사업위치 : 임실군 일원 
○ 지원비율 : 보조 40% 자담 60%",,전북특별자치도 임실군,시군구,산림녹지과,개인,상시신청,방문신청,,산림녹지과/063-640-2476,https://www.gov.kr/portal/rcvfvrSvc/dtlEx/476000000183,433,영농
476000000184,감자재배농가 자재 지원,농림축산어업,감자재배농가에 종자 및 멀칭비닐 보조금 지원,"○감자재배농가 자재 지원: 관내 감자재배농가에 종자 및 멀칭비닐 보조금 지원
 - 감자종자, 멀칭비닐 40% 보조",,전북특별자치도 임실군,시군구,농업축산과,개인,상시신청,방문신청,,농업축산과/063-640-2684,https://www.gov.kr/portal/rcvfvrSvc/dtlEx/476000000184,679,"농업,농가"
476000000189,농특산물 포장재 지원,농림축산어업,"임실군 농특산물 포장재 제작비 지원사업(골판지, 스티로폼, 망, PET, PE)","농특산물 포장재 제작비 지원 
  ❍ 보조비율 : 보조 40%, 자담 60% 
  ❍ 기준단가 : 1,500원/매 * 초과분 자부담처리
  ❍ 포장재질 : 골판지, 스티로폼, 망 , PET, PE  
  ❍ 지원품목 : 임실군 농‧특산물
  ❍ 사업내용 : 포장재 제작비 지원
    * 외부 포장재에 한하여 지원(내부 비닐류, 쇼핑백 등 지원제외)
  ❍ 지원대상 : 영농조합법인, 작목반, 작목협회, 가공식품업체, 개인농가 
    * 가공식품업체 : 임실군 관내에서 생산된 농‧특산물로 식품위생법 규정에 의거 보건의료원(위생계)의 허가를 득한 제품에 한하여 지원  (예시) 가공품 - 참기름, 고추장 등
     * 설립 후 운영실적이 1년 이상인 법인, 가공식품업체
  ❍ 지원 제외 대상
    - 지방세 및 세외수입 체납자 보조금 교부 제한(단체 개별회원도 해당)
    - 국립농산물품질관리원에서 추진하는 농산물표준규격 공동출하사업 포장재 지원대상자
    - 가공품으로서 식품허가를 신고(허가)받지 않은 제품
    - 가공업체의 경우 임실산 주원료 미사용 업체와 신청일 현재 운영 실적이 1년 미만인 업체",,전북특별자치도 임실군,시군구,농촌활력과,개인,사업 시행 전년도 12월경,방문신청,,임실군 농촌활력과/063-640-2434,https://www.gov.kr/portal/rcvfvrSvc/dtlEx/476000000189,743,"영농,농촌,농가"
476100000005,가금 급수기 지원사업,농림축산어업,가금농가에 급수기 지원,가금 급수기 지원,,전북특별자치도 임실군,시군구,농업축산과,개인,매년 연초,방문신청,,송은영/063-640-2517,https://www.gov.kr/portal/rcvfvrSvc/dtlEx/476100000005,460,"농업,농가"
476100000011,임업직불제 지원,농림축산어업, 가. 지급대상 산지: 임산물 생산업 및 육림업에 이용되는 산지,"가. 지급대상 산지
  ① (임산물생산업) 임산물생산업에 이용되는 산지로서 2019년 4월 1일부터 2022년 9월 30일까지 ｢농어업경영체 육성 및 지원에 관한 법률｣ 제4조제1항제1호에 따라 농업경영정보가 등록된 산지(단, 2022년 10월 1일 기준 해당 등록이 유효하지 아니한 산지 제외)
  ② (육림업) 산림경영계획 인가를 받고 육림업에 이용되는 산지로서 2019년 4월 1일부터 2022년 9월 30일까지 ｢농어업경영체 육성 및 지원에 관한 법률｣ 제4조제1항제1호에 따라 농업경영정보가 등록된 산지(단, 2022년 10월 1일 기준 해당 등록이 유효하지 아니한 산지 제외)


 나. 지급대상 임업인 및 농업법인
  ① (임산물생산업) 임산물생산업 직불금 지급대상 산지에서 등록신청 연도 직전 1년 이상 계속해서 연간 60일 이상 임산물생산업에 종사한 자로서 임산물생산업에 이용되는 산지의 면적이 0.1ha(농업법인 5ha) 이상이고 임산물생산업을 통해 수확한 임산물의 연간 판매금액이 120만 원(농업법인 4,500만 원) 이상인 자
  ② (육림업) ｢임업직불제법｣ 제13조에 따른 육림업 직불금 지급대상 산지를 소유(입목등기 포함)하고 육림업 직불금 지급대상 산지에서 등록신청 연도 직전 1년 이상 계속해서 연간 60일 이상 육림업에 종사한 자로서 육림업에 이용되는 산지의 면적이 3ha(농업법인 10ha) 이상인 자

 나-1. 주업요건 : 산지가 소재하는 동일 또는 연접 시·군·구의 농촌에 거주하지 않는 경우 다음의 주업요건을 충족해야 함
  ① (임산물생산업) 다음 중 어느 하나에 해당하는 자

[임 업 인]
① 주소지와 동일 또는 연접 시·군 산지3ha 이상 경영
② 연간 임산물 판매액 1,600만 원 이상
③ 연간 경영투입비용 800만 원 이상

[농 업 법 인]
① 주된 사무소와 동일 또는 연접 시·군산지 10ha 이상 경영
② 연간 임산물 판매액 8,000만 원 이상
③ 연간 경영투입비용 4,000만 원 이상 


  ② (육림업) 다음 중 어느 하나에 해당하는 자
[임 업 인]
① 주소지와 동일 시·도(연접 시·군 포함) 산지 30ha 이상 경영

[농 업 법 인]
① 주된 사무소와 동일 시·도(연접 시·군 포함) 산지 300ha 이상 경영
② 동일 시·군(연접 시·군 포함) 소재 산지 100ha 이상 경영하는 임업인으로서 다음 중 어느 하나에 해당하는 자
  ㉠ 연간 목재 판매액 1,600만 원 이상
  ㉡ 연간 경영투입비용 800만 원 이상",,전북특별자치도 임실군,시군구,산림녹지과,개인||법인/시설/단체,3월 ~ 6월,기타 온라인신청||방문신청,,산림녹지과/063-640-2475,https://www.gov.kr/portal/rcvfvrSvc/dtlEx/476100000011,318,"농업,농촌"
476100000014,유기질비료 지원,농림축산어업,"농산물 생산에 사용하는 부산물비료(유기질비료, 부숙유기질비료) 구입비 일부 지원","○ 농산물 생산에 사용하는 부산물비료(유기질비료, 부숙유기질비료) 구입비 일부 지원",,전북특별자치도 임실군,시군구,농업축산과,개인,11월경,방문신청,,농업축산과/063-640-2683,https://www.gov.kr/portal/rcvfvrSvc/dtlEx/476100000014,72,농업
476100000016,논두렁 개량 지원사업,농림축산어업,PE 필름을 통한 논두렁 개량 사업,"❍ 지원대상: 관내 주소지 및 경작지를 둔 벼 재배 농업인
 ❍ 지원내용: PE 필름, 장비사용료 등
 ❍ 지원단가: ㎞당 2,000천원 (m당 2,000원)
   - PE 필름(1.2T×40㎝×100m): 1,200원/m * 1,000m = 1,200,000원
   - 장비사용료: 800원/m * 1,000m = 800,000원 
 ❍ 지원기준
   - 들녁 단위 등으로 신청하되 개량 논두렁 5㎞ 이상 신청 (농가당 최소 100m이상)
   - 친환경농업 실천 지역, 재해상습지(붕괴, 유실), 경지정리 지역 등 우선 신청
   - 논두렁 개량용 필름은 폭 35~40㎝, 두께 1.5~2㎜ 이상의 자재 사용",,전북특별자치도 임실군,시군구,농업축산과,개인,1월경,방문신청,,입실군 농업축산과/063-640-2683,https://www.gov.kr/portal/rcvfvrSvc/dtlEx/476100000016,86,"농업,농가"
476100000017,과채류 양액시설 기자재 지원,농림축산어업,"토마토, 딸기, 오이 등 과채류 시설하우스 양액재배 시설농가에 액상,입상 비료계통 지원","❍ 사업대상 : 토마토, 딸기, 오이 등 과채류 시설하우스 양액재배 시설농가
  ❍ 지원비율 : 보조 40%, 자부담 60% 
  ❍ 사업내용 : 액상 또는 입상 비료계통 지원
  ❍ 산출기초 : 토마토, 오이, 딸기 3,030원/㎡",,전북특별자치도 임실군,시군구,농업축산과,개인,12월말~1월초,방문신청,,농업축산과/063-640-2443,https://www.gov.kr/portal/rcvfvrSvc/dtlEx/476100000017,80,"농업,농가"
476100000018,오이 육묘 지원,농림축산어업,오이 재배농가에 육묘비 일부 지원,○ 임실군 관내 오이 재배농가 육묘비 일부 지원,,전북특별자치도 임실군,시군구,농업축산과,개인,12월말~1월초,방문신청,,농업축산과/063-640-2443,https://www.gov.kr/portal/rcvfvrSvc/dtlEx/476100000018,91,"농업,농가"
476100000019,과수경쟁력강화 농기계 지원,농림축산어업,과수 생산에 필요한 과수농기계 구입자금 지원,"❍ 지원내용: 과수선별기(7백만원 상한), 고소작업차(18백만원 상한), SS기(25백만원 상한), 과수동력운반차(14백만원 상한), 과수승용예취기(15백만원 상한)
❍ 보조비율: 40%",,전북특별자치도 임실군,시군구,농업축산과,개인,12월말 ~ 1월초,방문신청,,농업축산과/063-640-2444,https://www.gov.kr/portal/rcvfvrSvc/dtlEx/476100000019,75,농업
476100000020,기본형 공익직불금,농림축산어업,○ 자격요건 충족 농가에 직불금 지원,"○ 농업활동을 통해 환경보전, 농촌유지, 식품안전 등 농업·농촌의 공익기능을 증진할 수 있도록 농업인에게 보상금 지원",,전북특별자치도 임실군,시군구,농업축산과,개인,2월~4월,방문신청||직접입력,,농업축산과/063-640-2416,https://www.gov.kr/portal/rcvfvrSvc/dtlEx/476100000020,88,"농업,농촌,농가"
477000000102,유용미생물(EM) 활성액 지원,농림축산어업,농업인에게 유용미생물 활성액 구입 지원,○ 유용미생물(EM) 활성액 구입지원,,전북특별자치도 순창군,시군구,농업축산과,개인,상시신청,방문신청,,생명농업과/063-650-5633,https://www.gov.kr/portal/rcvfvrSvc/dtlEx/477000000102,669,농업
477000000117,지역사회서비스,행정·안전,지역주민에게 지역사회서비스 지원,"○ 지역사회서비스 투자사업
 - 지역의 특성과 주민의 수요를 반영한 사회서비스를 개발하여 서비스 제공
 - 사업종류 : 영유아발달지원서비스, 장애인보조기기렌탈서비스, 아동청소년심리지원서비스(시장형), 아동정서발달지원서비스, 정신건강토탈케어서비스, 맞춤형복지를 위한 행복한 농촌마을 만들기",,전북특별자치도 순창군,시군구,주민복지과,개인,상시신청,방문신청,,행정주민복지과/063-650-1268,https://www.gov.kr/portal/rcvfvrSvc/dtlEx/477000000117,1014,농촌
477000000121,낙우회 우수정액 지원,생활안정,낙농농가에 우수정액 지원,"○ 젖소 사육농가에 정액 2만원/두(보조50%, 자담 50%) 지원",,전북특별자치도 순창군,시군구,농업축산과,개인,상시신청,방문신청,,농축산과/063-650-5644,https://www.gov.kr/portal/rcvfvrSvc/dtlEx/477000000121,625,"농업,농가"
477000000125,귀농귀촌자 이사정착비 지원,주거·자립,순창군 관내로 전입한 귀농귀촌인에게 이사정착비 지원,"○ 2인이하 세대 30만원 / 3인이상 세대 50만원 
○ 전입일 기준 3년이상 타시군 거주한 자로 전입일로부터 5년이내 신청",,전북특별자치도 순창군,시군구,인구정책과,개인,상시신청,방문신청,,인구정책과/063-650-1594,https://www.gov.kr/portal/rcvfvrSvc/dtlEx/477000000125,1106,"귀농,귀촌"
477000000132,농업인 안전보험 가입비 지원,농림축산어업,농업인에게 농업인 안전보험 자부담 비용 일부 지원,"○ 농협 비조합원에 대한 농업인 안전보험 자부담 비용 일부 지원
 - 조합원은 농협에서 자체 지원",,전북특별자치도 순창군,시군구,농업축산과,개인,상시신청,방문신청,,농업축산과/063-650-5183,https://www.gov.kr/portal/rcvfvrSvc/dtlEx/477000000132,868,농업
478000000107,귀농인 영농정착금 지원,주거·자립,귀농인 세대주에게 초기 영농에 필요한 정착금 지원,○ 초기 영농에 필요한 정착금 지원,,전북특별자치도 고창군,시군구,농촌개발과,개인,상/하반기 4/10월경,방문신청,,고창군 농촌개발과/063-560-8817,https://www.gov.kr/portal/rcvfvrSvc/dtlEx/478000000107,772,"귀농,영농,농촌"
478000000109,복분자 수매장려금 지원,농림축산어업,복분자 재배농가에 수매장려금 지급,○ 복분자 재배농가 및 수매기관에 장려금 지급,,전북특별자치도 고창군,시군구,농업정책과,개인,2026.1.~6.,신청불필요,,농업정책과/063-560-2531,https://www.gov.kr/portal/rcvfvrSvc/dtlEx/478000000109,814,"농업,농가"
478000000117,원예작물 활성화 지원,농림축산어업,"소규모 비닐하우스 지원사업, 하우스 작물 재배용 수정벌 지원사업 등","○ 소규모 비닐하우스 지원사업
○ 하우스 작물 재배용 수정벌 지원사업
○ 애란회 난전시 및 선운산 석곡자생지 복원사업
○ 원예작물 지력증진 사업",,전북특별자치도 고창군,시군구,농업정책과,개인,상시신청,방문신청,,농업정책과/063-560-2532,https://www.gov.kr/portal/rcvfvrSvc/dtlEx/478000000117,659,농업
478000000118,지역사회서비스투자사업,보호·돌봄,개인별 맞춤형 사회서비스 이용권 지원,"○ 영유아발달지원서비스
○ 장애인보조기기렌탈서비스
○ 아동정서발달지원서비스
○ 정신건강토탈케어서비스
○ 아동청소년비전형성지원서비스
○ 노인문화여가토탈서비스
○ 글로벌마인드형성서비스
○ 노인맞춤형운동서비스(농촌형)
○ 가사간병방문지원사업",,전북특별자치도 고창군,시군구,사회복지과,개인,상시신청,방문신청,,사회복지과/063-560-2273,https://www.gov.kr/portal/rcvfvrSvc/dtlEx/478000000118,632,농촌
478000000120,야생동물에 의한 농작물 피해보상 지원,행정·안전,야생동물에 의해 농작물 피해를 입은 농업인에게 피해보상금 지원,"○ 야생동물에 의한 농작물 피해 보상금 지원
 - 피해 보상금 산정기준 : 피해면적 X 피해면적내의 피해율 X 작목별 단위면적 당 소득액(농총진흥청) X *보상금 지급비율 
 - 보상금 지급비율 
  ㆍ전기울타리, 철선울타리 등 견고한 피해방지시설 설치 시 : 100% 
  ㆍ울타리, 그물 설치 등 피해방지 의지가 있는 경우 : 80% 
  ㆍ피해방지 시설이 없는 경우 : 60%
  ㆍ보식 또는 대파가 가능한 경우 : 50%",,전북특별자치도 고창군,시군구,환경위생과,개인,상시신청,방문신청,,환경위생과/063-560-2916,https://www.gov.kr/portal/rcvfvrSvc/dtlEx/478000000120,831,"농업,농작물"
478100000024,논두렁조성 물막이사업,농림축산어업,논두렁조성에 필요한 물막이시트 및 설치 장비대 지원,"○논두렁조성
 - 논두렁조성에 필요한 물막이시트 및 설치 장비대 지원",,전북특별자치도 고창군,시군구,농업정책과,개인,2026.01.01~2026.01.16,방문신청,,고창군청 농업정책과/063-560-2527,https://www.gov.kr/portal/rcvfvrSvc/dtlEx/478100000024,96,농업
478100000035,유네스코 생물권보전지역 농산물 유통포장재 지원,농림축산어업,"고창군 통합마케팅 출하약정 체결,이행하고 고창생물권보전지역 브랜드사용 인증 농가 포장재지원","고창군 통합마케팅 조직에 출하약정 체결, 이행하고 고창생물권보전지역 브랜드 사용을 인증 받은 농업인, 생산자단체 등에게 신선농산물 유통 포장재비 지원",,전북특별자치도 고창군,시군구,농촌활력과,개인||가구||소상공인||법인/시설/단체,매년 연초(1~2월),방문신청,,고창군청 농촌활력과/063-560-2516,https://www.gov.kr/portal/rcvfvrSvc/dtlEx/478100000035,437,"농업,농촌,농가"
478100000036,농산물 전자상거래 택배비 지원,농림축산어업,자신이 생산한 농산물을 전자상거래를 통해 판매하는 농업인 등에게 택배비 지원,"자신이 생산한 농산물을 전자상거래를 통해 판매하는 법인, 생산자 단체, 농업인 등에게 택배비 지원",,전북특별자치도 고창군,시군구,농촌활력과,개인||가구||소상공인||법인/시설/단체,매년 연초(1~2월),방문신청,,고창군청 농촌활력과/063-560-2516,https://www.gov.kr/portal/rcvfvrSvc/dtlEx/478100000036,414,"농업,농촌"
479000000106,비닐하우스 비닐교체 지원,농림축산어업,시설원예 재배농가 시설원예용 규격비닐하우스 비닐구입비 지원,"□ 부안군에 주소를 둔 부안군 토지 시설원예 비닐하우스 재배농가(농업경영체등록농가)에게 시설원예용 규격비닐하우스 1중 비닐구입비 지원(보조50% 자담 50%)
    ○ 지원단가
        -일반필름: 520,000원/1동(660㎡), PO필름: 1,000,000원/1동(660㎡), 에어볼(뽁뽁이)필름: 2,000,000원/1동(660㎡)
    ○ 교체주기
        - 일반필름: 2년이상 사용, PO필름: 5년이상 사용, 에어볼(뽁뽁이)필름: 5년이상 사용",,전북특별자치도 부안군,시군구,농업정책과,개인,1~2월 중,방문신청,,농업정책과 스마트원예팀/063-580-4782,https://www.gov.kr/portal/rcvfvrSvc/dtlEx/479000000106,772,"농업,농가"
479000000108,소규모 농산물 저온저장고 지원,농림축산어업,밭농업 농업인에게 농산물 저온저장고 지원,○ 부안군에 주소를 두고 실제 거주하면서 채소과수작물등 밭농업 1000㎡ 이상 경작하고 농업경영체 등록을 한 농업인에게 10.56㎡ 이하 농산물 저온저장고 지원,,전북특별자치도 부안군,시군구,농업정책과,개인,1월~2월중,방문신청,,농업정책과 스마트원예팀/063-580-4443,https://www.gov.kr/portal/rcvfvrSvc/dtlEx/479000000108,573,농업
479000000113,귀농·귀촌인 이사비 및 귀농정착금 지원,주거·자립,"2인이상 전입한 신규 귀농귀촌인에게 이사비 지원
1인이상 전입한 귀농인에게 정착자금지원","○ 지원 대상
 - 2인이상 신규 귀농귀촌인 이사비 50만원 지원
 - 1인이상 신규 귀농인 정착자금지원 1인 50만원/2인 100만원 지원(세대당 최대 100만원)",,전북특별자치도 부안군,시군구,농촌지원과,개인,상시신청,방문신청,,농업기술센터/063-580-3832,https://www.gov.kr/portal/rcvfvrSvc/dtlEx/479000000113,1089,"귀농,귀촌,농촌"
479000000116,귀농인 주택수리 및 영농보조 지원,생활안정,"귀농인에게 농기계, 주택수리비, 비닐하우스 지원","○ 5년 이내 귀농인 500만원 이하 농기계 50% 지원

○ 5년 이내 귀농귀촌인 700만원 한도 주택수리비 100% 지원

○ 5년 이내 귀농인 1,000만원 한도 비닐하우스 80% 지원",,전북특별자치도 부안군,시군구,농촌지원과,개인,2026.01.19~2026.01.23,방문신청,,농업기술센터/063-580-3831,https://www.gov.kr/portal/rcvfvrSvc/dtlEx/479000000116,800,"귀농,귀촌,영농,농촌"
479000000120,여성농업인 생생카드 지원사업,생활안정,"실제 영농에 종사하고 농어촌지역에 거주하는 여성농업인의 건강관리, 문화활동 비용 지원","❍ 여성농업인 생생카드 지원사업
  - 목적 : 여성농어업인의 복지향상 도모, 문화활동 기회 제공
  - 지원금액 : 1인 연간 13만원(보조금13만원)
  - 사용처 : 전 업종(단, 유흥‧건강보험적용‧사이버거래‧사행성 업종제외)
  - 지원방법 : 사업신청 및 대상자 확정 후 농협중앙회 부안군지부 및 지역농협에 자부담액(2만원) 수납 후 바우처 카드 발급",,전북특별자치도 부안군,시군구,농업정책과,개인,매년 1~2월중,방문신청,,농업정책과 농정기획팀/063-580-4439,https://www.gov.kr/portal/rcvfvrSvc/dtlEx/479000000120,1040,"농업,영농"
479000000122,여성농업인 농작업 편의장비 지원사업,생활안정,인체공학적 편의장비 보급으로 여성농업인 농작업 부담경감 및 작업능률 향상 ,"○ 여성농업인 농작업 편의장비 지원
  - 추진방향 : 여성농업인 농작업 편의장비 지원으로 작업능률 향상 및 농가소득증대 기여
  - 지원내용 : 농작업대, 고추수확차, 충전식분무기, 충전운반차, 충전식예초기, 다용도파종기, 충전식 자동전정가위
  - 지원단가 : 50만원/대 이내 (보조80%, 자부담20%)",,전북특별자치도 부안군,시군구,농업정책과,개인,매년 1~2월중,방문신청,,농업정책과 농정기획팀/063-580-4439,https://www.gov.kr/portal/rcvfvrSvc/dtlEx/479000000122,703,"농업,농가"
479000000129,실외사육견 중성화 지원사업,농림축산어업,중성화 수술 지원,농촌지역 실외 사육되는 등록대상 동물(개)의 중성화 수술 지원,,전북특별자치도 부안군,시군구,축산과,개인,"(1차) 2월 중, (2차) 5월 중, (3차) 10월 중",방문신청,,축산과/063-580-4499,https://www.gov.kr/portal/rcvfvrSvc/dtlEx/479000000129,703,농촌
481000000109,귀농인 농가주택 수리비 지원,주거·자립,"귀농인 세대주에게 주택(소유 및 임차) 수리비 지원
","○ (지원대상) 농어촌지역 전입일로부터 만 5년이 경과하지 않은 귀농인으로 2인 이상 가족을 구성한 65세 이하 세대주

○ (사업내용) 귀농인 주택구입(임차)에 따른 수리비 일부 지원
    - 주택 리모델링, 보일러 교체, 지붕ㆍ화장실 개량 등 포함",,전남광주통합특별시 여수시,시군구,농촌진흥과,개인,2월 중순까지/ 신청자 없을 경우 연중,방문신청,,여수시 농촌진흥과/061-659-4437,https://www.gov.kr/portal/rcvfvrSvc/dtlEx/481000000109,724,"귀농,농촌,농가"
481000000119,귀농인 정착금 지원,주거·자립,귀농인 세대주에게 12개월간 정착금 지원,○ 만 65세 이하 귀농인 세대주에게 매월 30만원씩 12개월간 정착금 지원,,전남광주통합특별시 여수시,시군구,농촌진흥과,개인,상시신청,방문신청,,여수시 농촌진흥과/061-659-4437,https://www.gov.kr/portal/rcvfvrSvc/dtlEx/481000000119,816,"귀농,농촌"
482000000110,친환경 인증 농가 인센티브 지원,농림축산어업,친환경농산물 재배농가 등에 장려금 지급,"○ 친환경농산물 재배(벼, 채소, 과수) 및 신규인증·인증상향 농가에게 인센티브(장려금) 지급",,전남광주통합특별시 순천시,시군구,친환경농업과,개인,상시신청,신청불필요,,친환경농업과/061-749-8710,https://www.gov.kr/portal/rcvfvrSvc/dtlEx/482000000110,731,"농업,농가"
482000000124,농업인 가공품 생산 지원,농림축산어업,농업인에게 가공센터 장비사용 지원,○ 농업인 가공센터 장비사용 지원으로 농가의 식품제조 행정절차 간소화 및 소득증대 지원,,전남광주통합특별시 순천시,시군구,농식품유통과,개인,상시신청,방문신청,,농식품유통과/061-749-8680,https://www.gov.kr/portal/rcvfvrSvc/dtlEx/482000000124,483,"농업,농가"
482000000131,과수 생력화 장비 지원,농림축산어업,과수재배 농가에 동력운반차 및 농업용 굴삭기 지원,"① 사업내용 : 과수농가에 장비 지원
② 지원품목 : 동력운반차, 농업용 굴삭기
③ 지원대상 : 과수를 0.6ha 이상 재배하는 농가
④ 보조액
  - 동력운반차 : 2,500천원/대
  - 농업용 굴삭기 : 10,000천원/대",,전남광주통합특별시 순천시,시군구,친환경농업과,개인,매년 연초에 신청 및 사업 진행 상황에 따라 상시 접수,방문신청,,순천시 친환경농업과 과수특작팀/061-749-8724,https://www.gov.kr/portal/rcvfvrSvc/dtlEx/482000000131,442,"농업,농가"
482000000133,시설원예 생산시설 지원,농림축산어업,영세농 다목적 소형하우스 지원(165평방미터 ~ 330평방미터),"에너지 절감시설 3종(알루미늄 측벽, 보온덮개, 난방기)
노동력 절감시설 3종(무인방제기, 운반대, 관비 재배시설 등)
영세농 다목적 소형 하우스 지원",,전남광주통합특별시 순천시,시군구,친환경농업과,개인,연초 사업신청기간내 신청,방문신청,,친환경농업과(채소원예)/061-749-8718,https://www.gov.kr/portal/rcvfvrSvc/dtlEx/482000000133,279,농업
482000000135,원예작물 친환경자재 지원,농림축산어업,친환경 인증취득 농가에 친환경약제 및 채소과수 재배농가에 노동력 절감 방안으로 부직포 지 ,"친환경부직포(과수, 채소), 친환경약제 지원",,전남광주통합특별시 순천시,시군구,친환경농업과,소상공인||법인/시설/단체,연초 사업기간 공지 후 신청기간내 개별 신청,방문신청,,친환경농업과(채소원예)/061-749-8718,https://www.gov.kr/portal/rcvfvrSvc/dtlEx/482000000135,359,"농업,농가"
482000000137,과수농가 인공수분기 지원,농림축산어업,과수 인공수분기 구입비용 지원,"○ 과수농가 인공수분기 지원
 - 과수 0.1ha 이상 재배 농가(전업 농업종사자) 대상
 - 과수 인공수분기 및 수분용꽃가루 구입비용 50% 보조금 지원
 - 인공수분기 기준 단가 1,045천원, 초과비용은 자부담에 포함",,전남광주통합특별시 순천시,시군구,친환경농업과,개인,"연초 사업신청 기간 내 접수, 사업 추진 상황에 따라 연중 추가 접수 가능",방문신청,,순천시 친환경농업과 과수특작팀/010-749-8723,https://www.gov.kr/portal/rcvfvrSvc/dtlEx/482000000137,416,"농업,농가"
482000000139,생분해 멀칭비닐 공급 지원,농림축산어업,생분해 멀칭 농자재 지원,농촌 고령화에 따른 노동력 감소 및 폐비닐 발생에 따른 농촌오염 최소화를 위해 자연 분해되는 환경친화적 농자재 지원,,전남광주통합특별시 순천시,시군구,친환경농업과,개인,접수기관 별 상이,방문신청,,친환경농업과/061-749-8719,https://www.gov.kr/portal/rcvfvrSvc/dtlEx/482000000139,564,"농업,농촌"
482000000140,순천형 다목적 소형농기계 지원,농림축산어업,농가의 농기계 구입부담 경감 및 농업생산성 향상을 유도하기 위함,정부지원 대상 농기계 및 기타 일반 농기계 중 30만원 이상 농기계 지원,,전남광주통합특별시 순천시,시군구,친환경농업과,개인||가구,연초 사업기간 공지 후 신청기간내 개별 신청,방문신청,,친환경농업과/061-749-8702,https://www.gov.kr/portal/rcvfvrSvc/dtlEx/482000000140,1009,"농업,농가"
482000000142,귀농인 소형농기계 구입 지원,농림축산어업,"농업생산에 필요한 건조기, 운반기, 관리기 등 소형농기계 구입지원으로 귀농 정착 투자비용 ",농기계 구입비의 50% 지원(최대 300만원),,전남광주통합특별시 순천시,시군구,농업정책과,개인,예산 상황에 따라 년 2~3회 신청,방문신청,,농업정책과/061-749-8705,https://www.gov.kr/portal/rcvfvrSvc/dtlEx/482000000142,435,"귀농,농업"
482000000147,귀농인 이웃주민 초청행사,생활안정,귀농인과 지역주민의 화합을 통한 안정적 정착을 유도,이웃주민 초청행사에 소요되는 일정 비용 지원(최대 100만원),,전남광주통합특별시 순천시,시군구,농업정책과,개인,사업비 소진시까지 상시 신청,방문신청,,농업정책과/061-749-8705,https://www.gov.kr/portal/rcvfvrSvc/dtlEx/482000000147,368,"귀농,농업"
483000000107,고온성작물 시설하우스 기능성필름 지원,농림축산어업,고온성작물 재배 농업인에게 기능성필름  비용 지원,"- 지원내용: 시설하우스 1중 피복 기능성(장기성) 필름  비용 지원
- 지원기준: 하우스 면적 600㎡ 이상, 농가당 2,640㎡ 상한
- 지원단가: 3,800원/㎡(하우스 면적기준), 인건비는 총 사업비에 반드시 포함(총사업비의 30% 이내)",,전남광주통합특별시 나주시,시군구,배원예유통과,개인,접수기관 별 상이,방문신청,,배원예유통과/061-339-7381,https://www.gov.kr/portal/rcvfvrSvc/dtlEx/483000000107,754,"농업,농가"
483000000113,귀농 정착 지원,주거·자립,"○ 귀농인 영농기반 조성 지원
○ 귀농인 농가주택 수리비 지원사업","○ 귀농인 영농기반 조성 지원사업
 - 귀농인의 소득 및 경영안정을 위한 정착자금 지원
  ㆍ 지원단가 : 20,000천원 /개소 (보조 10,000천원, 자부담 10,000천원)
 - 지원시설 종류
  ㆍ 경종분야 : 하우스 설치, 과원기반조성, 버섯재배사·저장시설·관수시설 설치, 기타 농업기반시설 확충
  ㆍ 축산분야 : 축사시설 개선 및 확충 등
  ㆍ 기타분야 : 기타 농업경영 및 가공분야(사업계획서 검토 후 결정)
  ㆍ 제외분야 : 축사 신축, 소(한우 등) 입식, 농지구입, 단순 농기계 구입, 포장재 제작

○ 귀농인의 농가주택수리비 지원
 - 귀농인의 안정적인 귀농 정착을 위한 농가주택 수리비 지원사업
  ㆍ 지원단가 : 10,000천원 / 개소(보조 7,000천원, 자부담 3,000천원)
 - 지원주택 조건
  ㆍ 신청일 전에 신청자가 전입하여 전입 유지하고 있는 농가주택(본채만 가능)
  ㆍ 대지면적 660㎡이내
  ㆍ 건축연면적 150㎡이내
  ㆍ 제외 조건 : 건축물대장 미등재 주택, 토지 및 건물에 압류ㆍ가압류 상태인 주택(은행 근저당 상태는 가능), 실제 번지수와 건물의 서류주소가 불일치하면서 농가주택확인서 발급 또한 불가능한 주택
 - 지원수리 종류
  ㆍ 대보수 : 지붕, 기둥 등
  ㆍ 중보수 : 오급수, 난방, 단열재 등
  ㆍ 경보수 : 도배, 장판 등",,전남광주통합특별시 나주시,시군구,농업정책과,개인,접수기관 별 상이,방문신청,,농업정책과/061-339-7812,https://www.gov.kr/portal/rcvfvrSvc/dtlEx/483000000113,850,"귀농,농업,영농,농가,농지"
483000000120,과수 조류피해 방지 포획트랩 운영 지원,농림축산어업,조류피해 과수농가에 포획트랩 설치 지원,○ 조류 피해 방지를 위한 포획트랩 설치 운영,,전남광주통합특별시 나주시,시군구,배원예유통과,개인,2025.12.15~2026.01.20,방문신청,,배원예유통과/061-339-7373,https://www.gov.kr/portal/rcvfvrSvc/dtlEx/483000000120,748,농가
483000000129,농산물 최저가격 지원,생활안정,농협 등에 공동출하하는 농업인을 대상으로 농산물 최저가격 보전 지원,"○ 대상품목 : 관내 농협 등 유통조직을 통해 계통 및 공동출하하는 품목

○ 지원제외 품목 
-­ 쌀, 잡곡
- 채소가격안정사업품목(배추,무,고추,마늘,대파, 양파 등)
- 수혜도가 큰 품목(배,멜론 등)

○ 지원내용 : 시장가격이 최저가격 보다 하락할 경우 그 차액 일부 지원

○ 지원한도 
 ­ - 품목별 연간 5백만원, 농가당 10백만원을 초과할 수 없음
  - 품목별 연가 총액 상한 5억원, 연간 총액 상한 10억원을 초과할 수 없음",,전남광주통합특별시 나주시,시군구,배원예유통과,개인,상시신청,방문신청,,배원예유통과/061-339-7362,https://www.gov.kr/portal/rcvfvrSvc/dtlEx/483000000129,1027,"농업,농가"
484000000106,우수 농식품 해외 전자상거래 입점 지원,농림축산어업,수출농가 등을 대상으로 해외 전자상거래 입점 등 지원,"○ 해외 전자상거래 입점, 판매를 위한 제품 현지화, 상품 동영상 페이지 제작 및 현지 매장 입점, 테스트 판매 등 지원",,전남광주통합특별시 광양시,시군구,농식품유통과,개인,상시신청,방문신청,,농식품유통과/061-797-3440,https://www.gov.kr/portal/rcvfvrSvc/dtlEx/484000000106,577,농가
484000000112,수출농산물 육묘대 지원,농림축산어업,농업인에게 수출농산물 육묘대 지원,"○ 수출농산물 육묘대 지원사업
  - 시설원예 수출농가 및 수출 조직
  - 신선과채류 수출실적에 따른 차등 지원
  - 예산범위 내 실 구입 종자대 및 육묘대 지원",,전남광주통합특별시 광양시,시군구,스마트원예과,개인,연초(1월경),방문신청,,스마트원예과/061-797-3549,https://www.gov.kr/portal/rcvfvrSvc/dtlEx/484000000112,497,"농업,농가"
484000000121,과수 재배시설 확충 지원,생활안정,농업인에게 과수 재배시설 확충 지원,"○ 과수 재배시설 확충 지원사업
  - 기 조성된 과원을 경영하고 있는 자 중 과수 재배시설 확충 지원사업을 희망하는 농업인 또는 농업법인
  - 중형관정, 모노레일, 스프링클러, 방풍망 등
  - 사업비 범위 내 자부담 능력이 있고, 시설 투자비 및 운전자금이 충분한 자, 농업경영체에 등록된 1,000㎡(중형관정 3,000㎡)이상 본인소유로 70% 이상 식재된 과원을 운영하는 자",,전남광주통합특별시 광양시,시군구,스마트원예과,개인,연초(1월경),방문신청,,스마트원예과/061-797-3762,https://www.gov.kr/portal/rcvfvrSvc/dtlEx/484000000121,696,농업
484000000126,시설하우스 생석회 공급 지원,농림축산어업,시설원예 농업인에게 시설하우스 생석회 공급 지원,"○ 시설하우스 생석회 공급 지원 사업
  - 농업경영체에 등록된 1,000㎡ 이상 시설원예 작목반
  - 생석회 지원(64.5만원/ha)",,전남광주통합특별시 광양시,시군구,스마트원예과,개인,연초(1월경),방문신청,,스마트원예과/061-797-3549,https://www.gov.kr/portal/rcvfvrSvc/dtlEx/484000000126,595,농업
484000000128,농어촌민박 소방안전시설 지원,행정·안전,"농어촌민박 사업자를 대상으로 소방안전시설 지원
- 소방시설 설치 및 방역물품 구입 지원",○ 농어촌민박 소방안전시설 지원,,전남광주통합특별시 광양시,시군구,농업정책과,법인/시설/단체,상시신청,방문신청,,농업정책과/061-797-3538,https://www.gov.kr/portal/rcvfvrSvc/dtlEx/484000000128,883,농업
484000000130,전업농 육성 노후하우스 개보수 지원,농림축산어업,농업인에게 노후 시설하우스 개보수 지원,"○ 전업농 육성 노후하우스 개보수 지원사업
 - 기존 시설하우스 보유농가 중 희망농가, 유동팬, 환기팬, 자동개폐기, 보온 시설 장비
 - 지원한도 : 농가당 10,000㎡ 이내(비교견적)",,전남광주통합특별시 광양시,시군구,스마트원예과,개인,연초(1월경),방문신청,,스마트원예과/061-797-3549,https://www.gov.kr/portal/rcvfvrSvc/dtlEx/484000000130,562,"농업,농가"
484000000140,전업농 육성 시설하우스 신축 지원,농림축산어업,농업인에게 소득작목 시설하우스 신축 지원,"○ 전업농 육성 시설하우스 신축 지원사업
 - 농업경영체에 등록된 필지를 소유(임차)한 지역 소득작목 재배농가 및 신규 재배 희망농가 
 - 광폭하우스(1㎡당 4만원), 단동하우스(1㎡당 2.5만원)",,전남광주통합특별시 광양시,시군구,스마트원예과,개인,연초(1월경),방문신청,,스마트원예과/061-797-3549,https://www.gov.kr/portal/rcvfvrSvc/dtlEx/484000000140,583,"농업,농가"
484000000147,맞춤형 화학비료 지원,농림축산어업, 맞춤형 비료 구입비 지원으로 영농비 절감,"○ 지원대상 : 광양시에 주민등록상 주소를 둔 농업경영체 등록 농업(법)인
   ○ 지원내용 : 토양검증 분석 결과에 따른 지역 특성에 맞는 맞춤형 비료 지원
   ○ 비료신청 및 공급 : 농지 소재지 지역농협
   ○ 공급방법 : 농협에서 농가신청, 구매계약, 농가공급, 사업비 정산 등
  ○ 사업량: 80,000포/20kg(화학비료 73,000, 칼슘유황비료 7,000) 
  ○ 사업비: 233,000천원(시비)  * 농협 61,900천원 자체 지원
  ○ 지원단가(포)
      - 화학비료 : 시비 3,000원, 농협 800원
      - 칼슘유황비료(입상) : 시비 2,000원, 농협 500원",,전남광주통합특별시 광양시,시군구,스마트원예과,개인,전년 12월경 ~ 당해년 1월경,방문신청,,스마트원예과/797-3531,https://www.gov.kr/portal/rcvfvrSvc/dtlEx/484000000147,853,"농업,영농,농가,농지"
484000000412,광양시 친환경농업대학 입학 신청(스마트농업반),농림축산어업,지역농업의 특화 발전에 필요한 품목별 장기 기술교육을 추진,"○ 공통과목 : 농업기술센터 이용 안내, 토양관리, 작물재배 기초, 선진지 현장교육 등
○ 스마트농업 : 스마트팜의 기초, 시설원예 구조설계, 토양관리 등",,전남광주통합특별시 광양시,시군구,기술보급과,개인,상시신청,직접입력,,기술보급과/061-797-3323,https://www.gov.kr/portal/rcvfvrSvc/dtlEx/484000000412,81,농업
484000000413,농업인 크리에이터 교육 신청(농업촬영 기초반),농림축산어업,농업인의 창의적인 홍보 활동을 위한 크리에이터 교육 지원 및 인력육성,"○접수기간: 2026. 2. 19.(목) ~ 2. 26.(목) / 18:00까지
○교육일정: 2026. 3. 9.(월) ~ 5. 4.(월) / 13:30 ~ 16:30(기간중 16회 / 월, 수)
○ 교육내용
    - 농업촬영 기초반
     ․ 전자상거래를 위한 사진 촬영법, 편집, 홍보 영상
     ․ 농산물 등 홍보 영상 촬영법, 편집 등",,전남광주통합특별시 광양시,시군구,기술보급과,개인,상시신청,직접입력,,기술보급과/061-797-3323,https://www.gov.kr/portal/rcvfvrSvc/dtlEx/484000000413,96,농업
484000000414,도시민 주말농장,농림축산어업,"주말농장을 이용한 농업,농촌 이해도 증진 및 도시민 건강 증진 및 정서 함양","1개소, 2,000제곱미터 총 150구획
1가구, 약 11제곱미터 제공
일반 90구획, 은퇴자 20구획, 다자녀 20구획, 다문화 20구획",,전남광주통합특별시 광양시,시군구,기술보급과,개인,2026.02.26~2026.03.05,방문신청||직접입력,,기술보급과 도시농업팀/061-797-3380,https://www.gov.kr/portal/rcvfvrSvc/dtlEx/484000000414,99,"농업,농촌"
485000000116,유기농업자재 지원,농림축산어업,"농업경영체등록하고 토양검정결과서를 제출한 농가에 대해  유기농업자재, 녹비및 자재 등 지원","○ 지원내용 : 친환경농업인 등에게 유기농업자재, 녹비종자 등 구입비 일부 지원
○ 지원형태 : 농가별 구입 후 보조금 지급(50%)",,전남광주통합특별시 담양군,시군구,축산원예과,개인,해년마다 상이(통상 11월~12월),방문신청,,축산원예과/061-380-2733,https://www.gov.kr/portal/rcvfvrSvc/dtlEx/485000000116,600,"농업,농가"
485000000117,시설원예 과수·채소 수정벌 지원,농림축산어업,"시설하우스 내 과수, 과채류 재배농가에 수정벌 구입 지원","○ 지원내용 : 시설원예 과수·채소류 재배농가 수정벌 지원
○ 지원형태 : 농가별 구입 후 보조금 지급(50%)",,전남광주통합특별시 담양군,시군구,축산원예과,개인,해년마다 상이(통상 6~7월),방문신청,,축산원예과/061-380-2758,https://www.gov.kr/portal/rcvfvrSvc/dtlEx/485000000117,538,농가
485000000121,돌발 자연재해 응급복구 지원,보호·돌봄,돌발재해로 피해 입은 농업인에게 응급복구 비용 및 자재비 지원,"○ 지원대상 : 돌발성 자연재해로 시설하우스 피해를 입은 농가

○ 지원내용 : 응급복구에 따른 비용 및 자재비 지원",,전남광주통합특별시 담양군,시군구,축산원예과,개인,상시신청,방문신청,,축산원예과/061-380-2757,https://www.gov.kr/portal/rcvfvrSvc/dtlEx/485000000121,894,"농업,농가"
485000000122,빈집 정비 지원,문화·환경,농촌 빈집 소유자에게 빈집 정비(철거)에 따른 사업비 보조,"○ 농촌 주거환경을 저해하는 등 공익상 유해한 주택의 정비를 통해 농촌의 주거환경을 효율적으로 개선

○ 지원한도 : 세대당 300만원 보조

○ 우선순위 : 관광지 주변, 도로변, 빈집 방치로 마을미관 및 주거환경 저해, 청소년 탈선장소로 사용되는 빈집, 슬레이트해체(철거) 처리사업 대상자, 농촌빈집 실태조사에 등록된 빈집",,전남광주통합특별시 담양군,시군구,도시과,개인,상시신청,방문신청,,도시과/061-380-3241,https://www.gov.kr/portal/rcvfvrSvc/dtlEx/485000000122,800,농촌
485000000124,영세고령농가 재해보험료 자부담료 지원,농림축산어업,영세고령농가에 재해보험료 자부담료 지원,"○ 담양군에 주소를 두고 농업경영체 등록 경영주 중 만 65세 이상 경작면적 1ha 미만 농업인에게 
     농작물(벼) 재해보험료 자부담(10%), 농업인 안전재해보험료 자부담(20%) 지원",,전남광주통합특별시 담양군,시군구,농업유통과,개인,"영세고령농가- 농작물 '벼' 재해보험 4~6월,  농업인안전재해보험 2~12월",방문신청,,농업유통과/061-380-2720,https://www.gov.kr/portal/rcvfvrSvc/dtlEx/485000000124,635,"농업,농가,농작물"
486000000105,귀농·귀촌인 육성 지원,농림축산어업,귀농인에게 농가주택 수리비 및 신규 농업인 인력육성 지원,"○ 귀농귀촌인 농가주택 수리비 지원(보조 100%)
 - 지원금액 : 가구당 5백만원 한도 내에서 수리비 지원

○ 귀농인 신규 농업인 인력육성사업 : 보조 50%(군비 50%, 자담 50%)
 - 1인지원 한도액 : 600만원, 시설하우스, 농지 또는 농기계 구입, 묘목대, 가축입식, 관정 등 영농기반 조성비용",,전남광주통합특별시 곡성군,시군구,농촌지원과,개인,매년 1월,방문신청,,곡성농업기술센터 농촌지원과/061-360-8841,https://www.gov.kr/portal/rcvfvrSvc/dtlEx/486000000105,879,"귀농,귀촌,농업,영농,농촌,농가,농지"
486000000126,노동 절감형 스마트 청년농업인 육성 지원,농림축산어업,관내 주소를 두고있는 청년농업인을 대상으로 스마트농업과 경영비 절감을 위한 비용 지원,"❍ 사업내용 및 시범요인
  ① 스마트온실․과수․수도작 등 분야별 스마트 농업 
    - 농약 비료 등 투입자재 최적화 생산비용 절감 생산량 증대 
  ② 환경관리 자동제어, 무인드론 활용 자동 농기계 및 시설관리 등  
    - 온․습도 등 환경 모니터링, 양분공급, 관수, 급여, 접목 등 자동화
  ③ 전문경영 소프트웨어 사용 농업생산이력 데이터 획득 경영비 절감 
    * 제외대상  : 경운기 및 트랙터, 관리기 등 단순대형 농기계 및 건설장비",,전남광주통합특별시 곡성군,시군구,농촌지원과,개인,2026.01.05~2026.02.05,정부24온라인신청||방문신청,,농촌지원과 인력육성팀/061-360-8821,https://www.gov.kr/portal/rcvfvrSvc/dtlEx/486000000126,1685,"농업,농촌"
486000000128,고령 영세농업인 영농경영비 지원,농림축산어업,신청 자격 요건에 맞는 고령 영세농업인에게 영농경영비 지원,"○ 고령 영세농업인 영농경영비 지원
 - 농업경영체 등록되어 있고, 실제 벼를 재배하고 있는 농지에 대해 매년 물가 상승량을 고려하여 영농비 산정 후 일부 지원",,전남광주통합특별시 곡성군,시군구,농정과,개인,"매년 10월 ~ 11월 경이며, 자세한 일정은 곡성군 미래농업팀(360-8343)으로 문의바랍니다. ",정부24온라인신청||방문신청,,농정과 미래농업팀/061-360-8343,https://www.gov.kr/portal/rcvfvrSvc/dtlEx/486000000128,690,"농업,영농,농지"
486000000130,신규농업인(귀농귀촌) 현장실습 교육,보육·교육,"귀농연수생 월 80만원, 선도농가 월 40만원 한도로 지급 ","매월 20일 이상 연수자에 한하여 귀농연수생 및 선도농가에게 교육훈련비 지급(연수생 월80만원, 선도농가 월40만원)",,전남광주통합특별시 곡성군,시군구,농촌지원과,개인,접수기관 별 상이,방문신청,,곡성군농업기술센터/061-360-8812,https://www.gov.kr/portal/rcvfvrSvc/dtlEx/486000000130,768,"귀농,귀촌,농업,농촌,농가"
487000000111,시설하우스 온풍기 가스 구입비 지원,농림축산어업,시설하우스 농업인 등에게 온풍기 가스(LPG) 연료 구입비 지원,"가스 연료를 사용하는 시설하우스 작물 재배농가에 온풍기 가스(LPG) 연료 구입비 지원
  - 지원조건: 농업경영체를 등록한 시설재배 농업인
  - 지원한도: 하우스 1동(200평 기준) (온풍기 1대, 환풍기 5대)
  - 지원비율: 1개소당 1백만 원(보조100%)",,전남광주통합특별시 구례군,시군구,농업기술센터,개인,1~2월,방문신청,,구례군 농업기술센터 원예정책팀/061-780-8083,https://www.gov.kr/portal/rcvfvrSvc/dtlEx/487000000111,598,"농업,농가"
487000000112,애호박 인큐베이터 구입 지원,농림축산어업,시설하우스 애호박 재배 농업인 인큐베이터 구입 지원,"○ 애호박 인큐베이터(포장재) 구입비 지원
  - 지원기준: 40매/㎡
  - 지원단가: 30원/매
  - 지원비율: 보조 50%, 자담 50%",,전남광주통합특별시 구례군,시군구,농업기술센터,개인,1~2월 ,방문신청,,구례군 농업기술센터 원예정책팀/061-780-8083,https://www.gov.kr/portal/rcvfvrSvc/dtlEx/487000000112,518,농업
487000000122,귀농인 정착 농업시설 지원,주거·자립,"귀농인에게 비닐하우스, 저온저장고, 농기계 등 구입 지원","○ 농가 당 6백만 원 사업비 중 보조70%(4.2백만 원 한도 내 지원), 자부담30%
 ※ 추가사업비는 자부담

○ 비닐하우스, 저온저장고, 농업용 관정, 농기계 구입(건조기, 경운기, 관리기, 전정가위 등)선택1
 ※ 부속작업기 제외",,전남광주통합특별시 구례군,시군구,농업기술센터,개인,2026. 1. 2. ~ 2. 2.  미달시 추가모집,방문신청,,농업기술센터/061-780-8086,https://www.gov.kr/portal/rcvfvrSvc/dtlEx/487000000122,881,"귀농,농업,농가"
487000000134,귀농·귀촌인 주택수리 지원,주거·자립,귀농인에게 주택수리 비용 지원,"○ 개소(가구)당 5백만원 주택수리비 중 4백만원 지원
 - 보조 80%, 자담 20%, 추가사업비는 자담

○ 수리비는 빈집리모델링, 보일러교체, 지붕․부엌․화장실 개량 등 주거시설의 수리에 한함
 - 창고 등 실주거와 관련 없는 부속시설 등은 제외",,전남광주통합특별시 구례군,시군구,농업기술센터,개인,2026. 1. 2. ~ 2. 2.  미달시 추가모집,방문신청,,농업기술센터/061-780-2086,https://www.gov.kr/portal/rcvfvrSvc/dtlEx/487000000134,969,"귀농,귀촌,농업"
487000000135,구례정착 보금자리 조성 지원,생활안정,정착주민에게 주택 리모델링비 등 보금자리 조성 지원,"○ 개소당 21.5백만 원 주택 리모델링비 지원(보조 100%)

○ 보조금 활용은 빈집 리모델링, 보일러 교체, 지붕·부엌·화장실 개량 등 주거시설의 수리에 한함 
 ※ 실주거와 관련없는 부속시설(창고 등)의 수리는 제외

○ 빈집소유주↔마을, 주택관리 및 제3자임대 협약(5년) 체결 후 사업신청

○ 사업완료 후 운영관리 주체인 마을의 보금자리 운영관리 위원회 구성명단 첨부 후 사업신청

○ 단독주택인 빈집으로 소유권 등기가 완료되고 대지와 건물의 등기사항전부증명서(등기부등본)의 갑구(소유권에 관한 사항), 을구(소유권 이외의 권리에 관한 사항)에 제한사항이 없어야 함. 또한 약정한 귀농․귀촌인 거주 기간에도 갑구, 을구에 제한사항이 없어야 함
 ※ 지원제외 대상 : 미등기 주택, 다세대주택, 아파트, 빌라, 신규 조성 마을 내 주택

○ 건물은 적법한 허가를 득한 것이어야 함

○ 상속 중인 주택은 상속등기가 완료되어야 함

○ 건축물과 토지의 소유자가 다를 경우 토지소유자의 사용승낙서를 함께 제출해야 함

○ 구비서류: 신청서, (건물, 토지)등기부등본, 건축물대장, 지적도, 토지이용계획확인서, 주민등록 등본, 주택관리 및 제3자 임대협약서, 보금자리 운영 마을 위원회 구성 명단, 빈집 현황 사진, 개인정보 수집이용 동의서 토지사용승낙서, 가족관계증명서",,전남광주통합특별시 구례군,시군구,농업기술센터,개인,접수기관 별 상이,방문신청,,농업기술센터 귀농귀촌팀/061-780-8085,https://www.gov.kr/portal/rcvfvrSvc/dtlEx/487000000135,861,"귀농,귀촌,농업"
487000000145,밀 재배농가 경영안정대책비 지원,농림축산어업,우리밀 재배 농업인 등에게 경영안정대책비 지원,"○ 2025년 기준, 1ha당 500,000원 지원(지급한도: 2ha이하, 1,000㎡미만 농가 제외)",,전남광주통합특별시 구례군,시군구,농정과,개인,5~7월 ,방문신청,,구례군 농정과 친환경농업팀/061-780-2375,https://www.gov.kr/portal/rcvfvrSvc/dtlEx/487000000145,749,"농업,농가"
488000000102,"친자검증(분석비, 시료채취비) 지원",농림축산어업,혈통 등록우 사육 농가에 모근채취 및 친자확인 분석 지원,○ 친자확인을 위한 모근채취 및 친자확인 분석,,전남광주통합특별시 고흥군,시군구,축산정책과,개인,상시신청,방문신청,,축산정책과/061-830-5393,https://www.gov.kr/portal/rcvfvrSvc/dtlEx/488000000102,614,농가
488000000108,귀농·귀촌인 농가주택 수리비 지원,주거·자립,귀농인에게 주택수리비 지원,"○ 본인 또는 배우자 소유 주택수리비 지원
 - 지붕, 출입문교체, 창문시공, 싱크대 수리 등 / 5백만원",,전남광주통합특별시 고흥군,시군구,인구정책과,개인,상시신청,방문신청,,인구정책과/061-830-6849,https://www.gov.kr/portal/rcvfvrSvc/dtlEx/488000000108,1057,"귀농,귀촌,농가"
488000000109,귀농·귀촌인 삶터기반 지원,농림축산어업,귀농인에게 생활기반시설 조성 지원,"○ 생활기반시설 조성 지원
 - 전기, 통신, 상수도 / 5백만원",,전남광주통합특별시 고흥군,시군구,인구정책과,개인,상시신청 가능하나 예산소진 시 조기마감,방문신청,,인구정책실/061-830-6848,https://www.gov.kr/portal/rcvfvrSvc/dtlEx/488000000109,864,"귀농,귀촌"
488000000114,소형 전기운반차 지원,농림축산어업,여성농업인 등에게 소형전기운반차 구입비 일부 지원,"○ 소형전기운반차 구입비의 일부 지원
 - 최저 350만원~최대 400만원",,전남광주통합특별시 고흥군,시군구,농업정책과,개인,상시신청,방문신청,,농업축산과/061-830-5376,https://www.gov.kr/portal/rcvfvrSvc/dtlEx/488000000114,723,농업
488000000119,도전! 청년농부 농지임차료 등 지원,농림축산어업,"농어촌공사 농지임차료 최대2백만원(3년)
구입농지 취득세/소유권이전 비용 최대2백만원(3회","○ 고흥군에 주소를 두고 있으면서 영농에 종사하는 18~49세 청년(농가주)
○ '23년 말 기준 경작면적 5ha 이하의 농업인 또는 신규농업인",,전남광주통합특별시 고흥군,시군구,인구정책과,개인,상시신청,방문신청,,인구정책실/061-830-5833,https://www.gov.kr/portal/rcvfvrSvc/dtlEx/488000000119,879,"농업,영농,농가,농지"
488000000127,품질 고급화 장려금 지급,농림축산어업,한우 사육농가 등에 거세 송아지 시술비 등 지원,"○ 우수 육질등급 판정 농가, 거세 송아지 시술비 지원 등",,전남광주통합특별시 고흥군,시군구,축산정책과,개인,상시신청,방문신청,,축산정책과/061-830-5394,https://www.gov.kr/portal/rcvfvrSvc/dtlEx/488000000127,664,농가
489000000111,청년귀농인 농업창업 지원,농림축산어업,만 18세~50세 미만 청년귀농인에게 농업시설물 및 농기계 구입비 지원,"○ 지원대상 : 만 18세~만 50세 미만 청년귀농인

○ 지원자격
 - 전입일 기준 5년 이내 신청
 - 귀농 교육 100시간 이상 이수

○ 지원내용 : 농업시설물 및 농기계 구입비 70% 지원(3,000만원 한도)",,전남광주통합특별시 보성군,시군구,인구정책과,개인,상시신청,방문신청,,인구정책과 고향사랑지원팀/061-850-5991,https://www.gov.kr/portal/rcvfvrSvc/dtlEx/489000000111,797,"귀농,농업"
489000000135,귀농인 정착장려금 지원,주거·자립,만 65세 이하 귀농인에게 정착장려금 지원,"○ 지원대상 
 - 귀농신고 후 1년 6개월 경과 후 정착장려금 1년간 귀농인원별 차등 지급
 - 귀농 신고당시 만20세 이상 ~만 65세 이하 귀농인

○ 지원제외 : 건강보험 직장의료보험 가입자

○ 지원액 : 1인 20만원, 2인 35만원, 3인 이상 50만원",,전남광주통합특별시 보성군,시군구,인구정책과,개인,상시신청,방문신청,,인구정책과 고향사랑지원팀/061-850-5991,https://www.gov.kr/portal/rcvfvrSvc/dtlEx/489000000135,820,귀농
490000000120,충전식 전기분무기 지원,농림축산어업,농업인에게 충전식 전기분무기 지원,"○ 화순군에 1년(신청일 기준)이상 거주하고 농지를 소유 또는 임대하여 농산물을 실경작하고 있는 농업인에 충전식 전기분무기 지원
 - 지원내용 : 1대당 군비 40%, 농협 30%, 자담 30%
 - 대당 지원단가 270,000원 보조금 지원 한도 : 189,000원(농협 부담 포함)",,전남광주통합특별시 화순군,시군구,농업정책과,개인,상시신청,방문신청,,농업정책과/061-379-3673,https://www.gov.kr/portal/rcvfvrSvc/dtlEx/490000000120,794,"농업,농지"
491000000103,가을철 열성질환 관리 지원,농림축산어업,농업 관련 종사자 등에게 진드기 매개감염병 예방 기피제 배부 지원,○ 진드기 매개감염병 예방 교육 및 기피제 배부,,전남광주통합특별시 장흥군,시군구,보건소,개인,상시신청,신청불필요,,보건소/061-860-6434,https://www.gov.kr/portal/rcvfvrSvc/dtlEx/491000000103,806,농업
491000000109,귀농어업인 창업 및 주택수리 지원,고용·창업,ㅇ 귀농인에게 귀농 창업 및 주택수리비 보조,"○ 귀농창업 보조 2,000만원(보조 1,000만원 자담 1,000만원)

○ 주택수리비 보조 500만원(보조 5백만원)",,전남광주통합특별시 장흥군,시군구,농산유통과,개인,매년 초에 읍면사무소 산업팀을 통해 신청,방문신청,,농산유통과/061-860-5951,https://www.gov.kr/portal/rcvfvrSvc/dtlEx/491000000109,820,귀농
492000000115,친환경농업 농가소득 지원,농림축산어업,"친환경농업인에게 볏짚환원, 장려금, 인증비 등 지원","○ 논벼 재배농가 왕우렁이 피해 예방약제 지원 : 왕우렁이 피해 예방을 위하여 약제 비용의 ha당 25만원 지원(보조 80%)

○ 친환경 농산물 생산장려금 지원 
  -  유기농 벼 인증을 받은 농업인에게 ha당 40만원 지원
  -  무농약 벼 인증을 받은 농업인에게 ha당 20만원 지원
  -  친환경 과수채소 농가 생산장려금지원 ha당 50만원 지원
○ 친환경농산물 인증비 지원 : 친환경인증을 받은 농업인에게 인증 소요비용 지원

○ 친환경농업단지 장려금 지원 : 친환경인증을 받은 농업인에 품목 및 단계별에 따라 장려금 지원",,전남광주통합특별시 강진군,시군구,농정과,개인,상시신청,방문신청,,농정과/061-430-3112,https://www.gov.kr/portal/rcvfvrSvc/dtlEx/492000000115,685,"농업,농가"
492000000118,친환경농가 농작물 재해보험료 지원,농림축산어업,친환경농업인에게 농작물 재해보험 가입 시 자부담분 지원,○ 친환경농가 농작물 재해보험 가입시 자부담분(10%) 지원,,전남광주통합특별시 강진군,시군구,농정과,개인,상시신청,방문신청,,농정과/061-430-3117,https://www.gov.kr/portal/rcvfvrSvc/dtlEx/492000000118,578,"농업,농가,농작물"
492000000134,귀농인 지원,농림축산어업,"신청 자격요건을 충족한 귀농인에게 영농기반 시설·장비, 주택수리 지원","○ 귀농인 영농기반 시설·장비 지원(지원50%, 자부담50%)
  사업내용: 농업기반(농업기계, 시설하우스, 축사 등) 확충
      - (농업기반) 작물재배 및 가축사육에 필요한 시설의 설치 또는 리모델링
       - (농업기계) 저온저장고, 농업용 창고 등 
       - (기    타) 유실수 등의 묘목",,전남광주통합특별시 강진군,시군구,농업기술센터,개인,매년 1월 신청 / 신청인원 미달시 사업량 소진시까지 상시신청,방문신청,,강진군농업기술센터 귀농지원팀팀/061-430-3645~7,https://www.gov.kr/portal/rcvfvrSvc/dtlEx/492000000134,650,"귀농,농업,영농"
493000000129,노지채소 친환경 자재 및 칼슘유황 비료 지원,농림축산어업,노지채소 재배농가에 친환경자재 및 칼슘유황 비료 지원,○ 노지채소 품질향상을 위한 친환경자재 및 칼슘유황 비료 지원,,전남광주통합특별시 해남군,시군구,농정과,개인,2024.02.01~2024.02.29,방문신청,,농정과/061-530-5383,https://www.gov.kr/portal/rcvfvrSvc/dtlEx/493000000129,556,농가
493000000132,지역화폐(해남사랑상품권),행정·안전,"소비자에게 할인 및 소득공제 혜택, 가맹점에 수수료 절감 혜택 등 제공","○ 소비자
 - 구입시 5~10%할인구매(한도: 월 50~70만원, 특별한 경우 100만원), 연말정산 시 소득공제 30% 
 ※ 할인혜택은 특판행사에 따라 변동될 수 있음

○ 가맹점 
 - 지류상품권 결제시 카드수수료 절감, 가맹점 매출증대",,전남광주통합특별시 해남군,시군구,농촌경제과,개인,상시신청,방문신청,,경제산업과/061-530-5352,https://www.gov.kr/portal/rcvfvrSvc/dtlEx/493000000132,3438,농촌
493000000137,소상공인 지원,고용·창업,"소상공인에게 대출 수수료, 점포환경개선, 카드수수료 지원","○ 업체당 3천만원 이내(2년거치, 일시상환) 2년간 3%(연 최대 150만원)

○ 특례보증 대출 수수료(0.8%) 지원 (업체당 최대 30만원)

○ 점포환경(간판교체, 내부 집기류 등), 판매시스템, 위생, 안전관리 등 지원

○ 배달대행업체 이용 시 발행하는 배달수수료 등 지원

○ 해남사랑카드상품권 가맹점 카드수수료 지원

○ 소상공인 풍수해보험료 자부담금 일부 또는 전액 지원",,전남광주통합특별시 해남군,시군구,농촌경제과,소상공인,상시신청,방문신청,,경제산업과/061-530-5353,https://www.gov.kr/portal/rcvfvrSvc/dtlEx/493000000137,1196,농촌
493000000154,영농 창업지원 상품권 지원,농림축산어업,귀농 후 농업인에게 초기정착금 지원,"○ 귀농 초기정착금 지원 
    - 해남사랑상품권 100만원",,전남광주통합특별시 해남군,시군구,농업기술센터,개인,상시신청,방문신청,,농업기술센터 귀농귀촌팀/061-531-4271,https://www.gov.kr/portal/rcvfvrSvc/dtlEx/493000000154,448,"귀농,농업,영농"
493000000155,귀농귀촌인 자녀 학자금 지원,생활안정,"귀농,귀촌,귀향인 자녀 학자금 50만원 지원","○ 귀농,귀촌,귀향인의 관내 초,중,고에 재학중인 자녀에게 학자금 지원
   - 학자금 50만원 지원(연 1회/최대 3회)",,전남광주통합특별시 해남군,시군구,농업기술센터,개인||가구,상시신청,방문신청,,농업기술센터 귀농귀촌팀/061-531-4271,https://www.gov.kr/portal/rcvfvrSvc/dtlEx/493000000155,523,"귀농,귀촌,농업"
493000000156,귀농귀촌인 이사비용 지원,주거·자립,"전입일로부터 1년이내의 귀농,귀촌,귀향인에게 이사관련 비용 70만원 한도 내 지원 ","○ 해남군 전입일로부터 1년 이내의 귀농,귀촌,귀향인에게 이사관련 비용 지원
   - 이사완료 후 선 결제한 금액 중 70만원 한도 내에서 지원(최대 70만원)",,전남광주통합특별시 해남군,시군구,농업기술센터,개인,상시신청,방문신청,,농업기술센터 귀농귀촌팀/061-531-4271,https://www.gov.kr/portal/rcvfvrSvc/dtlEx/493000000156,646,"귀농,귀촌,농업"
494000000103,무화과 재배농가 농기자재 지원,농림축산어업,"무화과 재배농가에 관수관비시설, 지주시설 등 농기자재 지원","- 관수관비, 지주시설 등 생산기반시설 설치 지원
- 잡초방지 부직포",,전남광주통합특별시 영암군,시군구,농업정책과,개인,매년 1월(예정) ,방문신청,,농업정책과 원예특작팀/061-470-2384,https://www.gov.kr/portal/rcvfvrSvc/dtlEx/494000000103,799,"농업,농가"
494000000105,농번기 마을공동급식 지원,농림축산어업,관내 마을에 농번기 공동급식 지원,"○ 농번기 마을 공동급식 지원

○ 마을별로 농번기(4~6월, 9~11월)에 공동급식을 실시하고 그에 따른 인건비 및 부식비 지급

○ 지원금액 : 중위 242만원(부식비 129.5만, 인건비 112.5만)
  ※ 마을당 농가수에 비례하여 중위기준 지원금액의 10%씩 차등지급 (하위 30% : 217.8   중위 : 242   상위 30% : 266.2)",,전남광주통합특별시 영암군,시군구,농업정책과,법인/시설/단체,사업신청 안내 시( 2~3월),방문신청,,영암군청영암군청 농업정책과/061-470-2813,https://www.gov.kr/portal/rcvfvrSvc/dtlEx/494000000105,618,"농업,농가"
494000000106,권장품종 수매 장려금 지원,농림축산어업,농협 권장품종 출하 농가에 수매 장려금 지원,○ 농협 권장품종을 출하한 농가에 장려금 지원,,전남광주통합특별시 영암군,시군구,농업정책과,개인,사업계획 시달 시기에 따라 상이(농협 일괄신청),방문신청,,영암군청 영암군청 농업정책과/061-470-2501,https://www.gov.kr/portal/rcvfvrSvc/dtlEx/494000000106,671,"농업,농가"
494000000108,원예용 중형관정 지원,농림축산어업,원예 및 과수재배 농업인에게 원예용 중형관정 지원,원예 및 과수재배 농업인에게 원예용 중형관정 지원,,전남광주통합특별시 영암군,시군구,농업정책과,개인,매년 1월(예정),방문신청,,농업정책과 원예특작팀/061-470-2382,https://www.gov.kr/portal/rcvfvrSvc/dtlEx/494000000108,682,농업
494000000112,로컬푸드 출하농가 생산장려금 지원,농림축산어업,로컬푸드 출하농가에 생산장려금 지원,○ 생산장려금 지원 : 영암군 관내 로컬푸드 직매장에 출하한 농산물 매출액의 5%를 농가에 지원,,전남광주통합특별시 영암군,시군구,농축산유통과,개인,상시신청,신청불필요,,영암군청 농축산유통과/061-470-2376,https://www.gov.kr/portal/rcvfvrSvc/dtlEx/494000000112,820,농가
494000000117,귀농정착금 지원,생활안정,귀농인에게 정착금 지원,"○ 별도의 심사를 통해 선정된 대상자 선정 

○ 선정대상자는 신청 후 3개월이 지난 익월부터 매월 30만원을 3년간 월단위로 지급",,전남광주통합특별시 영암군,시군구,인구청년과,개인,상시신청,방문신청,,영암군청 인구청년과 귀농귀촌팀/061-470-2557,https://www.gov.kr/portal/rcvfvrSvc/dtlEx/494000000117,993,귀농
494000000127,농기계 구입 지원,농림축산어업,선정된 농가에 농기계 구입비 일부 지원,○ 노동력 절감을 위한 농기계 구입 지원,,전남광주통합특별시 영암군,시군구,농업정책과,개인,전년도 11~12월 中,방문신청,,영암군청 농업정책과/061-470-2368,https://www.gov.kr/portal/rcvfvrSvc/dtlEx/494000000127,701,"농업,농가"
494000000129,신소득 특화작목 육성사업,농림축산어업,"○ 지원내용 : 묘목구입, 농자재, 농기계 등 지원","○ 지원품목 : 딸기, 친환경버섯, 블루베리, 체리
○ 지원내용 : 묘목구입, 농자재, 농기계 등 지원",,전남광주통합특별시 영암군,시군구,농업정책과,개인,매년 1월(예정) ,방문신청,,농업정책과 원예특작팀/061-470-2383,https://www.gov.kr/portal/rcvfvrSvc/dtlEx/494000000129,547,농업
494000000136,농업용 드론 지원,농림축산어업,공동방제계약 체결 단체 등에게 농업용 드론 구입 지원,○ 벼 병해충방제를 위한 농업용 드론 구입 지원,,전남광주통합특별시 영암군,시군구,농업정책과,개인,전년도11~ 1월 中,방문신청,,영암군청 농업정책과/061-470-2368,https://www.gov.kr/portal/rcvfvrSvc/dtlEx/494000000136,1070,농업
494000000163,대봉감 병해충 방제약제 지원,농림축산어업,대봉감 재배농가에 병해충 방제를 위한 약제 지원,대봉감 재배농가에 병해충 방제를 위한 약제 지원,,전남광주통합특별시 영암군,시군구,산림휴양과,개인,연초~ 예산 소진시,방문신청,,산림휴양과/061-470-2422,https://www.gov.kr/portal/rcvfvrSvc/dtlEx/494000000163,854,농가
494000000168,내수면어선 노후기관 대체지원,농림축산어업,내수면 허가어선의 노후기관기관 대체비 지원,○ 내수면 허가어선의 노후기관 대체비 지원,,전남광주통합특별시 영암군,시군구,농업정책과,개인,상반기 사업 신청 공고 후 신청가능,방문신청,,영암군청 농업정책과/061-470-2196,https://www.gov.kr/portal/rcvfvrSvc/dtlEx/494000000168,491,농업
494000000169,내수면 양식기자재 지원,농림축산어업,"군비 50%, 자부담 50%",○ 양식기자재 구입비 지원,,전남광주통합특별시 영암군,시군구,농업정책과,개인,상반기 사업 신청 공고 후 신청가능,방문신청,,영암군청 농업정책과/061-470-2196,https://www.gov.kr/portal/rcvfvrSvc/dtlEx/494000000169,588,농업
494000000170,연안어선 노후기관 대체,농림축산어업,연안어업 허가어선 노후기관 대체비 지원,○ 연안어업 허가어선의 노후기관 대체비 지원,,전남광주통합특별시 영암군,시군구,농업정책과,개인,상반기 사업 신청 공고 후 신청가능,방문신청,,영암군청 농업정책과/061-470-2196,https://www.gov.kr/portal/rcvfvrSvc/dtlEx/494000000170,544,농업
494000000180,어르신 등 체험활동 건강꾸러미 지원,농림축산어업,복지시설 이용자를 대상으로 실외 현장활동을 대체 할 수 있는 체험활동 꾸러미 제공,"○ 지원대상 : 관내 노인, 장애인, 아동 등 취약계층이 이용하는 복지시설(경로당 지원가능)
○ 지원내용: 도내 복지시설에 농촌융복합산업 체험활동 꾸러미 구입비용 지원
○ 지원절차: 사업신청(시설→군) ▶ 대상확정 ▶ 꾸러미구입(시설→남도장터) ▶ 정산요청(시설→군)▶ 정산(군→시설)
○ 총사업비 : 85,100천원(도비 40%, 군비 60%)   *자부담 없음",,전남광주통합특별시 영암군,시군구,농축산유통과,법인/시설/단체,상시신청,방문신청,,농축산유통과/061-470-2076,https://www.gov.kr/portal/rcvfvrSvc/dtlEx/494000000180,381,농촌
494000000181,GAP인증농가 신청수수료 지원,농림축산어업,인증심사 시 필요한 수수료 및 심사원의 출장비를 지원하여 농가 부담 경감 및 인증농가 확대,"○ GAP인증 신청 수수료 지원
 - GAP(우수관리인증)을 받은 농업인, 생산자단체
 - 수수료 및 출장비 지원",,전남광주통합특별시 영암군,시군구,농축산유통과,개인,상시신청,방문신청,,농식품미래산업팀/061-470-2381,https://www.gov.kr/portal/rcvfvrSvc/dtlEx/494000000181,476,"농업,농가"
494000000182,수출용 소모품 자재 구입비 지원,농림축산어업,영암군 생산 농산물 수출농가(법인)에 수출용 소모품자재 구입비를 지원,"○ 수출용 소모품자재 구입비 지원
  -영암군 생산 농산물 수출농가(법인)에 수출용 소모품자재 구입비 지원
    · 수출용 파렛트, 박스, 포장비닐 등 소모품",,전남광주통합특별시 영암군,시군구,농축산유통과,개인||법인/시설/단체,2023.01.01~2023.12.22,방문신청,,농식품유통과/061-470-2603,https://www.gov.kr/portal/rcvfvrSvc/dtlEx/494000000182,285,농가
494000000184,농산물 택배비 지원,농림축산어업,영암 농특산물의 판매를 위해 발송한 택배비 일부 지원,"○ 사업기간 : 2024. 1. 1. ~ 12. 15.

○ 신청기간 : 5. 1. ~ 5. 31.

○ 지원단가 : 건당 최대 2,000원

○ 총사업비 : 200,000천원 (군비 100%)

○ 지원범위 : 농가당 최소 100건 이상 ~ 최대 1,000건 이하
      * 예산액 초과 시 보조비율은 변경될 수 있음

○ 사업대상 : 관내 농업인, 영농조합법인 등

○ 지원품목 : 관내 생산 농특산물, 가공식품(원재료 영암산 50% 이상)

○ 사업내용 : 영암 농특산물의 판매를 위해 발송한 택배비 일부 지원

○ 지원제외
   - 유통업자, 도소매 상인은 지원 제외(※농산물 꾸러미 판매업체에 한하여 지원가능)
   - 대봉감, 수산물, 절임배추 등 타 보조사업과 중복금지
   - 택배 발송시 품목명 반드시 기재(물품 미기재, 농산물로 기재 시 지원 불가)
   - 친·인척에게 농산물을 무상으로 발송하는 경우
   - 구매자(소비자)로부터 택배비를 받은 경우(선불, 착불)",,전남광주통합특별시 영암군,시군구,농축산유통과,개인||법인/시설/단체,2024.05.01~2024.05.31,방문신청,,농축산유통과/061-470-2051,https://www.gov.kr/portal/rcvfvrSvc/dtlEx/494000000184,295,"농업,영농,농가"
494000000192,농산물 저온저장고 설치지원,농림축산어업,원예농산물 재배농가 저온저장고 지원을 통해 농산물 상품성 향상 및 출하조절로 소득증대 도모,"○ 소형 저온저장고 설치 지원사업
 - 1동 기준 9.9~33㎡ 규모의 컨테이너 판넬식 냉장, 냉동 저온저장고 설치
 - 농산물 재배농가

○ 중형 저온저장고 설치 지원사업
 - 66~165㎡ 이내 철골조 냉동, 냉장 저온저장고 설치비 지원
 - 농산물 재배농가, 농업법인, 생산자단체",,전남광주통합특별시 영암군,시군구,농축산유통과,개인,2023.01.16~2023.01.31,방문신청,,농식품미래산업팀/061-470-2381,https://www.gov.kr/portal/rcvfvrSvc/dtlEx/494000000192,255,"농업,농가"
494000000267,과수생육회복 영양제 지원,농림축산어업,"배, 단감  농가에 생육회복을 위한 영양제 지원","배, 단감  농가에 생육회복을 위한 영양제 지원",,전남광주통합특별시 영암군,시군구,농업정책과,개인||법인/시설/단체,매년 1월(예정),방문신청,,농업정책과 원예특작팀/061-470-2384,https://www.gov.kr/portal/rcvfvrSvc/dtlEx/494000000267,589,"농업,농가"
495000000415,농산물 생산비절감 지원,농림축산어업,"농업인 등에게 농업용 드론, 지게차, 곡물건조기 등 농기계 지원","○ 농산물 생산비 절감 농기계(농업용 드론, 지게차, 곡물건조기 등) 구입비의 50% 지원",,전남광주통합특별시 무안군,시군구,식량원예과,개인,매년 연초,방문신청,,식량원예과/061-450-4062,https://www.gov.kr/portal/rcvfvrSvc/dtlEx/495000000415,656,농업
495000000416,귀농인 농가주택 수리비 지원,주거·자립,귀농인의 노후 농가주택 수리비 지원,"○ 귀농인 거주 노후 농가주택 수리비 지원
 - 지원한도 : 개소 당 1,000만원(군비 800만원, 자담 200만원) / 추가사업비 자부담 처리",,전남광주통합특별시 무안군,시군구,인구정책과,개인,연초(1~2월),방문신청,,농촌지원과/061-450-4054,https://www.gov.kr/portal/rcvfvrSvc/dtlEx/495000000416,625,"귀농,농가"
495000000425,귀농인 정착 지원,생활안정,귀농인에게 농업관련 시설 설치 및 장비 구입 지원,"○ 농업관련 시설 설치 및 장비 구입 지원
 - 대상 장비 : 하우스, 저장고, 농기계, 농업용 창고, 축사 개·보수 등
 - 지원한도 : 개소 당 2,000만원(군비 1,600만원, 자담 400만원) /추가사업비 자부담 처리",,전남광주통합특별시 무안군,시군구,인구정책과,개인,연초(1~2월),방문신청,,농촌지원과/061-450-4054,https://www.gov.kr/portal/rcvfvrSvc/dtlEx/495000000425,586,"귀농,농업"
495000000428,과수 생산 기반 구축 지원사업,농림축산어업,"과수재배 농업인에게 과수 생산에 필요한 시설, 장비 및 농기계 지원","○ 고품질 과수 생산을 위한 시설, 장비 및 농기계 지원
 - 시설, 장비, 농기계 등 구입비 50% 지원",,전남광주통합특별시 무안군,시군구,식량원예과,개인,상시신청,방문신청,,식량원예과/061-450-4069,https://www.gov.kr/portal/rcvfvrSvc/dtlEx/495000000428,856,농업
495000000432,밭작물 친환경농산물 생산 장려금 지원,농림축산어업,밭작물 친환경인증 재배농가에 생산장려금 지원,"○ 밭작물 친환경농산물 재배농가 생산장려금 지원

○ 지원대상 : 밭작물 친환경농산물을 재배하고 친환경 인증을 받은 농업경영체정보를 등록한 농업인 및 법인

○ 지원단가 : 유기인증 60만원/ha, 무농약 인증 30만원/ha",,전남광주통합특별시 무안군,시군구,식량원예과,개인,사업추진계획 시달에 따른 접수기간에 신청,방문신청,,식량원예과/061-450-4072,https://www.gov.kr/portal/rcvfvrSvc/dtlEx/495000000432,926,"농업,농가"
496000000106,친환경 완초재배 지원,농림축산어업,완초재배 희망농가에 완초재배 및 박피 인건비 일부 지원,○ 완초재배 및 박피 인건비 일부 지원,,전남광주통합특별시 함평군,시군구,농업정책실,개인,2025. 1. 13. ~ 2025. 2. 7.,방문신청,,농업정책실/061-320-1874,https://www.gov.kr/portal/rcvfvrSvc/dtlEx/496000000106,507,"농업,농가"
496000000113,귀농인 정착 지원,농림축산어업,"귀농인에게 농지 및 농기계구입, 주택리모델링 등 지원","○ 농지구입, 농기계구입, 저장고설치, 하우스 설치

○ 주택 리모델링, 보일러, 화장실, 지붕, 부엌 등 교체 및 수리",,전남광주통합특별시 함평군,시군구,농어촌공동체과,개인,접수기관 별 상이,방문신청,,농어촌공동체과/061-320-2133,https://www.gov.kr/portal/rcvfvrSvc/dtlEx/496000000113,637,"귀농,농지"
496000000122,친환경 농산물 인증비 지원,농림축산어업,친환경농산물 인증농가에 인증비용 80% 지원,"○ 개인, 단체인증 소요비용(신청비, 출장비, 심사관리비, 잔류농약분석비)의 항목별 실소요액(지원한도) 80% 지원",,전남광주통합특별시 함평군,시군구,농업정책실,개인,상시신청,방문신청,,농업정책실/061-320-1863,https://www.gov.kr/portal/rcvfvrSvc/dtlEx/496000000122,632,"농업,농가"
497000000110,청년농업인 영농정착 지원,농림축산어업,청년농업인에게 영농기반 시설 지원,농협 청년농업희망카드를 발급하여 바우처 방식으로 사업대상자에게 영농정착지원금 지급,,전남광주통합특별시 영광군,시군구,농업기술센터,개인,연도별 상이,기타 온라인신청||방문신청,,농업기술센터/061-350-4832,https://www.gov.kr/portal/rcvfvrSvc/dtlEx/497000000110,743,"농업,영농"
497000000112,귀농귀촌인 지원,농림축산어업,"귀농인 융자, 주거, 영농기반, 기술 교육 등 안정적 정착을 위한 지원  ","○ 귀농 농업창업 및 주택구입 지원(융자)
○ 귀농인 농가주택 수리비 지원
○ 귀농인 창업농(영농기반) 지원
○ 귀농창업 활성화 지원
○ 신규농업인 현장실습교육
○ 신규농업인 기초영농기술교육
○ 전남형 만원 세컨하우스 지원
○ 귀농인의 집 운영
○ 전남(농촌)에서 살아보기",,전남광주통합특별시 영광군,시군구,농업기술센터,개인,"연1회(1~2월, 필요시 추가 모집)",방문신청,,농업기술센터/061-350-5574||농업기술센터/061-350-4993||농업기술센터/061-350-5576,https://www.gov.kr/portal/rcvfvrSvc/dtlEx/497000000112,1068,"귀농,귀촌,농업,영농,농촌,농가"
498000000101,소 사육농가 사양관리 개선제 지원,농림축산어업,소 사육농가에 대체모유 및 미네랄블럭 등 지원,○ 송아지 질병향상성 제고를 위한 대체모유 및 미네랄 블럭 등 지원,,전남광주통합특별시 장성군,시군구,농업축산과,개인,2026. 1. ~ 3.,방문신청,,건설농정국 농업축산과/061-390-8420,https://www.gov.kr/portal/rcvfvrSvc/dtlEx/498000000101,506,"농업,농가"
498000000112,소 사육농가 경쟁력 제고,농림축산어업,"축산농가에 도우미(헬퍼) 지원, 퇴비 부숙관리 지원 및 우량정액 공급","○ 축산농가의 애·경사, 국내·외 여행시 축산도우미 지원
○ 축산농가 퇴비 부숙관리 지원
○ 우량정액 공급 지원",,전남광주통합특별시 장성군,시군구,농업축산과,개인,2026. 1. ~ 3.,방문신청,,건설농정국 농업축산과/061-390-8420,https://www.gov.kr/portal/rcvfvrSvc/dtlEx/498000000112,614,"농업,농가"
498000000127,원예관정 지원,생활안정,농업인에게 원예관정 지원,"○ 관개용수가 부족한 지역에 원예관정 지원으로 양호한 수원개발

○ 고소득 시설하우스, 과수, 채소, 특용작물 용수원 개발 지원

○ 지원단가
 - 소형 관정 : 2,500천원/공
 - 중형 관정 : 8,000천원/공",,전남광주통합특별시 장성군,시군구,농산유통과,개인,2024.01.10~2024.02.02,방문신청,,건설산업국 농업유통과/061-390-8450,https://www.gov.kr/portal/rcvfvrSvc/dtlEx/498000000127,593,농업
499000000124,소규모 농축산물 제조 가공 시설 기반 지원,생활안정,"농촌융복합산업 실천 농가 등을 대상으로 제조, 가공시설 및 장비류 지원","○ 융복합산업화를 위한 농식품 제조, 가공 시설 및 기계 장비류 지원
 - 최대 10,000천원 이내에 보조 70%, 자부담 30%",,전남광주통합특별시 완도군,시군구,농업축산과,개인,상시신청,방문신청,,농업축산과/061-550-5732,https://www.gov.kr/portal/rcvfvrSvc/dtlEx/499000000124,620,"농업,농촌,농가"
499000000137,귀농어 귀촌인 정착 및 주택수리비 지원,주거·자립,"정착지원, 주택수리비 지원(5백만원)","<사업대상자>
  ❍ (귀농어업인) 관내 전입일 기준으로 농어촌 외의 지역에서 직전 1년 이상 「주민등록법」에 따른 주민등록이 되어있던 사람이 농어업 이외의 산업에 종사하다가 농어업인이 되기 위하여 완도군으로 전입신고를 하고 실제 농어업에 종사하는 사람
  ❍ (귀촌인) 관내 전입일 기준으로 농어촌 외의 지역에서 직전 1년 이상 「주민등록법」에 따른 주민등록이 되어있던 사람이 농어업 이외의 산업에 종사하다가 완도군으로 이주하여 전입신고를 하고 거주한 사람
    ※ 다만, 상속으로 인해 농지를 소유하여 농지대장(농지원부)을 보유하게 되었으나, 타인에게 임대하여 자신이 실제 영농에 종사하지 않았음을 입증하는 경우 영농 이력이 없는 것으로 간주
       (농지법 제23조 제1항 7호 가목에 따라 상속으로 1만 제곱미터 초과의 농지를 소유하고 있는 경우는 농어촌공사에 위탁하여 임대 또는 무상사용 하게 한 경우만 해당)

<지원자격 및 요건>
  ❍ 전입일 기준 6개월이 지나고 5년이 경과하지 않은 세대주
  ❍ 농어업인의 경우 : 농ㆍ어업경영체 등록을 한 자
     ※ 농어촌 지역으로 이주한 후 다른 지역의 농어촌 지역으로 이주한 경우는 이주 전 지역의 거주기간을 제한하지 않음
  ❍ 최근 5년 이내에 귀어귀촌종합센터, 농업교육포털, 해양수산부, 농림축산식품부, 국립수산과학원, 농촌진흥청, 산림청, 지자체 등이 주관 또는 위탁하는 교육을 20시간 이상 이수한 자

<지원금의 사용용도>   ※ 정착지원 또는 주택수리비 중 택1
  ❍ 정착지원(5백만원) : 규모확대, 시설확충 및 개․보수
     ※ 귀촌인은 정착지원금 제외, 주택수리비만 가능
  ❍ 주택수리비(5백만원) : 본인소유 주택 및 부속시설*을 리모델링
     ※ 임대차계약기간이 5년 이상인 경우에만 가능
     * 부속시설: 주택과 동일한 지번에 소재하고 실거주와 직접 관련있는 시설물에 한하여 지원가능 / 예) 주택용도 확장목적으로 생활물품 보관 창고 등",,전남광주통합특별시 완도군,시군구,인구일자리정책실,개인||가구, 매년 1~2월 보조사업자 모집 공고시 읍면사무소에 신청,방문신청,,인구일자리정책실/061-550-5091,https://www.gov.kr/portal/rcvfvrSvc/dtlEx/499000000137,659,"귀농,귀촌,농업,영농,농촌,농지"
500000000115,귀농어인 정착 지원,농림축산어업,귀농어인에게 시설설치 및 가공관련 등 지원,"○ 시설설치, 가공관련, 기타지원 등
 - 시설설치 : 하우스 및 온실, 재배사, 저장시설(저온저장고 등), 관수시설, 양식장 시설 등 영농어기반 시설의 설치
 - 가공관련 : 농수산물 가공·제조용 기계구입 및 가공·유통 시설 등
 - 기타 : 농어업용 기계 및 기타영농어에 필요한 장비, 시설 등",,전남광주통합특별시 진도군,시군구,인구정책실,개인,2026.01.15~2026.01.29,방문신청,,인구정책실 귀농귀촌팀/061-540-3842,https://www.gov.kr/portal/rcvfvrSvc/dtlEx/500000000115,673,"귀농,영농"
500000000116,귀농어귀촌인 농가주택 수리비 지원,생활안정,귀농어귀촌인에게 농가주택 수리비 지원,"○ 주택내부 리모델링, 화장실, 지붕개보수 공사 등 귀농어귀촌인 농가주택 수리비 지원",,전남광주통합특별시 진도군,시군구,인구정책실,개인,2026.01.15~2026.01.29,방문신청,,인구정책실 귀농귀촌팀/061-540-3842,https://www.gov.kr/portal/rcvfvrSvc/dtlEx/500000000116,642,"귀농,귀촌,농가"
500000000117,귀농어인 청장년 창농어 지원,농림축산어업,청장년 귀농어인 대상 시설 설치 및 가공관련 등 지원,"○ 시설설치 및 가공관련, 기타지원 등
 - 시설설치 : 하우스 및 온실, 재배사, 저장실설(저온저장고 등), 관수시설, 양식장 시설 등 영농어기반 시설의 설치
 - 가공관련 : 농수산물 가공·제조용 기계구입 및 가공·유통 시설 등
 - 기타 : 농어업용 기계 및 기타 영농어에 필요한 장비, 시설 등",,전남광주통합특별시 진도군,시군구,인구정책실,개인,2026.01.15~2026.01.29,방문신청,,인구정책실 귀농귀촌팀/061-540-3842,https://www.gov.kr/portal/rcvfvrSvc/dtlEx/500000000117,691,"귀농,영농"
500000000119,귀농어귀촌인 이사비용 지원,주거·자립,귀농어귀촌인에게 이사비용 지원,"○ 전입 2년 이내 귀농어귀촌인으로서 주민등록을 이전하고 이사를 완료한 세대주
○ 이사비용 선결제 후 정액 내 실비지원 (최대 1,000천원 지원)",,전남광주통합특별시 진도군,시군구,인구정책실,개인,2026.01.15~2026.01.29,방문신청,,인구정책실 귀농귀촌팀/061-540-3842,https://www.gov.kr/portal/rcvfvrSvc/dtlEx/500000000119,911,"귀농,귀촌"
500000000120,어르신 소농 직불제,농림축산어업,어르신 소농에게 직불금 지원,"○ 어르신 소농 직불금 지원
 - 최대 1ha 40만원",,전남광주통합특별시 진도군,시군구,농업기술센터,개인,10~11월 중,정부24온라인신청||방문신청,,농업지원과 미래농업팀/061-540-3545,https://www.gov.kr/portal/rcvfvrSvc/dtlEx/500000000120,697,농업
500000000123,친환경단지 볏짚환원 장려,농림축산어업,친환경 벼 재배 농업인 등에게 볏짚환원 장려금 지원,"○ 벼 친환경인증 재배 농지 볏짚환원 장려금 지원
 - 20만원/ha",,전남광주통합특별시 진도군,시군구,농업지원과,개인,9월중,방문신청,,농업지원과/061-540-3512,https://www.gov.kr/portal/rcvfvrSvc/dtlEx/500000000123,533,"농업,농지"
500000000127,귀농어인 영농어자재 지원,농림축산어업,귀농어인에게 영농어 필요자재 구입비 지원,"영농어에 필요한 농어자재, 농어기구 구입비 지원 등",,전남광주통합특별시 진도군,시군구,인구정책실,개인,2026.01.15~2026.01.29,방문신청,,인구정책실 귀농귀촌팀/061-540-3842,https://www.gov.kr/portal/rcvfvrSvc/dtlEx/500000000127,725,"귀농,영농"
500000000146,복합민원 사전 상담 예약,행정·안전,복합민원 사전상담 예약을 통하여 방문 대기 시간 단축 및 원스톱 처리로 군민 편의 도모,"❍ 대상사무 : 인·허가 민원(건축, 개발행위, 농지, 환경, 위생) *시범운영 후 확대추진
  ❍ 운영내용 : 복합민원 상담 예약 시 일정 협의 후 상담 진행
                        타 부서 협의 필요시 사전심사청구제 연계 추진
    * 사전심사 청구 시 사업계획서, 사업내용 첨부 필수
  ❍ 운영방법 : 민원봉사과 전담 창구 및 군 홈페이지, 공공앱 예약
   - 오프라인 : 방문‧전화, 평일 09:00~18:00(점심시간 제외), 읍・면 공문 신청 
  - 온 라 인 : 군 누리집 > 전자민원 > 편리한 민원제도 > 복합민원 사전상담 신청
    진도군 공공앱(보배섬 소식통)",,전남광주통합특별시 진도군,시군구,민원봉사과,개인,상시신청,정부24온라인신청||기타 온라인신청||방문신청||직접입력,,민원봉사과/061-540-3603,https://www.gov.kr/portal/rcvfvrSvc/dtlEx/500000000146,402,농지
502000000215,채소생산 기반조성 지원,농림축산어업,채소·특용작물 재배 농업인에게 농자재 지원,○ 채소생산에 필요한 농자재보조지원,,경상북도 포항시,시군구,농업정책과,개인,1 ~ 2 월 중,방문신청,,농업정책과/054-270-2684,https://www.gov.kr/portal/rcvfvrSvc/dtlEx/502000000215,573,농업
502000000219,친환경 농업기반 확대 지원,농림축산어업,친환경 농업인에게 친환경농산물 생산에 필요한 농자재 지원,"○ 친환경농산물 생산 및 곤충사육에 필요한 농자재 보조지원
     - 친환경농산물생산 유기질비료 지원
     - 친환경농산물생산 토양개량제 지원
     - 친환경농산물생산 잡초억제용 피복자재 지원
     - 친환경농산물생산 병해충방제 농자재 지원
     - 곤충사육농가 톱밥, 밀기울 지원",,경상북도 포항시,시군구,농업정책과,개인,1월 1일 ~ 1월 15일,방문신청,,농업정책과/054-270-2683,https://www.gov.kr/portal/rcvfvrSvc/dtlEx/502000000219,630,"농업,농가"
505000000105,원예소득작목 육성지원,농림축산어업,"채소특작 재배 농가에 시설하우스 현대화, 생력화 기계장비 등 지원","○ 채소특작 재배농가에 시설하우스 현대화, 밭작물 경쟁력 강화, 생력화 기계장비 등을 지원하여 경영비 절감 및 생산성 향상 도모",,경상북도 경주시,시군구,농업정책과,개인,상시신청,방문신청,,농업정책과/054-779-6278,https://www.gov.kr/portal/rcvfvrSvc/dtlEx/505000000105,621,"농업,농가"
505000000107,출산 농어가 농작업 지원,임신·출산,출산한 전업여성농어업인에게 농어작업 도우미 인건비 지원,"○ 농어촌지역에 거주하는 전업여성농어업인으로 농어가도우미지원사업 종료 후 연속하여 농어작업 도우미 인건비 80%를 최대 275일간 지원(63,100원/일)

○ 관내 출산한 여성농어업인들에 최소 1년간 농어작업 도우미 인건비를 지원하여 모성보호 및 삶의 질 향상 도모""",,경상북도 경주시,시군구,농업정책과,개인,상시신청,방문신청,,농업정책과/054-779-6996,https://www.gov.kr/portal/rcvfvrSvc/dtlEx/505000000107,594,농업
505000000133,민속채소·양채류 육성지원,농림축산어업,민속채소·양채류 재배농가에 생산기반 확충 및 품질 고급화를 위한 시설·장비 지원,○ 새로운 대체작목 육성 및 확대를 통해 농가의 신소득원을 마련하고 지역원예산업 경쟁력 제고,,경상북도 경주시,시군구,농업정책과,개인,상시신청,방문신청,,경주시 농업정책과/054-779-6278,https://www.gov.kr/portal/rcvfvrSvc/dtlEx/505000000133,515,"농업,농가"
506000000107,농가주택 수리비지원,농림축산어업,전입한 귀농인에게 영농기반 조성자금 지원,"○ 농가주택 수리비지원 : 귀농인이 농촌지역에 안정적으로 정착하여 영농에 종사할 수 있도록 주거환경 개선 지원
 - 주택 리모델링, 지붕 및 화장실 개량 등",,경상북도 김천시,시군구,농촌지원과,개인,상시신청,방문신청,,농촌지도과/054-421-2553,https://www.gov.kr/portal/rcvfvrSvc/dtlEx/506000000107,791,"귀농,영농,농촌,농가"
506000000120,원예소득작목 육성지원,농림축산어업,"채소, 특작 재배 농업인 등에게 내재해형 단동하우스 등 시설 지원","○ 사업대상자 : 채소, 특작 재배(예정) 농업인 등

○ 지원조건 : 도비 15%. 시비 35, 자부담 50

○ 지원내용 : 내재해형 단동하우스, 하우스 자동개폐기, po장기성필름, 스프링클러,이동식저온저장고 등 시설 원예 현대화 지원",,경상북도 김천시,시군구,스마트농업과,개인,1월중,방문신청,,농업정책과 과수원예팀/054-421-2512,https://www.gov.kr/portal/rcvfvrSvc/dtlEx/506000000120,514,농업
506000000136,인구증가시책 지원금,생활안정,"김천시 신규 전입 후 6개월이 지난 학생,직장인,귀농세대에 인구증가시책 지원금 지급","○전입지원금(20만원, 김천사랑카드로 지급)
  -관내 중학교, 고등학교 및 대학교 진학하며 김천에 신규 전입한 학생(재학생)
  -관내 기관 및 기업체에 다니며 김천에 신규 전입한 임직원(개인사업자도 가능)
   ※ 전입신고 6개월 이내에 재직(사업자등록ㆍ재학) 확인이 되어야 함
  -귀농자 세대(근거조례 제3조 정의에 따름)
   ※ 2020.1.1.이후 전입세대부터 해당
○전입축하금(5만원, 김천사랑카드로 지급)
  -전입지원금 대상이 되지 않는 2인이상 신규 전입 세대(동거인은 세대원 수에 포함하지 않음)
   ※ 2020.1.1.이후 전입세대부터 해당
○기숙사비지원금(30만원, 계좌로 지급)
  -타지역에서 김천시 관내 중학교, 고등학교 및 대학교로 진학 후 전입하여 기숙사(전월세 임대주택 포함)에 거주하는 재(휴)학생
   ※ 중학생 때 전입하여 주거비를 지원받았던 학생이 관내 고등학교로 진학하여 계속 주소를 두고 거주할 경우, 연장 지원 가능",,경상북도 김천시,시군구,인구정책과,개인,상시신청,기타 온라인신청||방문신청,,기획예산실 인구정책팀/054-420-6708,https://www.gov.kr/portal/rcvfvrSvc/dtlEx/506000000136,1853,귀농
507000000642,농업인 건강보험료 지원,농림축산어업,농업인 대상으로 건강보험료 지원 (보험료 부과액에 따라 차등지급),"○ 건강보험료 부과점수에 따라 차등지원(국민건강보험법 상 농어촌지역 보험료 22% 별도 경감)
 - 건강보험료 부과액 380,920원 미만 : 정률지원(건강보험료의 28% 지원)
 - 건강보험료 부과액 380,920원 이상 ~ 528,970원 미만: 정액지원(보험료 부과액 380,920원에 해당하는 건강보험료의 28%)
 - 건강보험료 부과액 528,970원 이상 : 지원제외","<지원대상>
건강보험 지역가입자(세대) 중 주소지가 농촌 또는 준농촌 지역에 해당하면서 농업, 축산, 임업에 종사하는 자

<제외대상>
건강보험료 부과액 528,970원 이상 농업인",농림축산식품부,중앙행정기관,농촌사회서비스과,가구,상시신청,방문신청,국민건강보험공단 지사,국민건강보험공단/1577-1000,https://www.gov.kr/portal/rcvfvrSvc/dtlEx/507000000642,47302,"농업,농촌"
507000000746,농장출입구 소독장비 지원,농림축산어업,축산농가에 농장출입구 소독장비 세트 지원,○ 농장출입구 소독장비 28세트 지원,,경상북도 안동시,시군구,축산과,개인,상시신청,방문신청,,안동시 농업기술센터 축산과/054-840-5493,https://www.gov.kr/portal/rcvfvrSvc/dtlEx/507000000746,869,농가
507000000747,폐사축 처리기 설치 지원,농림축산어업,축산농가에 폐사축 처리기 지원,○ 폐사축 처리기 2대 지원,,경상북도 안동시,시군구,축산과,개인,상시신청,방문신청,,안동시 농업기술센터 축산과/054-840-5493,https://www.gov.kr/portal/rcvfvrSvc/dtlEx/507000000747,662,농가
507000000749,귀농인 이사비용 지원,주거·자립,귀농인에게 이사목적의 차량 임차 및 관련 비용 지원,○ 이사목적의 차량 임차 및 관련 비용,,경상북도 안동시,시군구,영농지원과,개인,상시신청,정부24온라인신청||방문신청,,안동시청 농정과/054-840-5854,https://www.gov.kr/portal/rcvfvrSvc/dtlEx/507000000749,800,"귀농,영농,농지"
507000000751,친환경 농산물 무농약 지속직불금,농림축산어업,무농약 농가에 친환경농산물 무농약 지속직불금 지원,○ 안동시에 주소를 두고 친환경농업직불금(국비/무농약) 3년 차 이후 계속 무농약 농산물 인증을 유지하고 있는 농가에 정부지원 친환경농업직불금(무농약) 단가의 70% 지원,,경상북도 안동시,시군구,농업정책과,개인,-,방문신청,,농정과/054-840-6268,https://www.gov.kr/portal/rcvfvrSvc/dtlEx/507000000751,612,"농업,농가"
507000000771,친환경 농업 선도농가 육성 지원,농림축산어업,친환경농산물 인증 농업인에게 필요 시설 및 장비 지원,친환경농산물인증을 받은 농업인이 친환경농산물 생산에 필요한 시설이나 장비 지원,,경상북도 안동시,시군구,농업정책과,개인,-,방문신청,,농정과 친환경농업팀/054-840-6268,https://www.gov.kr/portal/rcvfvrSvc/dtlEx/507000000771,577,"농업,농가"
509000000104,귀농인 이사비용 지원,주거·자립,귀농인에게 이사비용 지원,○ 65세 이하로서 영주시를 제외한 농어촌 외의 지역에서 농업 이외의 직종에 종사하며 1년 이상 거주한 자로 영주시 농촌지역으로 가족(부부이상)과 함께 전입한지 1년 이내이며 실제 농업에 종사하는 세대주(세대주가 신청)에게 1세대당 최대 100만원 이내의 이사비용 지원,,경상북도 영주시,시군구,농업정책과,개인,상시신청,방문신청,,농업정책과 귀농귀촌팀/054-639-7322,https://www.gov.kr/portal/rcvfvrSvc/dtlEx/509000000104,638,"귀농,농업,농촌"
509000000108,과수 수출농가 기자재 지원,생활안정,과수 수출농가에 수출용 기자재 구입 지원,○ 과수 수출농가에 수출용 기자재 구입 지원,,경상북도 영주시,시군구,유통지원과,개인,20240301 ~ 20240315,방문신청,,유통지원과/054-639-3958,https://www.gov.kr/portal/rcvfvrSvc/dtlEx/509000000108,744,농가
510000000102,밭작물 폭염(가뭄)피해 예방 지원,농림축산어업,"농업인에게 농업용수 저장시설, 생육환경 개선 시설 등 지원","○ 영천시에 주소를 두고 농업경영체를 등록한  만성적 용수부족으로 어려움을 겪는 밭작물 재배 농업인에게 농업용수 저장시설, 생육환경 개선 시설 지원
 - 지원범위 : 농업용수시설 10톤(2,000천원/대), 5톤(1,000천원/대), 점적관수(400원/㎡), 동분무시설(1,300천원/대), 스프링클러(1,000원/㎡), 차광막(200원/㎡), 자동환풍기(2,400원/㎡)",,경상북도 영천시,시군구,친환경농업과,개인,상시신청,방문신청,,친환경농업과/054-339-7280,https://www.gov.kr/portal/rcvfvrSvc/dtlEx/510000000102,937,농업
510000000126,친환경 농산물 생산장려금 지원사업,농림축산어업,친환경농업 실천에 따른 소득 감소분에 대하여 생산장려금 지원,"○ 영천시에 주소를 두고 농업경영체를 등록한 친환경인증(무농약 이상)농가 대상으로 친환경농산물 생산장려금 지원
  - 지급단가(단위:천원) : 유기(논 550/ha, 과수 1,100/ha, 채소특작 1,000/ha)
                                        무농약(논 400/ha, 과수 950/ha, 채소특작 850/ha)",,경상북도 영천시,시군구,친환경농업과,개인,추후 통보예정,방문신청,,농업기술센터 농업정책과/054-339-7086,https://www.gov.kr/portal/rcvfvrSvc/dtlEx/510000000126,576,"농업,농가"
511000000125,귀농귀촌인 주거임대료 지원사업,주거·자립,상주시 농촌지역으로 전입해 1년 이상 거주한 귀농귀촌인에게 가구원 수 별 주택 임차료 지원,"Ⅰ사업개요

□ 추진목적
   - 귀농ㆍ귀촌 희망자가 농촌지역의 주택 임대에 따른 정주경비를 줄이고 안정적으로 정착할 수 있도록 주거임대료 지원

□ 근거법령
   - 귀농어ㆍ귀촌 활성화 및 지원에 관한 법률 제15조 제2항
   - 상주시 귀농ㆍ귀촌인 육성 및 지원 조례 제14조


Ⅱ사업시행 주요내용

□ 사업대상자
   - 우리 시로 전입하기 직전 타 시ㆍ군 지역에서 1년이상 거주하다가 우리시 농촌지역으로 가족(부부 이상)과 함께 전입한 지 매년 1월 1일 기준 5년 이내인 세대주로서 농가주택을 1년이상 임대하여 거주하고 있는 자  
   ＊ 농촌지역: 농업ㆍ농촌 및 식품산업기본법 제3조 준용
   ＊ 부부 이상: 미혼, 이혼, 사별 등 불가피한 사정인 경우에는 예외로 함
   ＊ 세대주와 세대원의 전입일이 상이한 경우, 오래된 쪽을 기준으로 함

□ 지원내용 및 대상사업
   - 지원내용
    ㆍ사 업 량 : 18~45가구 정도
    ㆍ지원규모 : 세대 당 1,200,000원~3,000,000원
   지원기준
    ㆍ1인 가구: 월100,000원, 총 1,200,000원
    ㆍ2인 가구: 월150,000원, 총 1,800,000원
    ㆍ3인 가구: 월200,000원, 총 2,400,000원
    ㆍ4인 이상 가구: 월250,000원, 총 3,000,000원
      ※ 상기 지원기준 금액을 초과하는 임대료는 자부담이며, 임대료가 지원기준 금액보다 낮을 경우 임대료 지원기준 범위내에서 지급

   - 대상사업
    ㆍ농촌지역의 농가주택에 대하여 1년 이상의 임대차계약을 체결하고 주민등록상 전입신고를 하여 실제 거주하고 있는 세대주 
    ㆍ임대료 지원은 신청일 기준 전월까지의 임대기간에 대하여 지급하되, 1년 단위로 지급
    ㆍ최고 3년까지 지원 가능하며, 2회차 이상 사업 신청시에서는 1년 이하의 기간에 대해서도 지급 가능
    ㆍ임대 농가주택은 건축물관리대장에 등재된 농촌지역 주택에 한함

   - 지원제외
    ㆍ본인 및 배우자의 직계존비속 소유의 농가주택 임대시 지원 제외  
    ㆍ농막, 가설건축물 등 임시 주거시설과 무허가 건축물 등은 지원 제외
    ㆍ근린생활시설(상가 등)과 아파트ㆍ빌라ㆍ원룸 등의 공동주택 제외
    ㆍ귀농귀촌인 주택수리비 지원사업과 중복 지원 제외
    ㆍ귀농귀촌형 공공임대주택단지(공검면 양정리) 내 단독주택 및 창업오피스 지원 제외
    ㆍ공부상 건축물 소유자가 아닌 자와 임대차계약을 체결한 경우 지원 불가. 단, 소유자가 사망한 경우, 그 배우자, 자녀 등 법정 상속인 중 1명이 타 법정상속인의 동의를 받아 임대차계약을 체결한 경우 지원 가능

□ 사업추진 체계 및 절차
   - 신청기간: 연중 수시 접수(사업량 소진시까지)
   - 접 수 처: 주소지 관할 읍ㆍ면ㆍ동 행정복지센터
   - 신청서류
    ㆍ사업신청서[별지 제1호 서식]
    ㆍ주택임대차계약서 사본 
    ㆍ임대료 지급 증명서류(월세 지급내역 통장 사본 등)
   - 사업추진절차
     ① 사업신청(귀농ㆍ귀촌인)
     ② 서류심사 및 현지 확인후 신청서 진달(읍ㆍ면ㆍ동)
     ③ 지원사업 확정 및 통보(시)
     ④ 보조금 교부신청(귀농ㆍ귀촌인)
     ⑤ 보조금 지급

 □ 행정사항
   - 읍ㆍ면ㆍ동장은 지원 자격, 실거주 여부, 주택임대기간 중 세대 구성원 수 등을 확인한(별지 제2호 서식) 후 신청서 제출
   - 귀농인은 귀농ㆍ귀촌인 주거임대료 지원사업 외에 영농기술교육(농업기술센터와 협조), 귀농인 농업창업, 각종 농업관련 지원사업 등의 정보를 제공하여 조기 정착 유도
   귀농ㆍ귀촌인에 대하여 수시 방문 상담을 통하여 고충사항과 애로사항 등을 파악하고 해결하는 등 적극적인 행정으로 탈농촌 방지",,경상북도 상주시,시군구,인구정책실,개인,상시신청,방문신청,,상주시 인구정책실/054-537-7150,https://www.gov.kr/portal/rcvfvrSvc/dtlEx/511000000125,1517,"귀농,귀촌,농업,영농,농촌,농가"
511000000127,농업기술보급시범,농림축산어업,"농업인 등을 대상으로 농자재, 신품종, 장비 등 기술보급","○ 관내 농업인, 또는 농업단체 대상으로 농업신기술보급을 위한 농자재, 신품종, 장비 등 기술보급

 ※ 사업대상인원 충족 및 예산소진 시 서비스 종료
 ※ 사업별 지원제한이 있을 수 있음(재배작목, 소속농업단체 등)",,경상북도 상주시,시군구,농촌지원과,개인||법인/시설/단체,접수기관 별 상이,방문신청,,농촌지원과/054-537-5302||기술보급과/054-537-5402||미래농업과/054-537-5432,https://www.gov.kr/portal/rcvfvrSvc/dtlEx/511000000127,756,"농업,농촌"
511000000133,논타작물 재배 농업인 기자재 지원,농림축산어업,논 타작물 재배 농업인에게 기자재 지원,"○ 벼를 재배하던 논에 타작물(밭작물)을 재배하는 경우 농가당 400만원 이내에서 스프링클러, 양수기 등  지원(보조금 50%, 자부담 50%)
    ∙ 스프링클러: 50천원/132㎡
    ∙ 양수기(호스 등 부속자재 포함): 600천원/세트, 농가당 2대 한도",,경상북도 상주시,시군구,농업정책과,개인,매년 3월 말까지,방문신청,,농업정책과/054-537-7443,https://www.gov.kr/portal/rcvfvrSvc/dtlEx/511000000133,513,"농업,농가"
511000000148,귀농귀촌인 주택수리비 지원사업,주거·자립,농촌지역의 농가주택을 구입·상속·증여로 취득하여 실제 거주하고 있는 자에게 주택수리비 지원,"Ⅰ 사업개요

□ 추진목적
   - 귀농․귀촌 희망자가 농촌지역의 농가주택 입주에 따른 정주경비를 줄이고 안정적으로 정착할 수 있도록 주거환경 개선지원

Ⅱ 사업시행 주요내용

□ 사업대상자
   - 우리 시로 전입하기 전 타 시․군 지역에서 1년 이상 거주하다가 우리 시 농촌지역으로 가족(부부 이상)과 함께 전입한 지 기준일(2025. 1. 1.) 현재 5년 이내인 세대주로서 거주하고 있는 농가주택의 보수․수리가 필요한 자
    ＊ 농촌지역: 농업․농촌 및 식품산업 기본법 제3조 준용
    ＊ 부부 이상: 기혼자의 경우, 부부가 함께 전입하여 실거주하여야 하며,미혼, 이혼, 사별 등의 경우에는 단독 세대 지원 가능
    ＊ 타 시군 – 우리 시 도시지역 – 우리 시 농촌지역으로 전입한 경우 최초 우리 시 도시지역에 전입한 지 5년 이내에 신청하면 가능(신청 당시에는 농촌지역이어야 함)

□ 지원내용 및 대상사업
   - 지원내용
    ㆍ사 업 량 : 20가구
    ㆍ지원규모 : 세대당 12백만원(보조금 6백만원, 자부담 6백만원)
    ㆍ지원비율 : 보조 50%, 자부담 50%

   - 대상사업
    ㆍ농가주택의 수리(도배․장판․보일러 교체, 지붕․부엌․화장실 개량, 담장․마당 정비 등 주거시설의 정비․보수)에 필요한 비용 지원
    ㆍ증축의 겨우 관련 법령 준수
    ㆍ환경관리과의 슬레이트 처리 지원사업으로 슬레이트 지붕 철거지원 대상자로 선정된 경우 해당 슬레이트 철거 내역에 대해 주택수리비 지원 제외

   - 지원요건
    ㆍ농촌지역의 농가주택을 구입·상속·증여로 취득하여 실제 거주하고 있는 자
      ※ 사업대상자는 주택수리가 끝난 날로부터 해당 주택에 만 5년간 실거주 해야 하며, 기간 내에 타 주소로 전출하거나, 타인에게 임대 또는 매도할 경우 사후 관리 규정 위반에 해당됨에 따라 보조금이 환수될 수 있음을 유의
    ㆍ사업신청일 기준 임대 잔여 기한이 5년 이상인 농가주택의 임대차계약을 체결하고 실제 거주하고 있는 자

   - 지원제외
    ㆍ우리 시 농촌지역에서 5년 이상 거주하다 타 지역으로 전출한 후 다시 동일 주택으로 전입하는 경우 지원 제외
    ㆍ농막․가설건축물 등 임시 주거시설과 무허가 건축물은 지원 제외
    ㆍ근린생활시설(상가 등)과 원룸 등 공동주택은 지원 제외
    ㆍ귀농․귀촌인 주택수리비 지원사업 기 수혜대상 및 주거임대료 지원사업 중복신청자는 지원 제외

□ 지원대상자 선정 단계
   - 읍면동장은 사업신청인의 해당 주택 실거주 여부와 사업대상자의 요건을 확인(별지 3호 서식) 후 제출
   대상자가 경합할 경우, 시장은 ① 세대원 수가 더 많은 가구, ② 세대원 수가 동일한 경우 세대주의 연령이 더 낮은 가구, ③ 농촌지역으로 전입한 지 오래된 가구 순으로 선정
   시장은 제출된 사업신청내역을 지방보조금심의위원회 심의를 거쳐 대상자를 선정하고, 10일 이내에 사업대상자에게 선정 결과를 통보

□ 사업추진 체계 및 절차
   - 신청기간 : 사업비 소진 전까지 연중 접수
   - 접 수 처 : 주소지 관할 읍․면․동
   - 신청서류
    ㆍ신청서 1부(별지 제1호 서식)
    ㆍ주택수리사업계획서(별지 제2호 서식)
    ㆍ주민등록(표) 등·초본(담당자 행정정보 공동이용 확인 등)
    ㆍ기타 증빙서류(임대차계약서 사본 등) 첨부
    ※ 등본 상 세대주 1인만 있을 경우 가족관계증명서 첨부",,경상북도 상주시,시군구,인구정책실,개인,매년 상반기 접수(별도 공고 확인 필요),방문신청,,상주시 인구정책실/054-537-7146,https://www.gov.kr/portal/rcvfvrSvc/dtlEx/511000000148,1196,"귀농,귀촌,농업,농촌,농가"
512000000102,여성농업인 농작업 편의장비 지원,농림축산어업,여성농업인에게 농작업 편의장비 구입비 지원,○ 농작업 편의장비 구입비 지원(다용도작업대 등),,경상북도 문경시,시군구,농정과,개인,해당 연도 1월 ,방문신청,,농정과/054-550-6264,https://www.gov.kr/portal/rcvfvrSvc/dtlEx/512000000102,796,농업
512000000109,과수농가 지원,농림축산어업,과수재배 농업인 등에게 농업용 자재 구입비용 일부 지원,"○ 문경시에 주소를 두고 농업경영체를 등록한 농업인, 농업법인, 생산자 단체 등에 과수재배에 필요한 농기계, 포장재 등 농업용 자재 구입비용 일부 지원",,경상북도 문경시,시군구,농정과,개인,상시신청,방문신청,,농정과/054-550-6886,https://www.gov.kr/portal/rcvfvrSvc/dtlEx/512000000109,803,"농업,농가"
512000000110,농산물 유통기반 조성 지원,농림축산어업,"농업 경영체에 장기저장 처리제, 소형 선별기 등 지원","○ 상품 장기저장 처리제 지원 : 관내 산지유통시설에 출하되는 문경사과의 장기저장에 따른 처리비용 일부지원

○ 농가형 소형 선별기 지원 : 농가용 소형 사과선별기 지원

○ 소규모 농식품 가공산업 육성지원 : 지역 농산물을 이용, 제조가공하는 농업경영체에 기계 및 관련 장비 지원",,경상북도 문경시,시군구,유통축산과,개인,매년 1~2월,방문신청,,유통축산과/054-550-6273,https://www.gov.kr/portal/rcvfvrSvc/dtlEx/512000000110,631,"농업,농가"
512000000113,임산물 생산기반 지원,농림축산어업,"각 임산물별 농가를 대상으로 원목, 배지,  묘목, 종자 등 구입 지원","○ 표고 원목 구입비 지원
 - 지원내용 : 표고 원목 구입비 지원(2025년도 신목 구입자)
 - 지원기준
  ㆍ기준금액 : 원목(자가벌채 제외) 본당 5,000원
  ㆍ지원비율 : 보조 50%, 자부담 50%(예산범위 내 조정 가능)
  ㆍ지 원 량 : 330㎡ 당 1,000본 

○ 표고 톱밥배지 구입비 지원
 - 지원내용 : 표고 톱밥배지 구입비 지원
 - 지원기준
  ㆍ기준금액 : 접종배지 680원/kg, 갈변(접종·배양)배지 900원/kg
  ㆍ지원비율 : 보조 50%, 자부담 50%(예산범위 내 조정 가능)
  ㆍ지 원 량 : 원통형(10,000봉/330㎡), 봉형(6,000봉/330㎡), 사각(8,000봉/330㎡) 
 ※ 국내산 배지 및 종자산업법에 따른 종자업 등록업체에서 구입한 표고 톱밥배지만 지원

○ 호두 묘목 구입비 지원
 - 대 상 지 : 관내 일원
 - 지원내용 : 호두 묘목 구입비 지원
 - 지원기준
 - 지원단가
    1본당 15,000원
 ㆍ지원비율 : 보조 50%, 자부담 50%(예산범위 내 조정가능)
 ※ 총 사업비 1,000천원 이상 신청 가능

○ 산양삼 종자·종묘 구입비 지원
 - 대 상 지 : 전문기관(한국임업진흥원)에서 실시하는 생산적합성 조사에 합격한 토양
 - 지원내용 : 산양삼 종자·종묘 구입비 지원
 - 지원기준
  ㆍ대상품목 : 전문기관(한국임업진흥원)에서 실시하는 생산적합성 조사에 합격한 산양삼 종자 또는 종묘(4년생 이내)
  ㆍ지원단가 : 종자 1kg당 200,000원, 종묘 4년생 기준 본당 4,000원
  ㆍ지원비율 : 보조 50%, 자부담 50%(예산범위 내 조정 가능)
※ 종자산업법에 따른 종자업 등록업체에서 구입한 산양삼 종자 ·종묘만 지원

○ 두릅단지조성 지원
 - 대 상 지 : 관내 일원
 - 지원내용 : 참두릅 묘목 구입비 지원
 - 지원기준
  ㆍ대상품목 : 참두릅 묘목
  ㆍ지원단가 : 1본당 3,000원 
  ㆍ지원비율 : 보조 50%, 자부담 50%(예산범위 내 조정가능)
 ※ 총 사업비 1,000천원 이상 신청 가능

○ 음나무 묘목 구입비 지원
 - 대 상 지 : 관내 일원
 - 지원내용 : 음나무 묘목 구입비 지원
 - 지원기준
  ㆍ대상품목 : 음나무 묘목
  ㆍ지원단가 : 1본당 5,000원 
  ㆍ지원비율 : 보조 50%, 자부담 50%(예산범위 내 조정가능)
 ※ 총 사업비 1,000천원 이상 신청 가능

○ 복분자 묘목 구입비 지원
 - 대 상 지 : 관내 일원
 - 지원내용 : 복분자 묘목 구입비 지원
 - 지원기준
  ㆍ대상품목 : 복분자 묘목
  ㆍ지원단가 : 1본당 700원
  ㆍ지원비율 : 보조 50%, 자부담 50%(예산범위 내 조정가능)
 ※ 총 사업비 1,000천원 이상 신청 가능",,경상북도 문경시,시군구,산림녹지과,개인,매년 1~2월,방문신청,,산림녹지과/054-550-6911,https://www.gov.kr/portal/rcvfvrSvc/dtlEx/512000000113,534,농가
512000000130,원예 특작 사업 지원,농림축산어업,채소특작 재배농가 등에 자재 구입비용 일부 지원,"○ 채소특작 재배농가, 작목반 등에 재배에 필요한 농업용 자재 구입비용 일부 지원",,경상북도 문경시,시군구,농정과,개인,상시신청,방문신청,,농정과/054-550-6265,https://www.gov.kr/portal/rcvfvrSvc/dtlEx/512000000130,546,"농업,농가"
512000000131,과수재배 농기계 자재 구입비용 지원,농림축산어업,과수재배농업인 등에게 농업용 자재 구입비용 일부 지원,"○ 문경시에 주소를 두고 농업경영체를 등록한 농업인, 농업법인, 생산자 단체 등에 과수재배에 필요한 농기계 등 농업용 자재 구입비용 일부 지원",,경상북도 문경시,시군구,농정과,개인,상시신청,방문신청,,농정과/054-550-6887,https://www.gov.kr/portal/rcvfvrSvc/dtlEx/512000000131,974,농업
512000000135,원예 소득 작목 육성 지원,농림축산어업,농업인 등에게 농자재 구입비 지원,"○ 농기계, 설비 등 영농에 필요한 농자재 구입비 지원",,경상북도 문경시,시군구,농정과,개인,상시신청,방문신청,,농정과/054-550-6889,https://www.gov.kr/portal/rcvfvrSvc/dtlEx/512000000135,624,"농업,영농"
512000000138,농업 신기술 보급 시범사업,농림축산어업,"지역 신소득원 발굴 및 현장애로기술 등 신기술을 보급을 위한 시범사업 추진
",지역 신소득원 발굴 및 현장애로기술 등 신기술을 보급을 위한 시범사업 추진,,경상북도 문경시,시군구,소득개발과,개인||법인/시설/단체,사업별 상이,방문신청,,소득개발과(식량축산팀)/054-550-8252||소득개발과(원예기술팀)/054-550-8256||소득개발과(과수기술팀)/054-550-8261||소득개발과(농업기계팀)/054-550-8266,https://www.gov.kr/portal/rcvfvrSvc/dtlEx/512000000138,864,농업
513000000108,과실생산비절감 및 품질제고 지원,농림축산어업,"과수 재배농가 등에 신선도유지기, 비파괴당도측정기, 농업용수처리기 등 지원","○ 신선도유지기, 비파괴당도측정기, 농업용수처리기 등 지원",,경상북도 경산시,시군구,기술지원과,개인,2025-01-13~2025.01.31.,방문신청,,기술지원과/053-810-6801,https://www.gov.kr/portal/rcvfvrSvc/dtlEx/513000000108,606,"농업,농가"
514000000104,과수농가 자재 지원,농림축산어업,관내 과수농가에 대한 자재 지원,○ 군위군에 주소를 두고 농업경영체를 등록한 과수농가에게  농자재 지원,,대구광역시 군위군,시군구,농업기술센터,개인,추후 공지예정(매년 1월 중순예정),방문신청,,농업기술센터 농산유통과/054-380-7043,https://www.gov.kr/portal/rcvfvrSvc/dtlEx/514000000104,671,"농업,농가"
514000000116,학교급식 후식 지원,보육·교육,관내 학교 학생 대상으로 후식 지원,"○ 관내학교 후식지원

○ 후식지원사업
 - 지원대상 : 관내10개교(초,중,고학교)학생 전원
 - 후식용 제철과일 주2회 공급",,대구광역시 군위군,시군구,농업기술센터,개인,상시신청,방문신청,,농업기술센터 농산유통과/054-380-7016,https://www.gov.kr/portal/rcvfvrSvc/dtlEx/514000000116,699,농업
514000000117,친환경 농업자재 지원,농림축산어업,○ 친환경 농업을 하는 농가에게 친환경 유기농업자재 구입비 일부 지원,○ 국립농산물품질관리원 유기농업자재 공시된 제품 구입비의 일부 보조,,대구광역시 군위군,시군구,농업기술센터,개인,상시신청,방문신청,,농업기술센터 농정축산과/054-380-6292,https://www.gov.kr/portal/rcvfvrSvc/dtlEx/514000000117,558,"농업,농가"
514000000121,고품질 과수 생산 지원,농림축산어업,"과수농가에 반사필름, 착색봉지 등 지원","○ 군위군에 주소를 두고 농업경영체를 등록한 과수농가에게 반사필름, 착색봉지, 수정촉진제, 친환경자재 지원
 - 지원기준 : 보조 50%, 자부담 50%",,대구광역시 군위군,시군구,농업기술센터,개인,매년 1월 중 신청 ,방문신청,,군위군청 농업기술센터 농산유통과/054-380-6296,https://www.gov.kr/portal/rcvfvrSvc/dtlEx/514000000121,554,"농업,농가"
514100000002,농작물 재해보험료 지원,농림축산어업,농작물 재해보험 가입 시 총보험료의 10%만 개인 부담,"지원대상: 관내 거주하고 관내 농지를 소유한 보험 가입 농가(경작지는 1,000㎡ 이상)

지원내용: 총 보험료의 10%만 개인 부담

접수처: 농협중앙회 군위군지부, 지역조합, 품목조합",,대구광역시 군위군,시군구,농업기술센터,개인,농작물별 보험 가입기간이 지정 되어 있음. 농협에서 가입기간 안내,방문신청,,농업기술센터/054-380-6294,https://www.gov.kr/portal/rcvfvrSvc/dtlEx/514100000002,96,"농업,농가,농작물,농지"
514100000010,유기질비료 지원,농림축산어업,"유기질비료 지원사업
- 유기질비료(3종), 부숙유기질비료(2종) 구입비 일부 보조","유기질비료 지원사업
- 유기질비료(3종), 부숙유기질비료(2종) 구입비 일부 보조",,대구광역시 군위군,시군구,농업기술센터,개인,2025.11.10~2025.12.10,방문신청,,군위군 농업기술센터/054-380-6292,https://www.gov.kr/portal/rcvfvrSvc/dtlEx/514100000010,75,농업
515000000116,맞춤형 농자재 지원,농림축산어업,"소모성 농자재 및 농기계 구입, 수리, 임대료 등 지원","경작하는 모든 작물에 대해 일정 단가에 따라 면적만큼 소모성 농자재 구입비, 농기계 수리비 및 임대료 등을 지원",,경상북도 의성군,시군구,농업정책과,개인,접수기관 별 상이,방문신청,,농업정책과/054-830-6579,https://www.gov.kr/portal/rcvfvrSvc/dtlEx/515000000116,959,농업
515000000131,결혼이민자농가 농어촌진흥기금,농림축산어업,결혼이민자농가 농어촌진흥기금 지원[농가당 30백만원 범위 내  대출 금리 지원(균분상환)],"사업대상(지원대상)
  ○ 관내 농촌지역에 거주하면서 외국인과 결혼한 농가로 실제 영농에 종사하는 농어업인  사업분야
  ○ 경종분야(수도작, 원예, 과수, 특작, 복합영농 등)의 영농규모 확대, 시설·장비 확충 및 개보수
    ∙ 하우스 설치, 과원조성, 묘목 및 종근 구입, 재배사ㆍ저장시설ㆍ관수시설 설치, 농기계 구입, 기타 농업기반시설 확충
  ○ 기타 농축산물의 생산 및 유통 등에 필요한 사료·비료·자재구입 등
     ※ 지원제외 : 농지 및 건물(주택) 구입(임차)비, 축산분야 FTA 피해보전직불금 
       대상 축종(한우, 양돈, 양계, 염소, 오리)의 축사 신‧증축(개보수) 및 입식자금 제외
 지원한도 및 지원형태
  ○ 지원한도 : 농가당 30백만원 범위내(최소 5백만원, 최대 30백만원)
  ○ 대출금리(기한)
    ① 시설자금(장기성) : 연리 1.0%, 3년 거치 7년 균분상환
    ② 운영자금(단기성) : 연리 1.0%, 2년 거치 3년 균분상환
  ○ 자금분류 및 거치기간
    ① 시설자금 : 건축물, 대형 농기계, 선박 개보수(노후어선교체) 등
     ※ 명시되지 않은 운영‧시설자금에 대하여 사업의 성격, 목적 등을 감안하여   농어업에 필요하다고 판단 될 경우 지원할 수 있음.
    ② 운영자금 : 소모성 농어업용 자재, 소형 농기계(500만원 이하),
                 농수산물 수매, 사료구입 등
    ※ 인건비, 유류비, 공공요금 및 객관적 증빙(전자세금계산서 등)이 불가능한 
       기타 운영비 제외
    ③ 거치기간 : 대여일이 속한 당해년도 말을 1년으로 함
      - 거치기간 산정은 융자실행 시점에 관계없이 당해년도 말이 되면, 1년이 경과한 것으로 한다.",,경상북도 의성군,시군구,농업정책과,개인,매년  1월  신청 문의,방문신청,,농업정책과/054-830-6586,https://www.gov.kr/portal/rcvfvrSvc/dtlEx/515000000131,765,"농업,영농,농촌,농가,농지"
515000000132,농작물재해보험료 지원사업,농림축산어업,보험가입 시 보조금분을 제외한 자부담분만 납부(선면제제),"1. 목적
  ❍ 자연재해로 인한 농작물 피해를 보상하여 농가 소득 및 경영안정에 기여
 2. 사업대상
  ❍ 대상 품목 : 사과, 배, 포도, 복숭아, 단감, 떫은감 등 농림축산식품부(이하 농식품부)에서 지정한 작물
  ❍ 지원 대상 : 농식품부 지침 상 가입요건을 충족하는 자
  ❍ 사업대상자 : 농작물재해보험 사업을 추진하는 금융기관
  ❍ 지원방식 : 선면제제
    - 농가에서는 보험가입 시 보조금분을 제외한 자부담분만 납부하고 보험가입, 보조금분은 사업자가 행정기관(해당시군)으로 청구",,경상북도 의성군,시군구,농업정책과,개인,상시신청,방문신청,,농업정책과/054-830-6581,https://www.gov.kr/portal/rcvfvrSvc/dtlEx/515000000132,871,"농업,농가,농작물"
515000000133,기본형 공익직접지불사업,농림축산어업,면적직불금 및 소농직불금 지원,"사업목적
○ 농업활동을 통해 환경보전, 농촌유지, 식품안전 등 농업･농촌의 공익기능 증진과 농업인등의 소득안정 도모
지원내용
○ (면적직불금) 논밭 진흥/진흥밖, 면적구간별 역진적 지급단가를 적용하여 농지면적기준으로 농업인에게 직불금 지급
○ (소농직불금) 소농자격요건을 갖춘 농가 대상 130만원 일률 지급",,경상북도 의성군,시군구,농업정책과,개인,접수기관 별 상이,방문신청,,농업정책과/054-830-6265,https://www.gov.kr/portal/rcvfvrSvc/dtlEx/515000000133,969,"농업,농촌,농가,농지"
515000000145,순환농업활성화지원,생활안정,친환경축산 구축을 위한 축사바닥용 깔짚지원,"□ 사업개요 
◦ 추진근거 : 축산법 제3조, 의성군 축산업 육성 및 발전에 관한 지원조례 제6조
◦ 기    간 : 1월 ~ 12월(연중)
◦ 대    상 : 축산업 허가·등록된 관내 축산 한우, 낙농농가
◦ 사업내용 : 친환경축산 구축을 위한 축사바닥용 깔짚지원

□ 사전절차 및 추진계획 
◦ 2025. 1. : 신청공고 및 대상자 신청 접수
◦ 2025. 2. : 보조금심의회 개최 및 대상자 확정
◦ 2025. 3. : 보조금교부결정 및 사업시행
◦ 2025. 4. ~ 12. : 사업완료 확인 및 보조금 지급",,경상북도 의성군,시군구,환경축산과,개인,상시신청,방문신청,,이종석/054-830-6277,https://www.gov.kr/portal/rcvfvrSvc/dtlEx/515000000145,759,"농업,농가"
515000000150,전문단지조성용종자구입지원,생활안정,사료작물 및 목초 재배에 필요한 종자구입비 지원,"○   지원자격 : 사료작물 재배를 위해 종자를 파종하고자 하는자

○   지원대상 : 목초, 풋베기사료작물, 종자, 기타(트리티케일 등 사료작물로 사용가능한 것), 단 수입 종자의 경우 수입적응성시험을 받고 대상작물에 등재된 것에 한함 

○   지원내용 : 사료작물 및 목초 재배에 필요한 종자구입비 지원

○   지원기준 
    - 보리 종자구입비 지원은 보증받은 전용품종에 국한
    - 다른 사업에서 종자를 지원받는 경우 종자대 지원대상에서 제외
    - 농가 자가생산 종자에는 지급하지 않으며, 국내 육성품종 또는 수입적응성 인증품종으로서 품질검사를 완료하고, 농업기술센터(국내생산 종자분), 지역 농축협(농협경제지주 계통 구매분) 또는 낙농육우협회를 통해 구입한 비용(영수증 등 증빙자료 첨부)
    - 농가의 종자 신청이 시·군(농업기술센터 포함), 지역조합, 낙농육우협회 등에 중복 신청되지 않도록 상호 사업대상자 통보·확인

○   사업기간 : ′25. 01. ~ ′25. 12.

○   종자대 정산시 유의사항
    - <자부담분> 사업대상자는 종자 인수전 지역조합, 낙농육우협회 및 농업 기술센터에 납부
    - <보조분> 지역조합, 낙농육우협회 및 농업기술센터로부터 농가별 종자공급 실적을 확인(인수증 또는 현장확인) 후 보조금 지급
    - 지역조합, 낙농육우협회 및 농업기술센터에 이중으로 구매한 농가에 대해서는 실적을 확인하여 중복되지 않도록 보조금 지원금액을 해당 기관 공급분에 대해서 각각 지원
    - 조사료 생산용 종자 중 과세종자는 부가가치세 환급 대상이므로 보조금 신청시 부가가치세 제외 지급",,경상북도 의성군,시군구,환경축산과,개인,상시신청,방문신청,,환경축산과 신윤지/054-830-6284,https://www.gov.kr/portal/rcvfvrSvc/dtlEx/515000000150,879,"농업,농가"
515000000153,자원관리지원,생활안정,친환경 축산업 기반조성을 위한 소모품 및 기자재지원,"□ 사업개요 
◦ 추진근거 : 축산법 제3조, 의성군 축산업 육성 및 발전에 관한 지원조례 제6조
◦ 기    간 : 1월 ~ 12월(연중)
◦ 대    상 : 축산업 허가·등록된 관내 축산 사육농가
◦ 사업내용 : 친환경 축산업 기반조성을 위한 소모품 및 기자재지원

□ 사전절차 및 추진계획 
◦ 2026. 1. : 신청공고 및 대상자 신청 접수
◦ 2026. 2. : 보조금심의회 개최 및 대상자 확정
◦ 2026. 3. : 보조금교부결정 및 사업시행
◦ 2026. 4. ~ 12. : 사업완료 확인 및 보조금 지급",,경상북도 의성군,시군구,환경축산과,개인,상시신청,방문신청,,환경축산과 이종석/054-830-6277,https://www.gov.kr/portal/rcvfvrSvc/dtlEx/515000000153,776,농가
516000000105,GAP 명품사과 재배단지 조성 지원,농림축산어업,GAP인증 및 신규 희망농가 대상으로 명품사과 재배단지 조성 지원,"- 시기별 병해충 관리 요령 및 GAP 단지 교육실시(정기교육 및 GAP 인증 교육)
     - 우수농산물관리제도(GAP) 인증
     - 홍보행사를 통한 청송사과 이미지 제고
     - 사과원 농자재 투입으로 친환경 농업 실천",,경상북도 청송군,시군구,농업기술센터,개인,2023-01-16~2023-02-10,방문신청,,농업기술센터/054-870-6871,https://www.gov.kr/portal/rcvfvrSvc/dtlEx/516000000105,712,"농업,농가"
516000000110,사과원 고효율 방제 부착기 설치 지원(시범),농림축산어업,"과수재배 농업인에게 고지방제기, 안전캡 등 부착 지원","- 수고가 높은 나무의 방제 효과를 극대화하기 위한 SS기 고지방제기 부착 
    - 농약중독방지를 위한 SS기 안전캡 부착
    - 설치 후 사용 요령 교육 및 사전 테스트 실시
    - 안전캡, 고지방제기 중 1개 기종만 신청 가능",,경상북도 청송군,시군구,농업기술센터,개인,2023-01-16~2023-02-10,방문신청,,농업기술센터/054-870-6873,https://www.gov.kr/portal/rcvfvrSvc/dtlEx/516000000110,623,농업
516000000115,귀농인 지원,생활안정,"귀농인에게 영농정착금, 주택신축수리비 , 농지구입 세제지원, 농지구입 이자지원 등 지원","○ 영농정착금지원 : 농기계, 묘목 구입, 비닐하우스 설치 등 영농기반 마련, 4백만원 이하/농가당

○ 주택신축·수리비지원 : 귀농인 주택신축 및 주택 시설 수리, 400만원 이하/농가당

○ 농지구입 세제지원 : 200만원/농가당

○ 농지구입이자지원 : 정책자금으로 구입한 농지에 대한 이자 지원, 매년 150만원 이하/농가당 3년간

○ 귀농관련수강료지원 : 30만원 이하/농가당",,경상북도 청송군,시군구,농정과,가구,연초(1월),정부24온라인신청||방문신청,,농정과/054-870-6259,https://www.gov.kr/portal/rcvfvrSvc/dtlEx/516000000115,1187,"귀농,영농,농가,농지"
516000000116,농토배양 지원,농림축산어업,각 사업별 대상농가에 보조금 또는 비용 지원,"○ 객토사업 농가에 보조금 지원

○ 축분퇴비생산 농가에 보조금 지원

○ 논갈이경운에 소요되는 비용 지원

○ 밭갈이경운에 소요되는 비용 지원

○ 퇴비생산 농가에 보조금 지원",,경상북도 청송군,시군구,농정과,개인,접수기관 별 상이,방문신청,,농정과/054-870-6262,https://www.gov.kr/portal/rcvfvrSvc/dtlEx/516000000116,767,농가
516000000120,이상기상대응 과수결실안정 지원,농림축산어업,이상기상으로 인한 서리·고온·결실불량 등 기상피해 예방 종합기술 투입,"- 개화기·생육기 이상기상 등 불량 기상환경에 대응한 종합 기술보급
    - 햇빛차단망·개량형 방상팬·ICT적용 자동제어시스템 등 농작업 생력화 생산체계 구축",,경상북도 청송군,시군구,농업기술센터,개인,2023-01-16~2023-02-10,방문신청,,농업기술센터/054-870-6873,https://www.gov.kr/portal/rcvfvrSvc/dtlEx/516000000120,500,농업
516000000123,과수전용 농자재 지원사업,농림축산어업,과수전용 농자재 지원,"○ 지원목적 : 고품질 과실 생산을 위한 친환경 농자재 지원으로 품질경쟁력 및 브랜드가치 제고를 통한 농가소득 증대

○ 지원내용
 - 반사필름(군비 40%, 자부담 60%)
 - 과실봉지(군비 30%, 자부담 70%)
 - 과원부직포(군비 30%, 자부담 70%)
 - 과수전용소형농기계(군비 40%, 자부담 60%, 복숭아적화기 50만원/대 , 꽃가루살포기 90만원/대)
 - 기타과수생산기반시설(군비 50%, 자부담 50%,미니스프링쿨러 700만원/ha, 점적관수 400만원/ha 등)
 - 과실장기저장제(군비 50%, 자부담 50%, 33,000원/㎡)",,경상북도 청송군,시군구,농정과,개인,사업별로 상이함,방문신청,,농정과/054-870-6275,https://www.gov.kr/portal/rcvfvrSvc/dtlEx/516000000123,909,농가
516000000137,농산물 택배비 지원,농림축산어업,농업인에게 농산물 택배비 50% 지원,○ 관내 농산물 택배비 50% 지원,,경상북도 청송군,시군구,유통정책과,개인,상시신청,방문신청,,청송군청 유통정책과/054-870-6257,https://www.gov.kr/portal/rcvfvrSvc/dtlEx/516000000137,654,농업
516000000138,노지채소 가뭄대비 자동관수관비장치 보급 지원,농림축산어업,가뭄피해 취약농가에 자동관수관비장치 보급 지원,"- 자동관수관비 장치를 통한 정밀관수실시로 농작물 생산성 증대
     - 관행 관수장치와 정밀관수(토양수분센서 활용) 생육 및 수량비교",,경상북도 청송군,시군구,농업기술센터,개인,2023-01-16~2023-02-10,방문신청,,농업기술센터/054-870-6863,https://www.gov.kr/portal/rcvfvrSvc/dtlEx/516000000138,531,"농업,농가,농작물"
516000000153,꽃가루은행 시범 운영 지원,농림축산어업,"꽃가루은행 운영에 따른 인건비, 재료비 지원","- 꽃가루 은행 운영 기술지도 및 운영 인건비 지급, 교육 실시
     - 인공수분용 꽃가루 제조 소모성 재료 공급",,경상북도 청송군,시군구,농업기술센터,개인,2023-01-16~2023-02-10,방문신청,,과수기술담당/054-870-6874,https://www.gov.kr/portal/rcvfvrSvc/dtlEx/516000000153,686,농업
516000000161,친환경 해충 방제지원 시범,농림축산어업,친환경 농자재(끈끈이 평판트랩 )를 활용한 과수 돌발해충 피해 저감과 방제비 절감,- 친환경 농자재(끈끈이 평판트랩 )를 활용한 과수 돌발해충 피해 저감과 방제비 절감,,경상북도 청송군,시군구,농업기술센터,개인,상시신청,방문신청,,청송군농업기술센터/054-870-6852,https://www.gov.kr/portal/rcvfvrSvc/dtlEx/516000000161,653,농업
517000000109,지역화폐(영양사랑상품권),행정·안전,"소비자에게 할인 혜택, 가맹점에는 매출 증대 등 지원","○ 영양사랑상품권 구매자
 - 구매 시 10% 할인 혜택(상시)
   * 지역경제 활성화 특별할인 15%(2026.4.1. - 12.31.까지)

○ 가맹점
 - 매출증대 및 홍보효과

○ 판매대행점
 - 상품권 판매 및 환전 업무에 대한 수수료 지급",,경상북도 영양군,시군구,농촌경제과,개인,상시신청,방문신청,,농촌경제과/054-680-6321,https://www.gov.kr/portal/rcvfvrSvc/dtlEx/517000000109,912,농촌
517000000111,친환경 토양개량제 지원,농림축산어업,농업인에게 친환경 토양개량제 구입비 지원,"○ 대상 : 관내농업인

○ 사업내용 : 친환경토양개량제 구입비 지원

○ 지원조건 : 보조 50%",,경상북도 영양군,시군구,농업축산과,개인,상시신청,방문신청,,농업축산과/054-680-6372,https://www.gov.kr/portal/rcvfvrSvc/dtlEx/517000000111,644,농업
517000000113,가뭄대책 소형 양수장비 지원,농림축산어업,농업인에게 농용양수기 구입비 지원,"○ 대상 : 관내농업인

○ 사업내용 : 농업기계목록집에 수록된 농용양수기 구입비 지원

○ 지원조건 : 1백만원 한도내 50% 지원",,경상북도 영양군,시군구,농업축산과,개인,상시신청,방문신청,,농업축산과/054-680-6372,https://www.gov.kr/portal/rcvfvrSvc/dtlEx/517000000113,829,농업
518000000117,친환경 농산물 생산장려금 지원,농림축산어업,농업인에게 친환경농산물 생산장려금 지원,○ 친환경농산물 생산 농가 장려금 지급,,경상북도 영덕군,시군구,농업정책과,개인,9월중,방문신청,,농축산과/054-730-6263,https://www.gov.kr/portal/rcvfvrSvc/dtlEx/518000000117,501,"농업,농가"
519000000106,과실 생산비 절감 및 품질 제고 지원,농림축산어업,"과수 재배농업 경영체에 장기저장제, 친환경적화제 지원","○ 과실생산비절감및품질제고지원
 - 사업내용 : 과실장기저장제, 친환경적화제 지원
 - 지원조건 : (장기저장제) 33,000원/㎡, 친환경적화제 28만원/ha이내(보조 50%, 자부담 50%)",,경상북도 청도군,시군구,친환경농업과,개인,상시신청,방문신청,,친환경농업과/054-370-6540,https://www.gov.kr/portal/rcvfvrSvc/dtlEx/519000000106,675,농업
519000000111,원예소득작목육성지원사업,농림축산어업,채소·특용작물 재배농가 등에 하우스 설치 등 각종 시설·장비 지원,"○ 원예소득작목육성지원
 - 사업내용 : 내재형하우스설치, 하우스 자동개페기, PO장기성필름, 이동식저온저장고, 스프링쿨러(노지용) 등 지원
 -  지원조건 : 보조 50%, 자부담 50%",,경상북도 청도군,시군구,친환경농업과,개인,상시신청,방문신청,,친환경농업과/054-370-6538,https://www.gov.kr/portal/rcvfvrSvc/dtlEx/519000000111,708,"농업,농가"
519000000124,민속채소 및 양채류 육성지원사업,농림축산어업,민속채소 재배농가 등에 하우스 등 생산기반 시설·장비 지원,"○ 민속채소, 양채류 생산기반지원 - 사업내용 : 내재형하우스설치, 하우스 자동개폐기, PO장기성필름, 이동식저온저장고, 스프링쿨러(노지용) 등 지원 - 지원조건 : 보조 50%, 자부담 50%",,경상북도 청도군,시군구,친환경농업과,개인,상시신청,정부24온라인신청||방문신청,,친환경농업과/054-370-6538,https://www.gov.kr/portal/rcvfvrSvc/dtlEx/519000000124,864,"농업,농가"
519000000129,농업용 중장비 면허취득 지원,농림축산어업,농업인에게 농업용 중장비 면허취득 비용 지원,○ 농업용 중장비 면허취득 80% 지원,,경상북도 청도군,시군구,농촌기술지원과,개인,접수기관 별 상이,방문신청,,농촌기술지원과/054-370-6277,https://www.gov.kr/portal/rcvfvrSvc/dtlEx/519000000129,851,"농업,농촌"
519000000132,사료작물 수확장비 지원,농림축산어업,조사료 생산 이용 참여농가 등에 사료작물 수확장비 지원,"○ 사료작물수확장비 지원
 - 사업내용 : 사료작물 파종기, 진압기, 수확기(쵸파, 하베스타 등), 결속기, 랩피복기, 집초기, 예취기, 조사료 생산용 소형 작업기, 기타 조사료 생산에 필요하다고 인정하는 기계․장비 등 
※ 기계․장비는 반드시 새제품을 구입하여야 하며 사업비 한도내에서 실구입비 기준으로 보조비율에 따라 지원, 사업비 초과분은 자부담 원칙
※ 트랙터, 스키드로더, 농용 운반장비 등은 지원 대상에서 제외됨.
 - 지원조건 : 1,000만원/대(보조 50%, 자부담 50%)",,경상북도 청도군,시군구,농업정책과,개인||법인/시설/단체,접수기관 별 상이,방문신청,,농업정책과/054-370-6535,https://www.gov.kr/portal/rcvfvrSvc/dtlEx/519000000132,622,"농업,농가"
520000000108,위탁 육묘농가 상토대 지원,농림축산어업,위탁육묘 농가에 상토재 지원,"○ 고령군에 주소를 둔 위탁육묘 농가 중 관내에 위치하고 육묘업을 등록한 육묘업체에서 구입한 농가에 한하여 상토대 일부(50%정도) 지원
 - 지원금액 : 200원/1상자",,경상북도 고령군,시군구,농업정책과,개인,매년 2월~3월,방문신청,,농업정책과 친환경농업/054-950-7312,https://www.gov.kr/portal/rcvfvrSvc/dtlEx/520000000108,538,"농업,농가"
521000000120,야생동물 피해 농작물 보상금 지원,행정·안전,야생동물로부터 피해를 입은 농가에 피해보상금 지원,야생동물 피해 농작물에 대한 보상금 지원,,경상북도 성주군,시군구,환경과,개인,상시신청,방문신청,,환경과/054-930-6203,https://www.gov.kr/portal/rcvfvrSvc/dtlEx/521000000120,753,"농가,농작물"
522000000101,과수품질향상 자재 및 약제 지원,농림축산어업,"과수재배 농업인에게 재배용 봉지, 공동방제 약제 등 지원","○ 사과, 배, 포도, 복숭아 재배용 봉지지원(보조금 50%)

○ 포도농가 꽃매미 공동방제 약제 지원",,경상북도 칠곡군,시군구,농업정책과,개인,1-3월중 신청,방문신청,,농업정책과/054-979-6485,https://www.gov.kr/portal/rcvfvrSvc/dtlEx/522000000101,699,"농업,농가"
522000000103,원예소득작목 기자재 및 시설지원,농림축산어업,"채소, 화훼 등 재배농업인에게 단동하우스 등 기자재 및 시설 지원","○ 사업대상자: 채소·특용작물 재배농가, 공선출하조직, 영농조합법인 등
 - 시설원예 지원사업의 경우 시설하우스 1,000㎡ 이상 규모의 시설
 - 마늘·양파·고추 등 노지채소 지원사업의 경우 재배면적 1,000㎡ 이상 
 - 버섯 지원사업의 경우 재배사 660㎡ 이상 규모의 시설
○ 지원내용: 단동하우스 설치, 측천창개폐기, PO장기성필름, 이동식저온저장고 등 지원",,경상북도 칠곡군,시군구,농업정책과,개인,1-3월중 신청,방문신청,,농업정책과/054-979-6483,https://www.gov.kr/portal/rcvfvrSvc/dtlEx/522000000103,530,"농업,영농,농가"
522000000110,과실품질향상 기자재 및 약제 지원,농림축산어업,"과수재배 농업인에게 비파괴당도측정기, 과실 장기저장제 등 지원","○ 사업대상자 : 과수재배 농업인, 영농조합법인
○ 지원내용: 비파괴당도측정기, 과실 장기저장제, 농업용수 처리기, 신선도 유지기",,경상북도 칠곡군,시군구,농업정책과,개인,1-3월중 신청,방문신청,,농업정책과/054-979-6483,https://www.gov.kr/portal/rcvfvrSvc/dtlEx/522000000110,514,"농업,영농"
522000000111,민속 채소농가 기자재 및 시설 지원,농림축산어업,"민속채소재배 농업인에게 단동하우스 설치, PO장기성필름,  다목적 스프링클러 등 지원","○ 민속채소 재배농가, 공선출하조직, 영농조합법인 등
 - 지원대상작목 : (민속채소) 취나물류, 돌나물, 고사리, 달래, 머위, 민들레, 삼나물, 더덕, 씀바귀, 미나리, 동아, 참가죽, 두릅, 음나무, 초피, 땅두릅, 해방충 등
 ※ 농지(전·답·한계농지)에서 재배하는 경우만 지원(임야지 재배하는 경우 제외)
 - 내재해형 단동하우스설치, PO장기성필름, 다목적 스프링클러 등 지원",,경상북도 칠곡군,시군구,농업정책과,개인,1-3월중 신청,방문신청,,농업정책과/054-979-6483,https://www.gov.kr/portal/rcvfvrSvc/dtlEx/522000000111,780,"농업,영농,농가,농지"
522000000113,식량 자급율 제고 지원,농림축산어업,"대규모 벼 재배농가에 대형농기계 지원-트랙터, 콤바인 등","- 지원자격: 농업경영체 등록한 벼재배면적 3ha이상 농업인
- 보조율 : 40%
- 지원내용 : 트랙터,  콤바인 지원",,경상북도 칠곡군,시군구,농업정책과,개인,2025년 2~4월중 신청예정,방문신청,,칠곡군청 농업정책과/054-979-6472,https://www.gov.kr/portal/rcvfvrSvc/dtlEx/522000000113,518,"농업,농가"
522000000119,대체 과수농가 기자재 및 시설 지원,농림축산어업,"대체과수재배농업인에게 비가림시설,  관수관비시설, 선별기 등 기자재 및 시설 지원","○ 블루베리, 체리, 감귤류 등 재배농가
 - 비가림시설, 내재해형하우스, 관수관비시설, 선별기 등 지원",,경상북도 칠곡군,시군구,농업정책과,개인,1-3월중 신청,방문신청,,농업정책과/054-979-6483,https://www.gov.kr/portal/rcvfvrSvc/dtlEx/522000000119,728,"농업,농가"
522000000121,친환경 농산물 생산농가 지원,농림축산어업,사업대상: 칠곡군 관내에 주소를 둔 농업인 중 본인의 농업경영체에 등록된 농지,사업대상: 칠곡군 관내에 주소를 둔 농업인 중 본인의 농업경영체에 등록된 농지를 대상으로 수용성 규산염을  신청한 농업경영체,,경상북도 칠곡군,시군구,농업정책과,개인,2026.02.10~2026.03.06,방문신청,,칠곡군청 농업정책과/054-979-6474,https://www.gov.kr/portal/rcvfvrSvc/dtlEx/522000000121,671,"농업,농가,농지"
523000000124,친환경 육묘상 처리약제 지원,농림축산어업,친환경농업인 등에게 육묘상처리약제 구입비 지원,○ 친환경 육묘상처리약제 구입비 지원,,경상북도 예천군,시군구,농정과,법인/시설/단체,상시신청,방문신청,,농정과/054-650-6995,https://www.gov.kr/portal/rcvfvrSvc/dtlEx/523000000124,598,농업
523000000125,과수 생력화 기자재 지원,농림축산어업,과수생산 농가에 승용예취기 또는 다목적 리프트기 지원,○ 승용예취기 또는 다목적 리프트기 지원,,경상북도 예천군,시군구,농정과,개인,매년 1월 공모신청,방문신청,,농정과/054-650-6274,https://www.gov.kr/portal/rcvfvrSvc/dtlEx/523000000125,726,농가
523000000130,무인항공이용 공동방제 지원,농림축산어업,"도열병, 세균벼알마름병 등  벼 병해충 무인항공 방제비 지원","○ 농업인 벼 무인항공 방제비 지원
 - 지원기준 : ha당 120,000원",,경상북도 예천군,시군구,농업기술센터,법인/시설/단체,농업기술센터 사업공고 후 사업접수 기간안에 신청,방문신청,,농업기술센터/054-650-8142,https://www.gov.kr/portal/rcvfvrSvc/dtlEx/523000000130,568,농업
523000000131,기능성 우량잠종대 지원,농림축산어업,예천군양잠농업협동조합에 기능성 우량 잠종대 지원,○ 기능성 우량 잠종대 지원,,경상북도 예천군,시군구,농정과,법인/시설/단체,상시신청,방문신청,,농정과/054-650-6999,https://www.gov.kr/portal/rcvfvrSvc/dtlEx/523000000131,706,농업
523000000132,농촌 빈집 정비 지원,문화·환경,1년 이상 방치된 농촌 주택 등을 대상으로 철거 비용 지원,○ 농촌에 방치된 빈집 철거 비용 지원(최대 170만원),,경상북도 예천군,시군구,농촌활력과,개인,상시신청,방문신청,,농촌활력과/054-650-7314,https://www.gov.kr/portal/rcvfvrSvc/dtlEx/523000000132,894,농촌
523000000133,과수전용 방제기 지원,농림축산어업,과수생산 농가에 과수전용 방제기 지원,○ 과수전용 방제기 지원(SS기),,경상북도 예천군,시군구,농정과,개인,매년 1월 공모신청,방문신청,,농정과/054-650-6274,https://www.gov.kr/portal/rcvfvrSvc/dtlEx/523000000133,800,농가
523000000146,엽연초 생산농가 기자재 지원,농림축산어업,영남엽연초생산협동조합에 엽연초 전용 농자재 지원,○ 엽연초 전용 농자재 지원,,경상북도 예천군,시군구,농정과,법인/시설/단체,상시신청,방문신청,,농정과/054-650-6999,https://www.gov.kr/portal/rcvfvrSvc/dtlEx/523000000146,565,농가
523000000149,농업인 포장재 지원,농림축산어업,농산물 판매 농업인에게 포장개선 및 브랜드 개발 등 지원,"○ 포장개선 및 브랜드 개발, 농장로고 개선 등",,경상북도 예천군,시군구,농업기술센터,개인, 농업기술센터 사업공고 후 사업접수 기간안에 신청 ,방문신청,,농업기술센터/054-650-8132,https://www.gov.kr/portal/rcvfvrSvc/dtlEx/523000000149,828,농업
523000000152,과수 유인자재 및 조류 방제자재 공급,농림축산어업,"사과, 복숭아 재배농가에 유인자재 및 조류피해 예방 자재 공급 지원",○ 유인자재 및 조류피해 예방을 위한 자재 공급,,경상북도 예천군,시군구,농업기술센터,개인,공고후 신청기간 내 신청,방문신청,,농업기술센터/054-650-6451,https://www.gov.kr/portal/rcvfvrSvc/dtlEx/523000000152,757,"농업,농가"
523000000154,청년농업인 경영개선 지원,농림축산어업,"청년농업인에게 생산·유통·제조시설, 가공설비 등 자립기반 시설 구축 지원","청년농업인에게 생산·유통·제조시설, 가공설비 등 자립기반 시설 구축 지원",,경상북도 예천군,시군구,농업기술센터,개인,농업기술센터 사업공고 후 사업접수 기간안에 신청,기타 온라인신청||방문신청,,농업기술센터/054-650-8132,https://www.gov.kr/portal/rcvfvrSvc/dtlEx/523000000154,617,농업
523000000156,"원예산업육성 지원(관수시설, 저온저장고, 장기성 PO필름 등)",생활안정,"원예작물 재배농가에 관수관비시설, 이동식저온저장고 등 지원","○ 관수관비시설, 스프링클러, 이동식저온저장고, 장기성PO필름 등 지원",,경상북도 예천군,시군구,농정과,개인,상시신청,방문신청,,농정과/054-650-6275,https://www.gov.kr/portal/rcvfvrSvc/dtlEx/523000000156,695,농가
523000000158,귀농인 이사비용 지원,농림축산어업,귀농인에게 이사비용 자금 지원,○ 농가당 최대 100만원 지원,,경상북도 예천군,시군구,농정과,개인,상시신청,방문신청,,농정과/054-650-6264,https://www.gov.kr/portal/rcvfvrSvc/dtlEx/523000000158,888,"귀농,농가"
523000000167,중소형농업기계 지원,농림축산어업,농업인에게 중소형농기계 구입 지원 (농업기계목록집 등록된 농업기계),"○ 정부지원 농기계목록집에 등록된 농업기계 중 최대 1,100만원 지원",,경상북도 예천군,시군구,농정과,개인,매년 1월 공모신청,방문신청,,농정과/054-650-6263,https://www.gov.kr/portal/rcvfvrSvc/dtlEx/523000000167,1058,농업
523000000170,시설원예농가 현대화 지원,농림축산어업,원예작물 재배농가에 내재해형 하우스 시설 지원,○ 내재해형하우스 지원,,경상북도 예천군,시군구,농정과,개인,상시신청,방문신청,,농정과/054-650-6275,https://www.gov.kr/portal/rcvfvrSvc/dtlEx/523000000170,682,농가
523000000172,친환경 실천단지(우렁이농법) 지원,농림축산어업,친환경인증 및 친환경진입 농가에 농자재 구입비 등 지원,○ 친환경 농자재 구입비 등 지원,,경상북도 예천군,시군구,농정과,개인,매년 1월 공모신청,방문신청,,농정과/054-650-6263,https://www.gov.kr/portal/rcvfvrSvc/dtlEx/523000000172,606,농가
523000000176,쪽파 특화작목 활성화 지원,농림축산어업,"쪽파 농가 하우스(내재해형,일반) 및 농기자재 지원","○ 쪽파 농가 하우스(내재해형,일반) 및 농기자재 지원",,경상북도 예천군,시군구,농정과,개인,상시신청,방문신청,,농정과/054-650-6275,https://www.gov.kr/portal/rcvfvrSvc/dtlEx/523000000176,565,농가
523000000178,비가림시설 및 노후하우스 자재 지원,농림축산어업,원예작물 재배농가에 비가림시설 및 노후하우스 자재 지원,○ 비가림시설 및 노후하우스 자재 지원,,경상북도 예천군,시군구,농정과,개인,상시신청,방문신청,,농정과/054-650-6275,https://www.gov.kr/portal/rcvfvrSvc/dtlEx/523000000178,676,농가
523000000180,농작물 재해보험료 지원,농림축산어업,보험대상 농작물 경작 농업인에게 농작물 재해보험료 지원,"○ 지원대상 농작물 : 사과, 배, 복숭아, 포도, 담감, 떫은감 등 (52종)

○ 대상재해 : 자연재해, 조수해, 태풍, 동·상해, 병충해 등 모든 재해

○ 재원비율 : 국비 50%, 도비 8.8%, 군비 36.2%, 자부담 5%",,경상북도 예천군,시군구,농정과,개인,작물별 가입시기 상이,방문신청,,농정과/054-650-6992,https://www.gov.kr/portal/rcvfvrSvc/dtlEx/523000000180,758,"농업,농작물"
523000000185,귀농인 영농기반 지원,농림축산어업,귀농인에게 영농기반 자금 지원,○ 농가당 최대 400만원 지원,,경상북도 예천군,시군구,농정과,개인,매년 1월 공모신청,방문신청,,농정과/054-650-6264,https://www.gov.kr/portal/rcvfvrSvc/dtlEx/523000000185,704,"귀농,영농,농가"
523000000186,시설과채류 화분매개 곤충 수정벌 공급,농림축산어업,과채류 재배농가 및 작목반에 수정벌 등 공급 지원,◦ 과채류 수정작업 생력화를 위한 수정벌(꿀벌) 등 공급,,경상북도 예천군,시군구,농업기술센터,법인/시설/단체,공고 후 신청기간내 신청,기타 온라인신청||방문신청,,농업기술센터/054-650-8152,https://www.gov.kr/portal/rcvfvrSvc/dtlEx/523000000186,643,"농업,농가"
523000000556,과채류 엽채류 품질향상기술 현장실증,농림축산어업,과채류 엽채류 생리장해 경감을 위한 농자재 투입,"◦ 과채류 엽채류 생리장해 경감을 위한 농자재 투입
    - 토양개량제, 객토, 온도저감시설, 공기순환팬 등 기타 농자재",,경상북도 예천군,시군구,농업기술센터,개인||법인/시설/단체,1월중,방문신청||직접입력,,박대호/054-650-6464,https://www.gov.kr/portal/rcvfvrSvc/dtlEx/523000000556,109,농업
524000000108,친환경 농산물 재배지 객토 지원,농림축산어업,농업인에게 토양개량용 객토 장비대 지원,"토양개량을 위한 객토 장비대 지원
ha당 600만원(보조50%)",,경상북도 봉화군,시군구,농업기술과,개인,상시신청,방문신청,,농업기술과 친환경과학농업팀/054-679-6877,https://www.gov.kr/portal/rcvfvrSvc/dtlEx/524000000108,622,농업
524000000111,내재해형 비닐하우스 지원,농림축산어업,원예작물 재배농가에 내재해형 비닐하우스 설치 지원,○ 원예작물 재배농가 내재해형 비닐하우스 설치 지원,,경상북도 봉화군,시군구,유통특작과,개인,상시신청,방문신청,,봉화군농업기술센터 유통특작과/054-679-6827,https://www.gov.kr/portal/rcvfvrSvc/dtlEx/524000000111,752,농가
524000000115,감자재배농가 포장재 지원,농림축산어업,감자재배농가에 감자 포장박스 지원,○ 봉화군 거주자 중 감자재배농가를 대상으로 감자 포장박스 1매당 최대 700원 지원,,경상북도 봉화군,시군구,농정축산과,개인,매년 1월,방문신청,,농정축산과/054-679-6820,https://www.gov.kr/portal/rcvfvrSvc/dtlEx/524000000115,609,농가
524000000116,과수 수세안정화 기자재 지원,농림축산어업,과수재배 농업인 등에게 수세안정화 기자재 구입비 지원,"○ 과수 수세안정화 기자재 (원형가지유인기, 가지유인기자재) 구입비 지원
 - 지정단가의 50% 지원",,경상북도 봉화군,시군구,농업기술과,개인,매년 1월~1월 말,방문신청,,봉화군농업기술센터 농업기술과/054-679-6893,https://www.gov.kr/portal/rcvfvrSvc/dtlEx/524000000116,639,농업
524000000117,과수 우량묘목 지원,농림축산어업,과수재배 농업인 등에게 우량묘목 구입비 지원,"○ 과수 우량묘목 구입비 지원
 - 지정단가의 50% 지원",,경상북도 봉화군,시군구,농업기술과,개인,매년 1월~1월 말,방문신청,,농업기술센터 농업기술과/054-679-6892,https://www.gov.kr/portal/rcvfvrSvc/dtlEx/524000000117,682,농업
524000000118,과수 품질향상 기자재 지원,농림축산어업,과수재배 농업인 등에게 과실 품질향상 기자재 구입비 지원,"○ 착색향상 기자재 (반사필름, 착색제, 친환경반사시트) 구입비 지원
 - 지정단가의 50% 지원
○ 인공수분 기자재 (꽃가루,수정벌) 구입비 지원
 - 지정단가의 50% 지원",,경상북도 봉화군,시군구,농업기술과,개인,매년 1월~1월 말,방문신청,,농업기술센터 농업기술과/054-679-6892,https://www.gov.kr/portal/rcvfvrSvc/dtlEx/524000000118,682,농업
524000000119,귀농인 교육훈련비 지원,농림축산어업,전입한 귀농인에게 귀농전문기관 입교 등록비 지원,○ 봉화군 정착귀농인이 타지역·기관 귀농전문기관에 입교하는 경우 등록비 최대 30만원 지원(자부담 20%),,경상북도 봉화군,시군구,농촌활력과,개인,상시신청,방문신청,,농촌활력과/054-679-6858,https://www.gov.kr/portal/rcvfvrSvc/dtlEx/524000000119,759,"귀농,농촌"
524000000120,귀농인 빈집수리비 지원,주거·자립,전입한 귀농인에게 빈집수리비 지원,"○ 만 20세~65세 이하인 봉화군 정착귀농인이 빈집(1년 이상 비어있는 집)을 수리하여 전입시, 수리비 최대 300만원 지원(자부담 20%)",,경상북도 봉화군,시군구,농촌활력과,개인,상시신청,방문신청,,농촌활력과/054-679-6858,https://www.gov.kr/portal/rcvfvrSvc/dtlEx/524000000120,833,"귀농,농촌"
524000000121,귀농인 정착장려금 지원,주거·자립,전입한 귀농인에게 정착장려금 지원,"○ 귀농 정착 3년 경과 후 1년 이내인, 만 20세~65세이하 정착귀농인에게 480만원 지원(퇴직연금 수급자, 근로자 제외)",,경상북도 봉화군,시군구,농촌활력과,개인,상시신청,방문신청,,농촌활력과/054-679-6858,https://www.gov.kr/portal/rcvfvrSvc/dtlEx/524000000121,802,"귀농,농촌"
524000000125,친환경 농산물 재배지 땅뒤집기 지원,농림축산어업,농업인에게 땅뒤집기 장비대 지원,"토양개량을 위한 땅뒤집기 장비대 지원
ha당 180만원(보조50%)",,경상북도 봉화군,시군구,농업기술과,개인,상시신청,방문신청,,농업기술과 친환경과학농업팀/054-679-6877,https://www.gov.kr/portal/rcvfvrSvc/dtlEx/524000000125,727,농업
524000000126,경제작물 육성을 위한 사업 지원(시범),농림축산어업,농업인 등을 대상으로 경제작물 육성 시범사업 지원,○ 봉화군에 주소를 두고 농업경영체를 등록한 농업인(단체)에게 새로운 농업기술 등을 보급하기전 시범적으로 효과 검증을 위하여 추진하는 사업,,경상북도 봉화군,시군구,농업기술과,개인,상시신청,방문신청,,봉화군농업기술센터 농업기술과 작물보호팀/054-679-6884,https://www.gov.kr/portal/rcvfvrSvc/dtlEx/524000000126,594,농업
524000000129,사과 수출단지 병해충 예찰 지원(시범),농림축산어업,사과 수출단체에 병해충 예찰 지원,"고랭지 밀식과원 단지조성, 우량과실 생산을 위한 하계전정기술보급, 밀식과원 동해 고사주 보식용 우량묘목지원, 체리블루베리 묘목지원, 산머루 비가림 시설 지원, 수출사과예찰컨설팅사업, 신품종 보급 시범 및 지원사업",,경상북도 봉화군,시군구,농업기술과,법인/시설/단체,매년 1월~1월 말,방문신청,,농업기술센터 농업기술과/054-679-6892,https://www.gov.kr/portal/rcvfvrSvc/dtlEx/524000000129,539,농업
524000000131,우리품종 전문생산단지 조성 지원(시범),농림축산어업,과수재배 농업인 등에게 사과품종 신규조성 구입비 지원,"○ 국내육성 사과품종 신규조성(지주시설, 관수시설, 묘목 등) 구입비 지원 
 - 지정단가의 50% 지원",,경상북도 봉화군,시군구,농업기술과,개인,매년 1월~1월 말,방문신청,,봉화군농업기술센터 농업기술과/054-679-6892,https://www.gov.kr/portal/rcvfvrSvc/dtlEx/524000000131,610,농업
524000000135,귀농인 이사비용 지원,주거·자립,전입한 귀농인에게 이사관련 비용 지원,○ 봉화군 정착귀농인에게 이사목적 차량 임차 등 이사관련 비용 최대 100만원 지원,,경상북도 봉화군,시군구,농촌활력과,개인,상시신청,방문신청,,농촌활력과/054-679-6858,https://www.gov.kr/portal/rcvfvrSvc/dtlEx/524000000135,669,"귀농,농촌"
524000000142,농작물 드론 방제비 지원,농림축산어업,농업인에게  농작물 드론방제비 지원,○ 농작물 드론 방제비 지원,,경상북도 봉화군,시군구,농정축산과,개인,2024.01.15~2024.02.23,방문신청,,농정축산과/054-679-6822,https://www.gov.kr/portal/rcvfvrSvc/dtlEx/524000000142,674,"농업,농작물"
524000000143,사과원 고품질 과실생산기술 컨설팅(시범),농림축산어업,과수재배 작목반 등에게 생산기술 컨설팅 및 친환경자재 지원,○ 과실생산기술 컨설팅 및 친환경자재 지원,,경상북도 봉화군,시군구,농업기술과,법인/시설/단체,매년 1월~1월 말,방문신청,,농업기술센터 농업기술과/054-679-6893,https://www.gov.kr/portal/rcvfvrSvc/dtlEx/524000000143,487,농업
524000000146,농업용 드론 교육 훈련비 지원,농림축산어업,농업인에게 농업용드론교육훈련비 지원,○ 농업용드론교육훈련비지원,,경상북도 봉화군,시군구,농정축산과,개인,2024.01.05~2024.01.12,방문신청,,농정축산과/054-679-6822,https://www.gov.kr/portal/rcvfvrSvc/dtlEx/524000000146,821,농업
524000000152,농산물직거래판매농가지원,농림축산어업,전년도 택배 실적 50건 이상의 농업인에게 택배비 50% 지원,"○ 전년도 택배 실적 50건 이상 농업인에게 택배비 지원
○ 1농가당 1품목(농산물 한정) 지원",,경상북도 봉화군,시군구,유통특작과,개인,매년 1월~2월,방문신청,,유통특작과/054-679-6854,https://www.gov.kr/portal/rcvfvrSvc/dtlEx/524000000152,1028,"농업,농가"
524000000156,비닐하우스 고온피해 경감시설 지원,농림축산어업,원예작물 재배농가에 전기자동환풍기 등 지원,○ 비닐하우스 천창 전기자동환풍기 등 지원,,경상북도 봉화군,시군구,유통특작과,개인,상시신청,방문신청,,봉화군 농업기술센터 유통특작과/054-679-6827,https://www.gov.kr/portal/rcvfvrSvc/dtlEx/524000000156,667,농가
524000000157,원예작물 중형 관정 지원,농림축산어업,원예작물 재배농가에 중형관정 지원,○ 원예작물 재배농가 중형관정(6인치 일반형)지원,,경상북도 봉화군,시군구,유통특작과,개인,상시신청,방문신청,,봉화군 농업기술센터 유통특작과/054-679-6827,https://www.gov.kr/portal/rcvfvrSvc/dtlEx/524000000157,819,농가
524000000162,과수 연작대응 지원,농림축산어업,과수재배 농업인 등에게 폭염대비 옥가루 보급 지원,"○ 과수 폭염대비 옥가루, 게르마늄, 식물활성제 보급 지원
 - 지정단가의 50% 지원",,경상북도 봉화군,시군구,농업기술과,개인,매년 1월~1월 말,방문신청,,봉화군농업기술센터 농업기술과/054-679-6893,https://www.gov.kr/portal/rcvfvrSvc/dtlEx/524000000162,746,농업
524000000163,친환경 인증 농가 확대 지원,농림축산어업,"친환경농산물 인증 농업인에게 농자재, 상토, 점적시설 등 구입비 지원","친환경농자재, 상토, 점적시설 등 친환경농업 실천에 필요한 자재 구입 지원",,경상북도 봉화군,시군구,농업기술과,개인,상시신청,방문신청,,농업기술과 친환경과학농업팀/054-679-6877,https://www.gov.kr/portal/rcvfvrSvc/dtlEx/524000000163,610,"농업,농가"
524000000165,감자생육촉진 활성화 지원,농림축산어업,감자재배농가에 감자 생육촉진제 지원,"○ 봉화군 거주자 중 감자재배농가를 대상으로 감자 생육촉진제 1봉/병당 기준 최대 25,000원 지원",,경상북도 봉화군,시군구,농정축산과,개인,매년 1월,방문신청,,농정축산과/054-679-6820,https://www.gov.kr/portal/rcvfvrSvc/dtlEx/524000000165,711,농가
524000000169,글로벌 GAP인증단체 육성 지원(시범),농림축산어업,글로벌 GAP 인증단체에 일괄 컨설팅 및 교육비 지원,○ 글로벌 GAP인증 획득을 위한 일괄 컨설팅 및 교육비 지원 100%,,경상북도 봉화군,시군구,농업기술과,법인/시설/단체,매년 1월~1월 말,방문신청,,봉화군 농업기술센터 농업기술과/054-679-6892,https://www.gov.kr/portal/rcvfvrSvc/dtlEx/524000000169,646,농업
524000000174,유기질 퇴비 생산재료 지원,농림축산어업,농업인에게 자가퇴비 생산 재료 지원,"축분, 수피 등 자가퇴비 생산 재료 지원
톤당 40,000원(보조50%)",,경상북도 봉화군,시군구,농업기술과,개인,상시신청,방문신청,,농업기술과 친환경과학농업팀/054-679-6877,https://www.gov.kr/portal/rcvfvrSvc/dtlEx/524000000174,678,농업
524000000178,유기질비료 지원,농림축산어업,농업인 및 농업법인에게 유기질비료 구입시 보조금 지급,"○ 봉화군 소재 농업경영체 등록정보에 등록된 농지를 대상으로 유기질비료를 신청한 농업경영체에 대하여 당초 배정물량에 대해 농협을 통해 공급 받을 시 유기질비료 3종, 부숙유기질비료 2종에 대해 1포/20kg 기준으로 1,700원~ 2,000원 보조금을 지원

○ 유기질비료지원사업은 매년 전국적으로 시행되는 국비지원사업이며 봉화군에서는 비료 신청 농가의 수요를 반영, 군비를 추가 확보하여 농가 지원을 확대하고 있음",,경상북도 봉화군,시군구,농업기술과,개인,사업시행 전년도 11월초~12월초(약 1달간) 신청 접수,방문신청,,농업기술과/054-679-6878,https://www.gov.kr/portal/rcvfvrSvc/dtlEx/524000000178,697,"농업,농가,농지"
526000000108,건채생산농가 유류비 지원,농림축산어업,건채생산농가에 유류비 세액 지원,"○ 유류공급업소 과세판매가격에서 공급단계별 세액 부담부분 지원
 - 부가가치세, 특별소비세, 교육세, 교통세 및 주행세 등
 - 건채 수매 및 생산판매에 대한 유류비 일부 보조",,경상북도 울릉군,시군구,기술보급과,개인,상시신청,방문신청,,기술보급과/054-790-6484,https://www.gov.kr/portal/rcvfvrSvc/dtlEx/526000000108,756,농가
526000000116,친환경 농업용 톱밥 및 자재 지원,농림축산어업,"농업인에게 친환경농업용 톱밥, 친환경자재 지원","○ 사업명 : 친환경농업용 톱밥지원사업
 - 사업내용 : 재배면적에 따른 톱밥공급량 지원기준
 - 지원기준 및 한도
 - 1,000㎡(약300평) 이상 3,304㎡(약1,000평) 미만   : 지원한도 200포
 - 3,304㎡(약1,000평) 이상 9,917㎡(약3,000평) 미만  : 지원한도 300포
 - 9,917㎡(약3,000평) 이상 : 지원한도 400포
 ※ 1포 가격 : 9,500원정도(1포당 보조 7,500원, 자부담 2,000원)

○ 사업명 : 친환경자재 지원사업
 - 지원내용 : 관내 농작물 병충해 예방과 방제에 적합한 친환경자재, 미량요소 및 육묘용,블루베리용 상토, 유기농업자재공시품 등
 - 지원기준 및 한도 
  - 친환경자재(유기농업자재공시품) : 40만원 이하
  - 육묘용 및 블루베리용 상토 : 50포 이하


 ※ 친환경자재는 농촌진흥청 고시에 등록된 자재 우선 공급",,경상북도 울릉군,시군구,기술보급과,개인,상시신청,방문신청,,기술보급과/054-790-6484,https://www.gov.kr/portal/rcvfvrSvc/dtlEx/526000000116,653,"농업,농촌,농작물"
533000000115,K-농산물 시설개선 지원,농림축산어업,"농산물 수출농가에 환경제어 개선, 에너지절감, 무인방제시설 등 지원","○ 지원내용 : 환경제어 개선, 에너지절감, 양액시설, 무인방제시설 등 지원
○ 보조비율 : 보조 50%, 자부담 50%",,경상남도 통영시,시군구,농축산과,개인,2025. 1. 2.~2025. 1.24.,방문신청,,농축산과/055-650-6222,https://www.gov.kr/portal/rcvfvrSvc/dtlEx/533000000115,737,농가
533000000125,GAP 인증농가 포장재 지원,농림축산어업,농업인 중 GAP 인증농가에 인증 농산물 포장재 지원,"○ 지원내용 : GAP 인증 농산물 포장재 지원

○ 보조비율 : 보조 80%, 자부담 20%",,경상남도 통영시,시군구,농축산과,개인,상시신청,방문신청,,농축산과/055-650-6221,https://www.gov.kr/portal/rcvfvrSvc/dtlEx/533000000125,926,"농업,농가"
533000000133,유기질비료 지원,생활안정,"O 유기질비료 지원
   - 농업경영체 등록을 필한 농업인에게 유기질비료 지원","O 지원요건 : 농업경영정보 등록농지를 가진 농업경영체
O 지원대상
  - 유기질비료(3종) : 혼합유박, 혼합유기질, 유기복합
  - 부숙유기질비료(2종) : 퇴비, 가축분퇴비
O 지원단가
 - 유기질비료 : 포당 1,600원
 - 부숙유기질비료 : 포당 1,300원(2등급) ~ 1,600원(특등급)",,경상남도 통영시,시군구,농업기술과,개인,공급 전년도 6월~7월,방문신청,,농업기술과/055-650-6323,https://www.gov.kr/portal/rcvfvrSvc/dtlEx/533000000133,651,"농업,농지"
534000000116,과원관리 생력기계화 지원,생활안정,과수재배농가에 과원 병해충 방제기 지원,"○ 사천시 과수 재배농가 과원 농기계 구입비용 지원(SS방제기, 농산물 선별기 등)
* 농기계 목록집’융자지원한도액 100만원 이상 농기계",,경상남도 사천시,시군구,기술지원과,개인,2025-01-02 ~ 2025-01-17,방문신청,,기술지원과/055-831-3876,https://www.gov.kr/portal/rcvfvrSvc/dtlEx/534000000116,742,농가
535000000155,과수농가 휴대용 전동가위 구입 지원,생활안정,과수농업인에게 휴대용 자동전동가위 지원,"○ 노동력 절감과 생산성 향상으로 과수산업 경쟁력을 높이기 위해 휴대용 자동전동가위 지원

○ 지원내용 : 휴대용 자동전동가위 구입비 지원

○ 지원단가 : 3백만원/대 상한(보조 50%, 자부담 50%)

○ 한국농기계협동조합 농업기계목록집에 등재된 농기계에 한해 지원",,경상남도 김해시,시군구,농식품유통과,개인,매년 1월말경,정부24온라인신청||방문신청,,농식품유통과/055-350-4094,https://www.gov.kr/portal/rcvfvrSvc/dtlEx/535000000155,875,"농업,농가"
535000000157,단감 생육장애 개선 지원,농림축산어업,단감재배농가에 유기농업자재 구입 지원,"○ 기상이변에 따른 단감 생산량 감소 및 단감나무 생육 부진 피해 발생에 따라 유기농자재 지원을 통해 농가 피해를 최소화하고자 함 

○ 사업대상 : 생산유통조직 참여 출하 농협(실수혜자 : 단감 재배농가)

○ 지원비율 : 시 50%, 자담 50%

○ 사업내용 : 유기농업자재(토양개량 및 작물생육용) 구입 지원",,경상남도 김해시,시군구,농식품유통과,개인,상시신청,방문신청,,농식품유통과/055-350-4093,https://www.gov.kr/portal/rcvfvrSvc/dtlEx/535000000157,980,"농업,농가"
535000000161,퇴비 처리 및 부숙 장비(스키드로더) 지원,농림축산어업,축산농가에 퇴비 처리 및 부숙 위한 스키드로더 장비 지원,"○ 지원내용 : 축산농가에 퇴비 처리 및 부숙 위한 스키드로더 장비 지원

○ 지원조건
 - 축산업 허가 등록을 완료한 관내 축산농가
 - 보조 40% 자담 60%",,경상남도 김해시,시군구,축산과,개인,상시신청,방문신청,,김해시 농업기술센터 축산과/055-350-4123,https://www.gov.kr/portal/rcvfvrSvc/dtlEx/535000000161,672,농가
537000000189,야생동물로 인한 피해보상 지원,농림축산어업,야생동물 피해보상,"○ 야생동물에 의해 인적물적 피해를 입은 경우 피해 보상금을 지원(농작물 등 피해 보상비, 병원비 등 지원)
 -농작물 등 피해보상비 최대 500만원
 -신체상해는 치료비 중 실제본임부담액 최대500만원
 -사망의 경우 위로금, 장제비로 최대 1000만원",,경상남도 거제시,시군구,기후환경과,개인,상시신청,방문신청,,기후환경과/055-639-3944,https://www.gov.kr/portal/rcvfvrSvc/dtlEx/537000000189,624,농작물
537000000224,반려동물등록 대행수수료 지급,농림축산어업,반려동물 등록 대행처 수수료 지급,반려동물등록대행처에 대행수수료 지급,,경상남도 거제시,시군구,농업정책과,법인/시설/단체,상시신청,방문신청,,055-639-6363/055-639-6363,https://www.gov.kr/portal/rcvfvrSvc/dtlEx/537000000224,1118,농업
538000000104,농산물 저온저장고 지원,농림축산어업,농업인에게 저온저장고 설치 지원,"○ 지원내용 : 저온저장고(10㎡ 이하) 설치 지원

○ 지원기준 : 1농가당 1개소 지원(농가당 사업비 700만원 이내)

○ 지원대상 : 관내에 거주하며 관내에서 채소를 재배 중인 농업경영인",,경상남도 양산시,시군구,농정과,개인,2023.01.18~2023.02.10,방문신청,,농정과/055-392-5312,https://www.gov.kr/portal/rcvfvrSvc/dtlEx/538000000104,740,"농업,농가"
539000000104,귀농·귀촌 빈집개량 및 설계비 지원,주거·자립,"귀농귀촌세대에게 빈집개량, 건축설계를 위한 비용 지원","○ 귀농귀촌인 빈집개량
 - 지붕·창호·도배·장판·보일러·기타설비 등 개량사업
 - 최대 200만원/동 (자부담 50%)

○ 귀농귀촌인 건축설계비 지원
 - 주택설계비 150만원 지원
 - 관내 설계사무소 이용 시 50만원 추가 감면 협약",,경상남도 의령군,시군구,도시재생과,개인,상시신청,방문신청,,도시재생과/055-570-3542,https://www.gov.kr/portal/rcvfvrSvc/dtlEx/539000000104,850,"귀농,귀촌"
540000000122,친환경 농산물 인증비용 지원,농림축산어업,친환경 농가에 친환경농산물 인증 비용 지원,"○ 친환경농산물 인증비용 지원
 - 수수료, 토양검사비, 잔류농약검사비, 수질검사비
 - 100%(예산범위 내 지원 비율 조정)",,경상남도 함안군,시군구,농축산과,개인,매년 11월,방문신청,,함안군 농축산과/055-580-4454,https://www.gov.kr/portal/rcvfvrSvc/dtlEx/540000000122,528,농가
541000000104,농촌 특수질병 검진비 지원,보건·의료,"의료취약계층등을 대상으로 전립선암, 갑상선기능검사 등 지원","○ 관내 의료취약계층 저소득층을 대상으로 특수질병 6종 검사시(*남여 각 5종)시 발생하는 본인부담비용 지원
  -남(5종): 전립선암, 갑상선기능검사, 동맥경화도, 심전도, 골밀도
  -여(5종): 난소암, 갑상선기능검사, 동맥경화도, 심전도, 골밀도",,경상남도 창녕군,시군구,건강관리과,개인,상시신청,방문신청||직접입력,,보건소/055-530-6223,https://www.gov.kr/portal/rcvfvrSvc/dtlEx/541000000104,916,농촌
541000000108,농업인자녀 학자금 지원,생활안정,농업인의 자녀에게 학자금 지원,창녕군 내 거주하며 무상교육 제외 대상 고등학교에 재학하는 자녀나 직접부양하는 손자녀·조카·동생이 있는 농어업인에게 1인 80만원 이내 당해 학교의 수업료와 입학금을 지원함,,경상남도 창녕군,시군구,농업정책과,개인,상시신청,방문신청,,농업정책과/055-530-6084,https://www.gov.kr/portal/rcvfvrSvc/dtlEx/541000000108,1024,농업
541000000115,"목재펠릿 연소기(보일러, 난로) 보급 지원",농림축산어업,"○보일러, 난로: 등록제품 보급단가 기준
  -주택용: 자부담 30%","○보일러: 등록제품 보급단가 기준
  - 주택용(임업,농업,상업용 포함): 등록제품 보급단가를 기준으로 국비(30%)와 지방비(40%)를 지원한도액으로 하고, 30%는 자부담
○난로: 등록제품 보급단가 기준
  -주택용(임업,농업,상업용 포함): 등록제품 보급단가를 기준으로 국비(30%)와 지방비(40%)를 지원하되, 최대 150만원까지 지원, 그 외는 자부담",,경상남도 창녕군,시군구,산림녹지과,개인,상시신청,방문신청,,창녕군청 산림녹지과/055-530-1675,https://www.gov.kr/portal/rcvfvrSvc/dtlEx/541000000115,1047,농업
541000000136,야생동물로 인한 피해보상 지원,생활안정,야생동물로 인한 피해보상 지원,"○야생동물로 인한 피해보상 지원
 - 유해야생동물로 인한 농작물 피해 보상
 - 농작물, 피해 면적 및 정도, 생장율, 등에 따라 산정하여 차등 지원",,경상남도 창녕군,시군구,환경위생과,개인,상시신청,방문신청,,055-530-1605/055-530-1605,https://www.gov.kr/portal/rcvfvrSvc/dtlEx/541000000136,706,농작물
541000000137,공동 농작업 대행료 지원,농림축산어업,"무인항공기(무인헬기,드론), 광역방제기를 활용한 공동농작업 대행료 지원","무인항공기(무인헬기,드론), 광역방제기를 활용한 공동농작업 대행료 지원",,경상남도 창녕군,시군구,농업정책과,개인,매년 5월~6월,방문신청,,농업정책과 농업지원팀/055-530-6065,https://www.gov.kr/portal/rcvfvrSvc/dtlEx/541000000137,659,농업
541000000138,친환경농산물 인증수수료 지원사업,농림축산어업,"친환경농산물 인증(무농약, 유기농)에 소요되는 제비용 지원","○ 지원내용
  - 인증신청수수료, 출장비, 인증심사관리비 지원
  - 수질검사비, 토양중금속검사비, 농약잔류검사비 지원
  - 친환경농산물 인증 용도 외의 검사 비용은 제외

○ 지원조건
  - 관내 주소지를 두고 관내 농지에 친환경 인증을 받은 인증농가
  - 선 인증 후 인증검사비용 지원
  - 사업대상자별 1건 기준이 원칙이나, 예산 범위 내에서 3건까지 지원 가능(단, 인증번호를 달리할 것)

○ 신청기간 : 2026. 1. 2. ~ 2026. 12. 4. 수시 접수

○ 접 수 처 : 사업소재지 읍면 사무소 산업경제팀 접수

○ 제출서류
  - 지원사업 신청서
  - 친환경 인증서 사본 
  - 신청수수료, 출장비, 인증심사관리비 영수증 또는 전자세금계산서
  - 검사결과서 및 검사기관으로부터 교부받은 전자세금계산서
  - 통장사본",,경상남도 창녕군,시군구,농업정책과,개인,상시신청,정부24온라인신청||방문신청,,농업정책과/055-530-6074,https://www.gov.kr/portal/rcvfvrSvc/dtlEx/541000000138,669,"농업,농가,농지"
542000000101,HACCP 및 무항생제 사후관리 지원,농림축산어업,안전축산물 대상 농가에 HACCP 및 무항생제 사후관리 지원,○ 안전축산물생산 프로그램운영에 따른 생산보상,,경상남도 고성군,시군구,축산과,개인,상시신청,방문신청,,농업기술센터 축산과/055-670-4323,https://www.gov.kr/portal/rcvfvrSvc/dtlEx/542000000101,1047,농가
542000000108,과원 현대화 지원,농림축산어업,과수 재배농가를 대상으로 노후 과원 시설보완 지원,○ 과수 재배농가 대상 노후화된 과원 시설보완,,경상남도 고성군,시군구,농업기술과,개인,접수기관 별 상이,방문신청,,농업기술과 과수화훼/055-670-4223,https://www.gov.kr/portal/rcvfvrSvc/dtlEx/542000000108,768,"농업,농가"
542000000116,과수 안전농산물 생산 지원,농림축산어업,"참다래, 단감 작목반 등 과수 재배 필요 자재 구입 지원",○ 과수 재배에 필요한 자재 구입 지원,,경상남도 고성군,시군구,농업기술과,법인/시설/단체,접수기관 별 상이,방문신청,,농업기술센터 농업기술과/055-670-4224||농업기술센터 농업기술과/055-670-4222,https://www.gov.kr/portal/rcvfvrSvc/dtlEx/542000000116,835,농업
542000000123,친환경 인증 수수료 및 분석비 지원,농림축산어업,친환경 농업인 등에게 친환경인증 수수료 및 분석비 지원,○ 친환경인증을 받은 농업인 및 단체를 대상으로 친환경인증 수수료 및 분석비 지원,,경상남도 고성군,시군구,농업기술과,개인,2026.11.1~12.2,방문신청,,농업기술센터 농업기술과/055-670-4212,https://www.gov.kr/portal/rcvfvrSvc/dtlEx/542000000123,570,농업
542000000124,귀농세대 지원,주거·자립,"귀농인 및 재촌비농업인에게 초기 시설자금 지원
 (보조금 50%, 자부담50%)","○ 귀농초기 시설자금 지원
   -영농 규모 확대, 시설확충 및 개보수, 하우스 설치, 과원조성, 묘목 및 종근 구입, 농기계 구입 등 기타 농축산기반시설 확충",,경상남도 고성군,시군구,농촌정책과,개인||가구,2026. 1. ~ 2.,방문신청,,농업기술센터 농촌정책과/055-670-4134,https://www.gov.kr/portal/rcvfvrSvc/dtlEx/542000000124,1529,"귀농,농업,영농,농촌"
542000000125,소사육농가 진료비 지원,농림축산어업,소 사육농가를 대상으로 진료비 50% 지원,"○ 소 사육농가 진료비 지원
 - 농가당 진료비 50% 지원(최대 50만원 한도)",,경상남도 고성군,시군구,축산과,개인,상시신청,방문신청,,농업기술센터 축산과/055-670-4324,https://www.gov.kr/portal/rcvfvrSvc/dtlEx/542000000125,628,농가
543000000106,영농자재 무상지원,농림축산어업,귀농세대에게 영농자재 무상 지원,"○ 귀농세대당 100만원 이내 지원
  - 묘목, 모종 또는 영농자재(소모성 물품) 구입",,경상남도 남해군,시군구,인구청년정책단,가구,상시신청,방문신청,,인구청년정책단/055-860-8839,https://www.gov.kr/portal/rcvfvrSvc/dtlEx/543000000106,583,"귀농,영농"
543000000113,친환경 인증 농가 · 작목반 보상금 지원,농림축산어업,친환경 인증을 받은 농가 및 작목반 보상금 지급,"○ 친환경 인증면적에 따른 보상급 지급

○ 지원대상
  - 농산물(무농약,유기) 친환경인증 농가
  - 친환경인증작목반으로 친환경농산물의무자조급을 성실 납부한 인증사업자에 한해 지원

○ 당해년도 신규로 인증 받은 농가와 작목반은 다음해에 신청",,경상남도 남해군,시군구,농업기술과,개인,상시신청,정부24온라인신청||방문신청,,농업기술과/055-860-3954,https://www.gov.kr/portal/rcvfvrSvc/dtlEx/543000000113,735,"농업,농가"
543000000114,영세농 유기질비료 지원,농림축산어업,"농산물 생산에 사용하는 부산물비료(유기질비료, 부숙유기질비료) 구입비 일부 지원","○ 유기질 비료 지원

○ 지원자격 및 요건
 - 농업경영정보를 등록한 농업경영체로서 유기질비료를 농산물 생산에 사용하는 자

○ 지원대상 비료
 - 유기질비료(3종) : 혼합유박, 혼합유기질, 유기복합비료
 - 부숙유기질비료(2종) : 가축분퇴비, 퇴비",,경상남도 남해군,시군구,농업기술과,개인,접수기관 별 상이,방문신청,,농업기술과/055-860-3952,https://www.gov.kr/portal/rcvfvrSvc/dtlEx/543000000114,577,농업
544000000102,친환경 농업 인증 지원,농림축산어업,친환경 재배 농업인에게 인증 관련 비용 지원,"○ 친환경농산물·유기가공식품·취급자 인증(갱신, 연장 포함)에  소요되는 인증수수료 등 비용 지원",,경상남도 하동군,시군구,농업소득과,개인,상시신청,방문신청,,농업소득과/055-880-2713,https://www.gov.kr/portal/rcvfvrSvc/dtlEx/544000000102,868,농업
544000000107,소득화 특화작목 육성 지원,농림축산어업,"체리, 베리류 등 재배 농업인에게 묘목구입비, 시설 현대화 등 육성지원","○ 소득화 특화 작목육성
 - 온주밀감 재배 시범포 운영
 - 참다래 궤양병 저항성 향상시범
  ㆍ참다래 궤양병 저항에 도움이 되는 영양제 50% 지원
 - 소득화 과수 시범생산
  ㆍ신소득 과수 묘목 공급지원 등",,경상남도 하동군,시군구,농업소득과,개인,상시신청,방문신청,,농업소득과/055-880-2723,https://www.gov.kr/portal/rcvfvrSvc/dtlEx/544000000107,603,농업
544000000113,수출 단호박 재배단지 조성 지원,농림축산어업,"단호박 재배 농업인에게 종자, 비닐 등 지원","○ 수출 단호박 재배 기반조성
 - 종자, 비닐 등 지원",,경상남도 하동군,시군구,농업소득과,개인,접수기관 별 상이,방문신청,,농업소득과/055-880-2724,https://www.gov.kr/portal/rcvfvrSvc/dtlEx/544000000113,521,농업
544000000117,토봉농가 생산성 향상 지원,농림축산어업,토봉농가에 모봉구입 및 사육기자재 지원,○ 토봉농가 대상 모봉구입 및 사육기자재 지원(보조 50%),,경상남도 하동군,시군구,농축산과,개인,상시신청,방문신청,,농축산과/055-880-2433,https://www.gov.kr/portal/rcvfvrSvc/dtlEx/544000000117,647,농가
544000000120,채소류 생산시설 현대화 지원,농림축산어업,"채소류 재배 농업인에게 시설개선, 장비 등 지원","○ 양상추생산시설개선 지원사업 : 양상추 노후시설 개선 지원

○ 취나물 톡화단지 육성 : 노후시설개선, 수막시설, 개폐기 교체, 방제라인 등

○ 수출유망 메론 작목육성사업 : 노후하우스 시설보완, 다겹보온커튼 등

○ 부추재배단지 육성 : 고압방제기 및 컴프레셔, 자동개폐기, 부추결속기 등",,경상남도 하동군,시군구,농업소득과,개인,접수기관 별 상이,방문신청,,농업소득과/055-880-2724,https://www.gov.kr/portal/rcvfvrSvc/dtlEx/544000000120,555,농업
545000000102,한방약초 안정 생산 지원,농림축산어업,"농업인에게 약초재배 시 필요한 모종, 종자 등 농자재 구입비 지원","○ 약초재배 시 필요한 모종, 종자, 농자재 구입비용의 50% 지원",,경상남도 산청군,시군구,한방항노화과,개인,상시신청,방문신청,,한방항노화과/055-970-6601||한방항노화과/055-970-6604,https://www.gov.kr/portal/rcvfvrSvc/dtlEx/545000000102,619,농업
545000000103,귀농·귀촌·귀향인 주택수리비 지원,주거·자립,귀농귀촌귀향인이 소유 또는 임차한 주택의 수리비용 700 만원 이내 지원,○ 귀농귀촌귀향인이 소유 또는 임차한 주택의 수리 비용 700만원 이내 지원,,경상남도 산청군,시군구,농축산과,개인,2월 공고,방문신청,,농축산과/055-970-7853,https://www.gov.kr/portal/rcvfvrSvc/dtlEx/545000000103,878,"귀농,귀촌"
545000000116,친환경 농자재(우렁이) 지원,농림축산어업,친환경농가 등에 우렁이 구입비 지원,○ 친환경농자재 우렁이 구입비 지원,,경상남도 산청군,시군구,농축산과,개인,매년 초,방문신청,,농업기술센터 농축산과/055-970-7812,https://www.gov.kr/portal/rcvfvrSvc/dtlEx/545000000116,282,농가
546000000114,친환경 장기 인증 농가 지원,농림축산어업,"친환경농산물(무농약) 인증을 받은 농업인, 임업인 및 법인으로  4회차부터 직불금 지원","○ 지원내용 : 친환경인증(무농약) 4회차부터 직불금 지원

○ 지원단가(원/㎡)
 - 논 38원, 밭(과수) 60원, 밭(채소, 특작, 기타) 55원",,경상남도 함양군,시군구,농축산과,개인,상반기,방문신청,,농축산과/055-960-8120,https://www.gov.kr/portal/rcvfvrSvc/dtlEx/546000000114,529,"농업,농가"
546000000119,귀농인 농지임대료 지원,농림축산어업,귀농인에게 농지 임차료의 80% 지원,○ 농어촌 공사를 통해 임대차 계약 체결된 농지 임차료의 80% 지원,,경상남도 함양군,시군구,인구정책과,개인,상시신청,방문신청,,인구정책과/055-960-4190,https://www.gov.kr/portal/rcvfvrSvc/dtlEx/546000000119,787,"귀농,농지"
546000000121,귀농인 영농정착 지원사업,농림축산어업,"귀농인에게 농기계 구입비, 묘목, 저장시설 등 영농정착 지원","○ 귀농인 영농정착지원 사업
 - 농기계 구입비, 저장시설 등
 - 최대 500만원 지원",,경상남도 함양군,시군구,인구정책과,개인,연초(1월),방문신청,,인구정책과/055-960-4190,https://www.gov.kr/portal/rcvfvrSvc/dtlEx/546000000121,708,"귀농,영농"
546000000122,농기계 구입비용 지원,농림축산어업,"농업인 등에게 농기계 구입비용의 50% 지원
-트랙터,이앙기(승용,.보행),논두렁조성기","○ 지원기종별 대당한도액의 50% 지원
 - 트랙터,이앙기(승용,.보행),논두렁조성기",,경상남도 함양군,시군구,농산물유통과,개인,수요조사후 읍면사무소 신청,방문신청,,농산물유통과/055-960-8353,https://www.gov.kr/portal/rcvfvrSvc/dtlEx/546000000122,922,농업
546000000123,산양삼 종자 및 토양 미생물제 지원,농림축산어업,산양삼 재배농가에 종자 및 토양미생물제 구입비 지원,○ 산양삼 종자 및 토양미생물제 구입비 지원,,경상남도 함양군,시군구,산삼항노화과,개인,매년 2~3월,방문신청,,산삼항노화과/055-960-6414,https://www.gov.kr/portal/rcvfvrSvc/dtlEx/546000000123,512,농가
546000000131,친환경 농업 육성 지원,농림축산어업,"친환경인증 작목반 등에게 교육, 인증수수료, 논 깊이갈이 등 지원","○ 친환경농업인 교육, 친환경인증수수료, 친환경 논 깊이갈이 지원 등",,경상남도 함양군,시군구,친환경농업과,개인,상시신청,방문신청,,친환경농업과/055-960-8214,https://www.gov.kr/portal/rcvfvrSvc/dtlEx/546000000131,577,농업
547000000107,과수 자연재해 경감 지원,농림축산어업,과수재배농가 등에 자연재해 경감 영양제 및 녹색필름 비용 지원 등,"○ 자연재해 경감제 비용 50% 지원(30만원/ha)

○ 복숭아 결실 봉지 50% 지원(30만원/ha)

○ 녹색필름 비용 50% 지원(100만원/0.5ha)

○ 고체연료 구입비 지원 50% (9만원/ 1인 / 100개)",,경상남도 거창군,시군구,농업소득과,개인,2025. 12. 31. ~ 2026. 1. 21.,방문신청,,농업기술센터/055-940-8243,https://www.gov.kr/portal/rcvfvrSvc/dtlEx/547000000107,793,"농업,농가"
547000000111,과수 스마트 인공수분 지원,농림축산어업,"인공수분 희망농가 등에 드론임차료, 첨가제 등 비용 50% 지원","인공수분 희망농가 등에 드론임차료, 수정벌 입식, 꽃가루, 인공수분용 기자재 등 비용 50% 지원",,경상남도 거창군,시군구,농업소득과,개인,2025. 12. 31. ~ 2026. 1. 21.,방문신청,,농업기술센터/055-940-8244,https://www.gov.kr/portal/rcvfvrSvc/dtlEx/547000000111,537,"농업,농가"
547000000120,논 소득기반 보상금 지급,농림축산어업,논타작물 재배 지원사업 참여농가에 추가 인센티브 보상금 지급,○ 논타작물 재배지원 참여농가 추가 인센티브 보상금 지급,,경상남도 거창군,시군구,농업소득과,개인,매년 상반기 신청접수,신청불필요,,농업기술센터/055-940-8193,https://www.gov.kr/portal/rcvfvrSvc/dtlEx/547000000120,547,"농업,농가"
547000000122,친환경 농산물 생산자재 지원사업,농림축산어업,친환경농산물 인증농가에 생산자재 구입비 지원,"1. 사업대상 : 친환경농법 실천 농업인 및 농업인 단체
2. 지원자재 : 친환경농산물 생산에 필요한 자재
   - 잡초 방제 : 방초망, 천연원료 등
   - 병충 방제 : 친환경유기농자재 목록 등록제품, 천연원료 등
   - 작물 생육 : 친환경유기농자재 목록 등록제품, 천연원료 등
   - 비산 방지 : 비산방지망, 지주파이프 등
  ※ 친환경농어업 육성 및 유기식품 등의 관리․지원에 관한 법률에 따른 사용 가능자재
3. 지원기준 : 적용 단가의 70% 기준 보조(예산 범위 내 조정)
  - 재배난이도 적용단가 : 상 200만원/ha, 중 150만원/ha, 하 100만원/ha
  - 지원 상한 면적 : 5ha(쌀의 경우 지원상한 제외)",,경상남도 거창군,시군구,미래농업과,개인||법인/시설/단체,매년 1월 신청접수,방문신청,,거창군농업기술센터/055-940-8206,https://www.gov.kr/portal/rcvfvrSvc/dtlEx/547000000122,506,"농업,농가"
547000000123,농작물 재해보험 지원,농림축산어업,보험대상 농작물을 경작하는 개인 등에게 농작물 재해보험료 지원,○ 농작물 재해보험 가입농가의 납부 보험료 지원,,경상남도 거창군,시군구,농업소득과,개인,상시신청,방문신청,,농업기술센터/055-940-8243,https://www.gov.kr/portal/rcvfvrSvc/dtlEx/547000000123,551,"농업,농가,농작물"
547000000125,시설원예 연작장해 대책 지원,농림축산어업,시설원예 재배농가에 토양소독 및 개량제 비용 50% 지원,"○ 시설하우스 토양(배지)소독 및 개량제 비용 50% 지원
 - 한도 하우스 한동당 296천원",,경상남도 거창군,시군구,농업소득과,개인,매년 3월 신청접수,방문신청,,농업기술센터/055-940-8235,https://www.gov.kr/portal/rcvfvrSvc/dtlEx/547000000125,656,"농업,농가"
547000000128,지역농산물 활용 사과 퓨레 지원,보육·교육,영아양육 세대 사과퓨레 2박스(1박스 : 70g×30개입) 지원,거창군 관내 영아(0~12개월)를 양육하는 세대에 연간 사과퓨레 이유식 2박스(1박스 : 70g×30개입)  지원(생애최초 1회 지원),,경상남도 거창군,시군구,미래농업과,가구,상시신청,방문신청,,농업기술센터/055-940-8153,https://www.gov.kr/portal/rcvfvrSvc/dtlEx/547000000128,789,농업
547000000131,친환경 제초용 우렁이 지원,농림축산어업,우렁이농법 실천 벼 재배 농업인에게 제초용 우렁이 구입비 지원,"1. 사업대상 : 관내 우렁이농법 실천 벼 재배 농업인 및 단체
  2. 사업내용 : 우렁이농법 실천 벼 재배농가에 제초용 우렁이 공급
  3. 지원기준
    가. 지원량 : 15kg/ha(친환경농가 15kg, 일반농가 15kg)
    나. 단  가 (상한단가): 12,000원/kg(친환경농가 100%, 일반농가 70%)
    다. 종  류 : 새끼우렁이(치패) 0.8 ~ 1.2cm
  4. 지원조건 : 거창군에서 실시하는 우렁이 일제수거 운영기간 참여(연간 2~3회 실시)",,경상남도 거창군,시군구,미래농업과,개인,매년 2월 전후 신청접수,방문신청,,거창군농업기술센터/055-940-8202,https://www.gov.kr/portal/rcvfvrSvc/dtlEx/547000000131,514,"농업,농가"
547000000133,과수농 농약대체 석회보르도액 구입 지원,농림축산어업,과수재배농가에 석회보르도액 생산자재 구입비 지원,"1. 사업대상 : 석회보르도액을 사용하는 과수재배 단지(최소 10ha 이상)
2. 지원내용 : 석회보르도액 자재 지원(사업비 50%보조. 지원 상한 금액 : 85만원/ha.  예산 범위 내 조정)",,경상남도 거창군,시군구,미래농업과,개인||법인/시설/단체,매년 1월 신청접수,방문신청,,농업기술센터/055-940-8203,https://www.gov.kr/portal/rcvfvrSvc/dtlEx/547000000133,701,"농업,농가"
547000000524,거창군민안전보험,행정·안전,재난이나 그밖의 각종 사고로 피해가 발생한 경우 그 피해를 보상,"- 자연재해(일사병, 열사병, 저체온증 포함) : 사망 2,000만원 / 후유장해 최대 1,000만원
- 사회재난(감염병 제외) : 사망 1,000만원 / 후유장해 최대 1,000만원
- 농기계(농업기계화 촉진법 시행규칙 농업기계의 범위에 해당하는 기계) 사고 : 사망 4,000만원 / 후유장해 최대 4,000만원
- 폭발, 화재, 붕괴  : 사망 2,000만원 / 후유장해 최대 1,000만원
- 대중교통 이용 중 일어난 교통사고 : 사망 2,000만원  / 후유장해 최대 1,000만원
- 뺑소니사고 또는 무보험자동차에 의한 사고 : 사망 2,000만원 / 후유장해 최대 1,000만원
- 개인형 이동장치 사고 : 사망2,000만원 / 후유장해 최대1,000만원
- 스쿨존 교통사고 : 부상치료비 최대2,000만원
- 실버존 사고 : 치료비 담보 최대2000만원
- 유독성 물질 사망 500만원
- 익사 사망 1,900만원
- 화상 수술비 100만원
- 성폭력 범죄 : 피해 300만원, 상해 300만원
- 개물림사고, 개 부딪힘사고 진단비(최초) 10만원",,경상남도 거창군,시군구,안전총괄과,개인,상시신청,직접입력,,거창군청 안전총괄과/0559403631,https://www.gov.kr/portal/rcvfvrSvc/dtlEx/547000000524,415,농업
548000000106,농업기계화 맞춤형 지원,농림축산어업,"농업인에게 목록집에 실린 농기계를 지원, 한도액의 50% 보조","○ 지원대상 기종
 - 융자지원한도액 1,000천원 이상 최근 “정부지원 농업기계목록집” 및 ""일반 농업기계목록집""의 농기계(장비)

○ 지원조건 : 보조금 50%, 자부담 50% (최고 보조 한도액 : 15,000천원)
 - 보조금은 융자지원한도액을 기준으로 50% 책정
 - 보조금 최대 지원액은 소형농기계의 경우 5,000천원, 중형 농기계 및 농기계 시설의 경우 20,000천원
 - 자부담 일부를 정부 융자지원 받을 경우 보조금과 융자지원금 합계액이 정부융자한도액(본체가격만 반영, 부속작업기 제외)을 초과할 수 없음",,경상남도 합천군,시군구,농업유통과,개인,2024.12.20~2025.01.13,방문신청,,농업유통과/055-930-4763,https://www.gov.kr/portal/rcvfvrSvc/dtlEx/548000000106,756,농업
548000000113,사료운송비 및 브랜드 장려금 지원,농림축산어업,"사료운송비, 축산물 출하 장려금 지원","○ 사료운송비 지원사업
   - 사업내용 : 사료운송비 지급
   - 사업대상 : 합천축협사료공장에서 생산되는 브랜드 전문 사료를 구입하는 양축농가
   - 지원단가 
     · 가루사료, 섬유질사료  : 18원/kg
     · 가루사료(톤백사료), 베이스사료(톤백사료) : 14원/kg
     · 한돈벌크 : 8원/kg, 한우벌크 : 12원/kg

○ 브랜드 장려금 지원사업

    - 합천황토한우 출하장려금 지원사업
      · 지급대상 : 합천황토한우 전문사료를 급여한 축산업(등록·허가)농가로 다음에 해당하는 경우
        *합천황토한우 전문판매점에 이용 도축 및 축산물 공판장에 상장경매 된 고급육
        *한우관련 경진대회 출품우 중 고급육
        *합천축협을 통화여 이용 도축하여 합천군에서 지정한 합천 황토한우전문판매점 및 가맹점으로 판매되는 고급육
      · 지원단가 :  등급에 따라 400천원 ~ 100천원으로 차등 지급

    - 심바우포크 출하장려금 지원사업
      · 지급대상 및 지원단가 : 합천군 내 한돈사업장을 가지고 있는 자로서 합천축협 또는 합천돼지자가사료 영농조합법인 사료공장에서 생산된 심바우포크 전용사료(전 
                                              구간 급여)를 급여하여 생산한 돼지를 심바우포크 브랜드상표권자인 합천한돈영농조합법인에서 지정한 경남도내의 축산물 가공업체에 출
                                              하하여 도축된 돼지 중 고급육으로 판정된 돼지에 한하여 두당 5천원 보조 지원 
 - 합천토종흑돼지 출하장려금 지원사업
      · 지급대상 및 지원단가 : 합천군 내 사업장을 가지고 있는 자로서 생산한 토종돼지를 합천토종흑돼지 직영점 또는 전문판매점을 통하여 출하된 돼지에 한하여 두당 5
                                              천원 보조 지원",,경상남도 합천군,시군구,축산과,개인,상시신청,신청불필요,,축산과/055-930-3573,https://www.gov.kr/portal/rcvfvrSvc/dtlEx/548000000113,772,"영농,농가"
548000000123,신규농업인(귀농인) 주택수리 지원,주거·자립,전입 귀농인에게 주택 본체 리모델링 지원,○ 귀농 5년 이내 실제 영농종사 세대주인 귀농인에게 주택 본체 리모델링 700만원 지원,,경상남도 합천군,시군구,농업정책과,개인,연초 신청 미달시 하반기 추가 모집,방문신청,,농업정책과/055-930-3944,https://www.gov.kr/portal/rcvfvrSvc/dtlEx/548000000123,709,"귀농,농업,영농"
548000000316,신소득 작물 재배지원 사업,농림축산어업,지역특성에 맞는 신소득 작물 재배지원 으로 농가소득 증대,"○ 지원내용
  - 종묘(종근) 또는 종자, 퇴비(유박), 비닐, 부직포, 관수시설 등 지원
  - 세척기, 절단기 등 농촌융복합산업화를 위한 가공기반 지원
  - 토양개량제(생석회), 유해조수 퇴치를 위한 생산기반 지원 등",,경상남도 합천군,시군구,농업정책과,개인,접수기관 별 상이,방문신청,,합천군 농업기술센터/055-930-4505,https://www.gov.kr/portal/rcvfvrSvc/dtlEx/548000000316,193,"농업,농촌,농가"
553000000102,원예농산물 시설장비 지원,농림축산어업,"농업인에게 원예농산물 시설장비 지원으로 농산물 생산 및 소득기반 구축, 노동력 절감 기여","○ 지원대상 : 관내 농업인

○ 지원내용 : 원예농산물 시설장비 보조

○ 지원형태 :  보조 50%(시 50%), 자부담 50%
  - 저온저장고 : 9,000천원/대(보조 4,500천원)
  - 고추건조기 : 3,000천원/대(보조 1,500천원)
  - 동력파쇄기 : 10,000천원/대(보조 5,000천원)",,경기도 화성시,시군구,농업정책과,개인,매년 12월쯤 신청 ,방문신청,,농업정책과/031-5189-1856,https://www.gov.kr/portal/rcvfvrSvc/dtlEx/553000000102,1094,농업
554000000134,친환경농자재지원사업,농림축산어업,- 친환경인증품목으로 고시된 농자재 구입비 지원,"○ 친환경농자재 지원사업
- 친환경농업인의 유기농자재 등을 지원하여 농업경영비를 절감하고 생산량 증대로 농가소득 향상 기대
- 친환경인증품목으로 고시된 농자재 구입비 지원
- 관내 농지소재 친환경인증을 받은 농업인 및 생산자 단체",,경기도 광주시,시군구,농업정책과,개인,사업당해연도 1월,신청불필요,,광주시 농업정책과/031-760-2876,https://www.gov.kr/portal/rcvfvrSvc/dtlEx/554000000134,987,"농업,농가,농지"
554000000135,작물재배용 상토지원 사업,농림축산어업, 작물재배용 상토 구입비 지원,"○ 작물재배용 상토지원사업
  -  육묘생산을 위한 상토를 지원하여 농가의 생산비용 절감을 통해 농가소득 증대 기여
  - 작물재배용 상토 구입비 지원
  - 관내 경영체등록 농업인 및 생산자단체",,경기도 광주시,시군구,농업정책과,개인,당해년도 2월~3월,방문신청,,광주시 농업정책과/031-760-2876,https://www.gov.kr/portal/rcvfvrSvc/dtlEx/554000000135,946,"농업,농가"
554000000140,환경친화형농자재 지원사업,농림축산어업,"장기성 코팅 하우스필름, 생분해성 멀칭제, 잡초매트 구입비지원","○ 환경친화형농자재 지원
- 장기성코팅하우스필름: 단동 9,000원/㎡, 연동 10,000원㎡, 생분해성멀칭제:170원/㎡, 잡초매트:320원/㎡
- 농가당 사업비 한도액 
   장기성코팅하우스필름 : 총사업비 30,000천원이하(자부담포함)
   /생분해성멀칭제 , 잡초매트 총사업비 10,000천원이하(자부담포함)",,경기도 광주시,시군구,농업정책과,개인,사업시행 전년도 12월,방문신청,,광주시 농업정책과/031-760-2878,https://www.gov.kr/portal/rcvfvrSvc/dtlEx/554000000140,1030,"농업,농가"
554000000151,학생승마체험 지원사업,생활안정,"관내 초,중,고등학생 및 학교 밖 청소년들의 승마기승 체험","○ 관내 초,중,고등학생 및 학교 밖 청소년",,경기도 광주시,시군구,농업정책과,개인,접수기관 별 상이,기타 온라인신청,,농업정책과/031-760-4584,https://www.gov.kr/portal/rcvfvrSvc/dtlEx/554000000151,1260,농업
554000000157,로컬푸드 직매장(Shop in Shop) 포장재 지원사업,농림축산어업,로컬푸드 직매장 납품농산물 포장재 소요비용 지원,"○ 로컬푸드 직매장 포장재 지원사업
  1. 사업대상 : 농협 로컬푸드 직매장(Shop in Shop) 및 농업인
  2. 지원내용 : 로컬푸드 직매장 납품농산물 포장재 소요비용 지원
  3. 지원단가 : 포장재 실 구매 단가의 40% 지원
  4. 사업조건 및 지원제한
    - 타 사업에서 지원받은 경우, 이중지원 금지(G마크·자연채 포장재 지원 등)
    - 로컬푸드 직매장 이외에 납품하는 포장재
    - 로컬푸드 직매장 운영원칙을 따르지 않는 농업인
    - 로컬푸드 안전성 검사 시료 수거 및 검사에 협조하지 않는 농업인
    - 로컬푸드 직매장(Shop in Shop) 내 담당직원을 지정하여 적정 포장재 출하 현장지도",,경기도 광주시,시군구,농업정책과,법인/시설/단체,상시신청,방문신청,,광주시 농업기술센터/031-760-4449,https://www.gov.kr/portal/rcvfvrSvc/dtlEx/554000000157,1385,농업
554000000158,자연채 포장재 지원사업,농림축산어업,포장재 구입비용 지원,"○ 자연채 포장재 지원사업
  1. 사업대상 : 자연채 인증 생산자단체 또는 개인
  2. 지원내용 : 포장재 구입비용 50% 지원
  3. 사업조건 및 지원제한
    - 유사사업으로 지원받은 경우 중복지원 불가",,경기도 광주시,시군구,농업정책과,개인,매년 말에 익년도 사업수요량 확인,방문신청,,광주시 농업정책과/031-760-4449,https://www.gov.kr/portal/rcvfvrSvc/dtlEx/554000000158,924,농업
554000000159,홈쇼핑 판로지원 사업,농림축산어업,홈쇼핑 방송 송출료 지원,"○ 홈쇼핑 판로지원 사업
  1. 사업대상 : 자연채 인증 생산자단체 또는 개인
  2. 지원내용 : 홈쇼핑 방송 송출료 지원(15백만원 한도)",,경기도 광주시,시군구,농업정책과,개인||법인/시설/단체,상시신청,방문신청,,광주시 농업정책과/031-760-4449,https://www.gov.kr/portal/rcvfvrSvc/dtlEx/554000000159,1419,농업
554000000163,돌봄 취약가구 반려동물 의료서비스 등 지원,생활안정," - (의료지원) 백신접종비, 중성화수술비, 기본검진 및 치료비(수술 포함) 등
","○ 지원금액: 마리당 최대 20만원(본인부담금 20%(4만원) 포함)
○ 지원내용
 - (의료지원) 백신접종비, 중성화수술비, 기본검진 및 치료비(수술 포함) 등
 - (돌봄지원) 반려동물 돌봄위탁비(최대 10일이내)",,경기도 광주시,시군구,농업정책과,가구,상시신청,방문신청,,농업정책과/031-760-4419,https://www.gov.kr/portal/rcvfvrSvc/dtlEx/554000000163,2496,농업
554000000173,가금농가 경쟁력 강화사업,농림축산어업,가금농가 사육환경 개선 및 경영 안정 지원,가금농가 사육환경 개선 및 경영 안정 지원,,경기도 광주시,시군구,농업정책과,개인,사업시행 시 신청기한 설정,방문신청,,광주시농업기술센터 농업정책과/031-760-4584,https://www.gov.kr/portal/rcvfvrSvc/dtlEx/554000000173,975,"농업,농가"
557000000101,과수 노력절감 생산 장비 지원,농림축산어업,과수재배 농업인 등에게 생산성 향상 장비 지원 ,"○ 과수 농가의 생산성 향상과 과원 경영 규모화를 통한 시장 경쟁력 제고
     - 동력제초기, SS기(부속기 포함), 고소작업차, 동력운반차, 전동전지가위,파쇄기(동력·부속기 포함), 농용굴삭기 지원",,충청북도 증평군,시군구,농업유통과,개인,접수기관 별 상이,방문신청,,증평군청 농업유통과/043-835-3733,https://www.gov.kr/portal/rcvfvrSvc/dtlEx/557000000101,719,"농업,농가"
557000000102,유기질비료 지원,농림축산어업,농업경영체 등록 농업인에게 유기질비료 지원,"○ 농림축산 부산물의 재활용, 자원화를 촉진하고 토양 비옥도 증진 및 토양 환경 보전을 통해 지속 가능한 친환경농업 육성

○ 환경친화적인 자연순환 농업의 정착 및 고품질 안전농산물 생산 유도",,충청북도 증평군,시군구,농업유통과,개인,매년 11월 중순경~12월 초,방문신청,,농업유통과 친환경농업팀/043-835-3724,https://www.gov.kr/portal/rcvfvrSvc/dtlEx/557000000102,614,농업
557000000117,귀농인 정착자금 지원,주거·자립,전입 5년 이내 귀농인에게 정착자금 지원,○ 귀농 인구 유입 장려 및 귀농인의 안정적 정착을 위한 지원정책,,충청북도 증평군,시군구,농업유통과,개인,상시신청,방문신청,,증평군청 농업유통과/043-835-3719,https://www.gov.kr/portal/rcvfvrSvc/dtlEx/557000000117,936,"귀농,농업"
558000000115,귀농인 정착 지원,주거·자립,전입한 귀농인에게 정착금 지원,"○ 귀농인 정착지원금 : 200만원
 - 귀농신고일로부터 2년후 영농현황 확인 후 100만원씩 2년 지급",,충청남도 계룡시,시군구,농업기술센터,개인,상시신청,방문신청,,농업기술센터 도시농업팀/042-840-3430,https://www.gov.kr/portal/rcvfvrSvc/dtlEx/558000000115,696,"귀농,농업,영농"
559000000112,밀폐형 축분 고속발효기(콤포스트) 지원,농림축산어업,축산농가에 밀폐형 축분 고속발효기(콤포스트) 지원,"○ 밀폐형 축분 고속발효기(콤포스트) 지원
 - 지원단가 : 150백만원/대
 - 지원비율 : 보조 50%, 자부담 50%",,경기도 양주시,시군구,축산과,개인,매년 1~2월,방문신청,,축산과/031-8082-7283,https://www.gov.kr/portal/rcvfvrSvc/dtlEx/559000000112,1216,농가
559000000113,밭작물 고품질 지원,농림축산어업,밭작물 재배농업인에게 칼슘(유황)비료 공급 지원,○ 밭작물 재배하는 농가(단체)에 칼슘(유황)비료 공급 지원,,경기도 양주시,시군구,농업정책과,개인,매년11월~12월,방문신청,,농업정책과/031-8082-6123,https://www.gov.kr/portal/rcvfvrSvc/dtlEx/559000000113,1142,"농업,농가"
559000000119,소 사육농가 폭염대비 장비지원,농림축산어업,소 사육농가에 환기시설(환풍기) 등 지원,"○ 양주시 소재 소 사육농가(축산업 허가농가)
 - 소 사육시설의 환기장비(환풍기) 등 지원
  ㆍ지원기준 : 사업비의 50% 지원",,경기도 양주시,시군구,축산과,개인,매년 1~2월,방문신청,,축산과/031-8082-7284,https://www.gov.kr/portal/rcvfvrSvc/dtlEx/559000000119,966,농가
559000000127,"농산물 임가공 및 포장재, 디자인 지원",농림축산어업,"판매업 허가를 얻은 농업(법)인에게 임가공, 포장재 구입 등 비용 지원","○ 농산물 가공시설이 없는 소규모 농가에 임가공비 지원
○ 포장재 및 디자인 개발비 지원",,경기도 양주시,시군구,농업정책과,개인||소상공인||법인/시설/단체,1분기 중 공고 참고,방문신청,,농업정책과/031-8082-6113,https://www.gov.kr/portal/rcvfvrSvc/dtlEx/559000000127,1225,"농업,농가"
560000000128,과수계약재배 활성화 지원,농림축산어업,과수생산 농업인에게 출하비용 지원,"○ 공동으로 선별⸱포장⸱저온저장⸱규격출하⸱마케팅⸱판매 등에 소요되는 출하비용(과수농가 지급비용) 지원 
 - 지원품목 : 배⸱사과⸱포도⸱복숭아",,경기도 포천시,시군구,기술보급과,개인,상시신청,방문신청,,기술보급과/031-538-3733,https://www.gov.kr/portal/rcvfvrSvc/dtlEx/560000000128,962,"농업,농가"
560000000129,친환경농업 유용미생물 공급 지원,농림축산어업,포천시 농업인에게 친환경농업을 위한 유용미생물 공급 지원,"1. 공급기간: 연중(공휴일 제외)
2. 대상: 포천시 관내 농업인
3. 방법: 방문수령
4. 유/무상 여부: 무상
5. 공급물품: 유용미생물, BM활성수
6. 효과
  - (경종) 작물 생육에 도움이 되는 친환경 비료로 활용 
  - (축산) 가축에게 먹이는 친환경 사료로 활용하거나 축사 환경정화(냄새저감)에 활용
    ※ 제한된 수량(105L/1주/1인)으로 인해 초과하여 요청할 시 사전 문의 필요",,경기도 포천시,시군구,기술보급과,개인||법인/시설/단체,상시신청,방문신청,,포천시농업기술센터/031-538-3823||포천시농업기술센터/031-538-3844,https://www.gov.kr/portal/rcvfvrSvc/dtlEx/560000000129,1188,농업
568000000114,맞춤형 농기계 지원,농림축산어업,농업인에게 맞춤형 농기계 구입비 지원,농가의 농기계 구입비용 일부 보조,,충청남도 당진시,시군구,농업정책과,개인,매년 1~3월 사이(기간 조정 될 수 있음),방문신청,,농업정책과/041-350-4132,https://www.gov.kr/portal/rcvfvrSvc/dtlEx/568000000114,974,"농업,농가"
569000000329,GAP 안전성 검사비 지급,농림축산어업,"농가에 GAP 인증에 필요한 토양, 용수, 잔류농약 등 검사비 지원","○ GAP 인증에 필요한 토양, 용수, 잔류농약, 중금속 검사비 지원
 - 신청비와 출장비 제외",,세종특별자치시,광역시도,농업정책과,개인,상시신청,방문신청,,세종시청 농업정책과/044-300-4323||세종시청 농업정책과/044-300-4321,https://www.gov.kr/portal/rcvfvrSvc/dtlEx/569000000329,958,"농업,농가"
569000000336,농업용 관정(중·소형) 개발 지원,농림축산어업,농업인에게 중형 농업용 관정 개발비 지원,"○ 주소지와 사업대상지가 세종시이고 농업경영체를 등록한 농업인에게 중형 농업용 관정 지원
 - 지원단가 : 중형 3,500천원/공",,세종특별자치시,광역시도,농업정책과,개인,"매년 1월 중 접수 , 필요시 읍면을 통해 추가 접수",방문신청,,농업정책과 원예담당/044-300-4333,https://www.gov.kr/portal/rcvfvrSvc/dtlEx/569000000336,956,농업
569000000337,과수·채소농가 영농자재 지원,농림축산어업,농업인에게 과수·채소 영농자재 등을 지원,"○ 세종시에 주소를 두고 농업경영체를 등록한 농업인에게 과수시설채소 영농자재 구매용 체크카드, 과실봉지, 미량요소(연작장해 방지) 등 지원
 - 지원단가 : 사업별 상이",,세종특별자치시,광역시도,농업정책과,개인,"매년 11월~1월 중 접수 , 필요시 읍면을 통해 추가 접수",방문신청,,농업정책과 원예담당/044-300-4333,https://www.gov.kr/portal/rcvfvrSvc/dtlEx/569000000337,826,"농업,영농,농가"
569000000345,친환경생태보전직불금,농림축산어업,친환경인증 농가에 생태보전직불금 지원,"○ 생태보전직불금 : 세종시 주소 및 실거주, 관내 농지에서 친환경농산물 인증을 받은 경영체 등록 농가 지원(지원기준 : 600천원/ha, 상한 3ha)",,세종특별자치시,광역시도,농업정책과,개인,상시신청,방문신청,,세종시청 농업정책과/044-300-4334,https://www.gov.kr/portal/rcvfvrSvc/dtlEx/569000000345,671,"농업,농가,농지"
569000000349,농산물 수출 포장재 지원,생활안정,신선농산물 수출농가에 수출에 필요한 포장재 지원,○ 신선 농산물 품목별 수출에 소요되는 포장재 지원,,세종특별자치시,광역시도,우리농산물유통과,개인,2024.01.29~2024.02.13,방문신청,,로컬푸드과/044-300-2515,https://www.gov.kr/portal/rcvfvrSvc/dtlEx/569000000349,621,농가
569000000360,농기계 지원,농림축산어업,농업인에게 농업기계 지원으로 경영비 절감 및 농업기계화율 제고,○ 세종시에 주소를 두고 농업경영체 등록한 농업인에게 농업기계 가격집에 등재된 농업기계 지원,,세종특별자치시,광역시도,농업정책과,개인,매년 1월 중,방문신청,,농업정책과/044-300-4334,https://www.gov.kr/portal/rcvfvrSvc/dtlEx/569000000360,692,농업
569000000378,농업인 수당 지원,농림축산어업,"요건 충족 농가에 세대당 농업인 수당 60만원(1년) 지급
- 여민전 충전카드 30만원*2","요건 충족 농가에 세대당 농업인 수당 60만원(1년) 지급
- 여민전 충전카드 30만원*2매",,세종특별자치시,광역시도,농업정책과,가구,접수기관 별 상이,방문신청,,농업정책과/044-300-4323,https://www.gov.kr/portal/rcvfvrSvc/dtlEx/569000000378,113,"농업,농가"
569000000395,임대 농기계 운반 대행 서비스,농림축산어업,"1톤기준 자부담 20,000원 지원(편도)
2톤기준 자부담 30,000원 지원(편도)

","○ 대상기종 : 화물차 탑재 가능 기종 

○ 지원단가 : 편도70,000원(지원 50,000원 자부담 20,000원) /1톤 기준
                       왕복 100,000원(지원 70,000원 자부담 30,000원)/ 2톤 기준

○ 운송장소 : 임대사업소 각 본·분점에서 차량 접근 가능한 농업 현장까지

○ 배송 전문 업체 위탁 수행

○ 운영기간 : 2월 ~ 11월(예산 소진 시까지)",,세종특별자치시,광역시도,특화자원과,개인,상시신청,방문신청,,새종 농업기술센터 특화자원과  농기계임대사업소(본점)/044-301-2525,https://www.gov.kr/portal/rcvfvrSvc/dtlEx/569000000395,114,농업
570000000120,볍씨발아기 지원,농림축산어업,관내 벼 재배농가에 볍씨발아기 구입비 지원,"○ 여주시에 주소를 두고 여주시 농지에 벼를 재배하는 농업인에게 볍씨발아기 구입비의 50% 지원(지원한도 : 500,000원/대)",,경기도 여주시,시군구,농정과,개인,2026.01.14~2026.02.13,방문신청,,농정과/031-887-2319,https://www.gov.kr/portal/rcvfvrSvc/dtlEx/570000000120,983,"농업,농가,농지"
571000000109,엽연초 생산자재 지원,농림축산어업,"엽연초 생산 농가에 멀칭비닐, 상토, 곁순억제제, 연초전용비료, 복합비료 지원","○ 멀칭비닐, 상토, 곁순억제제, 연초전용비료, 복합비료 지원
○ 지원대상:엽연초 재배 농업인
○ 사업대행자:청주엽연초생산협동조합장",,충청북도 청주시,시군구,친환경농산과,개인,2026.01.06~2026.01.30,방문신청,,친환경농산과/043-201-2153,https://www.gov.kr/portal/rcvfvrSvc/dtlEx/571000000109,499,"농업,농가"
571000000120,청년농업인 창업 지원,농림축산어업,청년농업인에게 영농시설 및 농기계 지원(70%),"○ 청주시거주 만 18세 이상 만 40세 미만의 청년농업인(독립경영 3년이하)에게 최대 5천만원 한도의 영농시설 및 농기계 지원
 - 보조 3,500만원(70%), 자담 1,500만원(30%)",,충청북도 청주시,시군구,농업정책과,개인,2026. 1. 21. ~ 2. 13.,방문신청,,농업정책과/043-201-2112,https://www.gov.kr/portal/rcvfvrSvc/dtlEx/571000000120,1322,"농업,영농"
571000000129,농산물 포장재 지원,농림축산어업,농산물 출하 생산자 단체에 포장재 제작비용 지원,"○ 표준규격 포장(골판지상자 등) 출하 생산자단체(작목반, 영농법인)에 포장재 제작비용 지원",,충청북도 청주시,시군구,농식품유통과,법인/시설/단체,매년 1~2월 중,방문신청,,청주시 농식품유통과/043-201-2214,https://www.gov.kr/portal/rcvfvrSvc/dtlEx/571000000129,657,영농
571000000131,고품질 과실생산 과수보호제 지원,농림축산어업,"과종경작 농업인에게 병해충방제약제, 영양제 등 지원","○ 과수농가 병해충방제약제, 영양제 등 지원",,충청북도 청주시,시군구,친환경농산과,개인,2026.01.05~2026.01.26,방문신청,,친환경농산과/043-201-2153,https://www.gov.kr/portal/rcvfvrSvc/dtlEx/571000000131,684,"농업,농가"
571000000132,과수농가 봉지 지원,농림축산어업,"사과, 배 등 경작 농업인에게 과수봉지 지원","○ 과수농가 봉지 지원
 - 사과, 복숭아, 배, 포도",,충청북도 청주시,시군구,친환경농산과,개인,2026.01.05~2026.01.26,방문신청,,친환경농산과/043-201-2153,https://www.gov.kr/portal/rcvfvrSvc/dtlEx/571000000132,817,"농업,농가"
571000000138,고품질 과실생산 토양개량제 지원,농림축산어업,"대상과종경작 농업인에게 유기질비료, 토양개량제 등 지원
","○ 과수농가 유기질비료, 토양개량제 등 지원
○ 유기질 비료 및 토양개량제 : 토양 개량에 필요한 부식산, 칼슘(26% 이상 함유), 미량요소 등",,충청북도 청주시,시군구,친환경농산과,개인,2026.01.05~2026.01.23,방문신청,,친환경농산과/043-201-2153,https://www.gov.kr/portal/rcvfvrSvc/dtlEx/571000000138,720,"농업,농가"
571000000147,꿀생산 필수자재 지원,농림축산어업,"양봉농가에 화분, 설탕사료 구입비 지원","○ 양봉농가의 화분, 설탕사료 구입비 지원",,충청북도 청주시,시군구,축산과,개인,상시신청,방문신청,,청주시 축산과/043-201-2262,https://www.gov.kr/portal/rcvfvrSvc/dtlEx/571000000147,660,농가
571000000186,청주사랑페이 카드,주거·자립,청주시 전입자에게 시에서 운영하는 각종 시설 및 공연 등의 이용료 감면혜택 제공,"○ 시립예술단 공연(예술의 전당·아트홀) 공연입장료 최대50% 감면
○ 청주시 체육시설(청주수영장 등 11개 시설) 이용료 최대 50% 감면
○ 청주시립미술관 관람료 최대 50% 감면
○ 공영주차장 및 청사 부설주차장 주차요금 50% 감면
○ 문암생태공원 캠핑장, 미래지농촌테마공원 오토캠핑장, 현도오토캠핑장 시설사용료 50% 감면
○ 청주국제에코콤플렉스 사용료 50% 감면
○ 청주랜드 옥화자연휴양림 입장료 면제
○ 청주시 문화재시설(문의문화재단지 등) 관람료 면제
○ 보건소 제증명(기숙사용 일반건강진단서 3종) 수수료 면제 
○ 종량제 쓰레기 봉투세대 당 가구원수에 따라 3~12매 제공",,충청북도 청주시,시군구,여성가족과,개인,상시신청,방문신청,,청주시청/043-201-1763,https://www.gov.kr/portal/rcvfvrSvc/dtlEx/571000000186,2422,농촌
571000000202,젊은 농부 육성,농림축산어업,젊은 농업인 인재 양성을 위한 교육 및 포럼 실시 ,"- 사업기간 : 연중
- 대 상 : 청주시 만 39세 이하 청년농업인 / 농업 및 농관련 분야에서 선도적으로 사업을 운영하는 농업경영체
- 규 모 : 2개 사업(청년농업인 인재 양성 교육 / 파머 리더스 포럼)
- 사업내용 : 청년농업인이 희망하는 교육 실시(마케팅, AI관련 교육 등) /  포럼 위원간 사례발표 및 세미나 등",,충청북도 청주시,시군구,지원기획과,개인,2026.02.01~2026.12.31,방문신청||직접입력,,농업기술센터 지원기획과 인력육성팀/043-201-3822,https://www.gov.kr/portal/rcvfvrSvc/dtlEx/571000000202,87,농업
626000000107,고품질원예작물생산지원,농림축산어업,0.  원예작물 생산농가에 원예작물 품질향상을 위한 자재 등 지원,"○  화훼(원예) 신품종 구입비 지원, 조기재배 당근 보온자재 지원, 시설원예 맞춤형 농자재 지원, 채소류 무사마귀병 공동방제 지원, 농작물 육묘장 자재 지원, 내재해형 농업시설 설치 지원, IT활용 원예시설 환경제어시스템 구축 지원, 원예시설 현대화 사업 지원, 시설원예 장기재배 외부비닐 교체 지원",,부산광역시,광역시도,농축산유통과,개인,접수기관 별 상이,방문신청,,농축산유통과/051-888-4971,https://www.gov.kr/portal/rcvfvrSvc/dtlEx/626000000107,767,"농업,농가,농작물"
626000000138,농가소득 안정보험료 지원,농림축산어업,농업인을 대상으로 재해보험료 일부 지원,○ 농작물을 경작하는 농업인에게 재해보험료 일부(30%) 지원,,부산광역시,광역시도,농축산유통과,개인,상시신청,방문신청,,농축산유통과/051-888-4971,https://www.gov.kr/portal/rcvfvrSvc/dtlEx/626000000138,857,"농업,농가,농작물"
626000000141,친환경농업 육성 지원,농림축산어업,친환경농산물 시설재배농가에 수정벌 공급 지원,○ 관내 친환경 농산물 시설재배 농가에 수정벌 공급,,부산광역시,광역시도,농축산유통과,개인,상시신청,방문신청,,농축산유통과/051-888-4971,https://www.gov.kr/portal/rcvfvrSvc/dtlEx/626000000141,790,"농업,농가"
627000000140,농기계구입비지원,생활안정,농업인이 필요한 농기계의 구입비 지원,○ 농기계 구입비 일부 지원,,대구광역시,광역시도,농산유통과,개인,2026-02-01~2026-12-31,방문신청,,농산유통과/053-803-6522,https://www.gov.kr/portal/rcvfvrSvc/dtlEx/627000000140,1189,농업
627000000150,맞춤형 채소류 토양비료 지원,농림축산어업,농업인에게 맞춤형 채소류 토양비료 지원,"○ 대상 : 관내 농업인
 - 본인부담금 : 50%",,대구광역시,광역시도,농산유통과,개인,접수기관 별 상이,방문신청,,대구시 농산유통과/053-803-6521,https://www.gov.kr/portal/rcvfvrSvc/dtlEx/627000000150,1016,농업
628000000105,농업재해보험 가입지원,농림축산어업,농업인에게 농업재해보험 가입 지원,○ 보험료의 일부(70~80%)를 예산으로 지원,,인천광역시,광역시도,농축산과,개인,상시신청,방문신청,,농축산과/032-440-4366,https://www.gov.kr/portal/rcvfvrSvc/dtlEx/628000000105,1016,농업
628000000151,여성농업인 바우처 지원,생활안정,여성농업인에게 보건·복지·문화 등에서 이용하는 행복바우처 카드 지원,"○ 보건·복지·문화 분야에 이용하는 행복바우처 카드 지원

○ 농가당 연간 20만원(자부담4만원 포함)

○ 지원조건 : 시비 30%, 군비 50%, 자부담 20%",,인천광역시,광역시도,농축산과,개인,접수기관 별 상이,방문신청,,농축산과/032-440-4364,https://www.gov.kr/portal/rcvfvrSvc/dtlEx/628000000151,1916,"농업,농가"
628000000761,여성농업인 특수건강검진,농림축산어업,여성농업인에 2년주기로 특수건강검진 서비스 제공,"ㅇ건강검진 서비스 제공
  -검진항목: 근골격계, 심혈관계, 골절손상위험도, 폐활량, 농약중독
  -예방교육: 근골격계질환, 농약중독, 낙상에 의한 골절, 심혈관계질환",,인천광역시,광역시도,농축산과,개인,상시신청,방문신청||직접입력,,인천광역시청 농축산과/032-440-4364||강화군청 농정과/032-930-3387||영종구청 도시농업과/032-760-7455||옹진군청 농정과/032-899-2963,https://www.gov.kr/portal/rcvfvrSvc/dtlEx/628000000761,495,농업
629000000117,반려동물 내장형 동물등록 지원,행정·안전,"반려동물(반려견,반려묘) 소유자에게 내장형 동물등록칩 비용 지원","○ 지원내용 : 반려동물(반려견,반려묘)의 내장형 동물등록을 유도하여 유기동물 발생을 최소화하기 위해 반려동물(반려견,반려묘) 내장형 동물등록시 비용 일부를 지원

○ 지원금 : 1마리당 최대 4만원

○ 사업량 : 2,775두

 ※ 사업량 소진시 지원 불가",,전남광주통합특별시,광역시도,농업동물정책과,개인,상시신청,방문신청,,전남광주통합특별시청 농업동물정책과/062-613-3052||동구청 일자리경제과/062-608-2724||서구청 경제과/062-360-7684||남구청 민생경제과/062-607-2754||북구청 시장산업과/062-410-6558||광산구청 산업혁신과/062-960-8513,https://www.gov.kr/portal/rcvfvrSvc/dtlEx/629000000117,4749,농업
629000000168,농업인 월급제 지원,농림축산어업,농업인에게 농협 자체수매 약정에 따라 월급을 받을 수 있도록 지원,"○ 농협 자체수매 약정체결 농가에 대해 전년도 공공비축미 가격 기준으로 60%를 7개월간 분할 선지급( 매월 11일 기준 월급 지급)

○ 농협 자체예산으로 우선 지급하고, 사업완료 후 해당농협에 선지급한 월급에 대한 이자 지급",,전남광주통합특별시,광역시도,농업동물정책과,개인,2024. 2월 ~5월,방문신청,,전남광주통합특별시 생명농업과/062-613-3961,https://www.gov.kr/portal/rcvfvrSvc/dtlEx/629000000168,681,"농업,농가"
629000000178,친환경고품질농업육성,농림축산어업,"농업인에게 벼육묘상자, 친환경인증비, 우렁이 등 지원","○ 친환경 고품질 쌀 생산단지 조성

○ 친환경 생산 인증비 지원

○ 친환경들녘조성(우렁이지원)지원

○ 논 물관리용 개량 물꼬지원

○ 벼 육묘용 상토지원

○ 벼육묘용상자지원

○ 환경친화형 멀칭필름 지원

○ 맞춤형 농기계 지원

○ 농기계 농작업 대행지원

* 자치구별 사업 문의",,전남광주통합특별시,광역시도,농업동물정책과,개인||법인/시설/단체,접수기관 별 상이,방문신청,,서구청/062-360-7496||남구청/062-607-2743||북구청/062-410-6551||광산구/062-960-8497,https://www.gov.kr/portal/rcvfvrSvc/dtlEx/629000000178,731,농업
629000000182,여성농업인 행복바우처 지원,문화·환경,"여성 농업인에게 건강, 문화, 보건 등에 사용할 수 있는 바우처 지원","○ 건강, 문화, 보건 등에 사용할 수 있는 바우처 카드 지원

○ 연 10만원(8만원 지원, 자부담 2만원)",,전남광주통합특별시,광역시도,농업동물정책과,개인,4 ~ 6월중 별도 신청기간 ,방문신청,,동구청/062-608-2723||서구청/062-360-7360||남구청/062-607-2743||북구청/062-410-6587||광산구청/062-960-8494,https://www.gov.kr/portal/rcvfvrSvc/dtlEx/629000000182,2197,농업
630000000102,곤충사육농가소득증대지원,농림축산어업,곤충사육농가에 기자재 등 구입비 지원,"○ 사업내용 : 곤충 생산, 가공, 유통에 필요한 기자재 등 구입비 지원

○ 지원대상 : 대전시에 주소를 두고, 곤충산업법 제12조에 따라 곤충 생산업 또는 가공, 유통업 신고를 한 농업인",,대전광역시,광역시도,농생명정책과,개인,접수기관별상이(매년6~7월초 경),방문신청,,농생명정책과/042-270-5273,https://www.gov.kr/portal/rcvfvrSvc/dtlEx/630000000102,716,"농업,농가"
630000000133,농업 재해보험료 지원,농림축산어업,농업인에게 농업재해 보험료 지원,"○ 사업내용 : 농가가 납부해야 할 보험료의 60~100%를 지방비로 지원 
  - 농작물 재해보험: 벼 100%, 벼 이외의 작물 80%
  - 농업인 안전보험 및 농기계 종합보험: 60%

○ 대상보험 : 농작물 재해보험 및 농업인 안전보험(농기계 종합보험 포함)",,대전광역시,광역시도,농생명정책과,개인,상시신청,방문신청,,농생명정책과/042-270-3845,https://www.gov.kr/portal/rcvfvrSvc/dtlEx/630000000133,1029,"농업,농가,농작물"
630000000135,여성농업인행복바우처지원,문화·환경,여성 농업인에게 여가 및 문화 활동비용 지원,"○ 지원내용 : 여성농업인 삶의 질 향상을 위한 여가 및 문화 활동비용 지원
○ 지원액 : 연 20만원/ 1인
○ 부담비율: 시비 60%, 구비 30%, 자부담 10%",,대전광역시,광역시도,농생명정책과,개인,매년 1월 중순 ~ 2월 중순,방문신청,,농생명정책과/042-270-3793,https://www.gov.kr/portal/rcvfvrSvc/dtlEx/630000000135,2527,농업
630000000143,근교농업육성지원,농림축산어업,심사를 통해 선정된 농업인 등에게 근교농업 육성을 위한 농자재 지원,"○ 사업내용 : 근교농업 육성을 위한 농자재 등 지원
 - 과수 점적관수시설 등 12개 사업

○ 지원대상 : 관내에서 농업을 영위하고 있는 관내거주 농업인으로자부담 능력이 있으며 사업 의욕이 강한 자

○ 대상자 선정 : 구청장이 기 지원 실적, 영농경력, 영농규모 등 지역여건을 감안하여 우선순위 심사기준을 설정하고 대상자 선정",,대전광역시,광역시도,농생명정책과,개인,상시신청,방문신청,,농생명정책과/042-270-3845,https://www.gov.kr/portal/rcvfvrSvc/dtlEx/630000000143,1018,"농업,영농"
630000000145,공동이용농기계지원,농림축산어업,작목반 등에게 농기계 구입비 일부 지원,"○ 사업내용 : 농기계 구입비 일부 지원

○ 사업대상 : 자기의 계산과 책임으로 농업을 경영하는 농가들로 구성된 작목반, 지역농협, 마을단위 등 농기계 공동이용조직",,대전광역시,광역시도,농생명정책과,개인,상시신청,방문신청,,농생명정책과/042-270-3844,https://www.gov.kr/portal/rcvfvrSvc/dtlEx/630000000145,883,"농업,농가"
630000000154,친환경 농산물 인증 농가 지원,농림축산어업,친환경농산물 인증 농가에 토양·수질 검사비 및 인증 수수료 지원,"○ 사업내용 : 친환경농산물 인증농가에 대한 인증수수료 및 토양·수질  검사비 지원

○ 지원대상자
 - 무농약·유기농산물 인증농가로서, 1천㎡이상의 농지를 경작하는 자 또는 농업경영을 통한 농산물의 연간 판매액이 120만원 이상인 자
 - 수경(양액)재배, 버섯, 콩나물 재배 등의 인증농가도 지원

○ 지원기준 : 인증수수료, 토양·수질 검사비:  실 소요금액 전액 지원
 - 유기가공품 품질인증 수수료 비용도 지원 가능",,대전광역시,광역시도,농생명정책과,개인,상시신청,방문신청,,농생명정책과/042-270-3845,https://www.gov.kr/portal/rcvfvrSvc/dtlEx/630000000154,613,"농업,농가,농지"
631000000122,친환경 농자재 지원,농림축산어업,유기질비료 및  토양개량제  등 친환경농자재지원 사업 안내,"○  유기질비료 지원
      - 지원대상 : 농업경영체등록정보에 등록된 농지
      - 지원비료 : 유기질비료 3종(혼합유박, 혼합유기질, 유기복합비료)
                         부숙유기질비료 2종(가축분퇴비, 퇴비)
      - 지원조건 : 유기질비료(2,000원), 부숙유기질비료(특등 2,000원, 1등급 1800원, 2등급 1,400원)

○  토양개량제 지원
     - 지원대상 : 농업경영체등록정보에 등록된 농지
     - 대상지역 : 구군에서 정하는 3년 1주기에 당해 공급대상지역                      
     - 지원비료 : 규산질, 석회질비료",,울산광역시,광역시도,농축산과,개인,"유기질비료(전년 6 ~ 7월), 토양개량제(전년 11~ 12월)",방문신청,,농축산과/052-229-2913,https://www.gov.kr/portal/rcvfvrSvc/dtlEx/631000000122,649,"농업,농지"
631000000742,지역사회서비스 투자사업(생활영농기술지원서비스),보육·교육,"도심 전원환경 조성, 농작물, 수목 및 원예 관리, 반려동물과 함께하는 생활건강 등","1. 도심 전원환경 조성 과정
  ① 전원주택 생활환경 조성 : 경계목, 담쟁이, 계절초 등 수목 설치
  ② 여가생활을 위한 텃밭 조성 : 상자텃밭, 옥상텃밭, 농장텃밭 등
  ③ 생활영농장비 사용교육 : 각종 영농 자재·장비 및 도구 사용 요령
2. 농작물, 수목 및 원예 관리 과정
  ① 천연비료·약품 생산 및 사용교육 : 생활음식 등을 활용한 퇴비, 유기비료, 천연농약
  ② 원예관리 과정 : 정서를 함양하는 화초, 수목 등 원예관리 과정
  ③ 과수목 관리 과정 : 여가생활을 증진하는 전정작업, 접붙이기 등 실습・관리 과정
  ④ 관상용 화초·토종작물 재배 : 심신 안정을 북돋는 관상용 화초, 토종 작물
3. 반려동물과 함께하는 생활건강
  ① 반려동물 습성과 관리 방법
  ② 집 지키는 가축 사육 및 관리방법 (거위, 오리, 닭 등)
4. 생활영농 심화 체험
  ① 산나물, 야생버섯, 칡 등 야생초 교육 및 채취
  ② 버섯재배, 건강 차 생산 실습
  ③ 향토(저장) 음식 생산과정 (두부, 콩발효, 김치, 장아찌 등) 등 농촌문화 체험",,울산광역시,광역시도,복지정책과,개인,"연3회 (2월,5월,8월) 접수",방문신청,,복지정책과/052-229-3426||울산지역사회서비스지원단/052-243-4800,https://www.gov.kr/portal/rcvfvrSvc/dtlEx/631000000742,102,"영농,농촌,농작물"
641000000111,경기도 어린이 건강과일 공급,보육·교육,경기도에서 미취학 가정보육 어린이에게 과일 공급 지원,"○ 지원대상 
- 신청일 기준 경기도 시군내 거주하면서 어린이집, 유치원 등에 다니지 않고 가정에서 보육되는 미취학 어린이
  (해당월 가정양육수당 또는 부모급여(현금) 수급자)

○ 지원내용 
- 신청기간 내 '건강과일'을 신청하여 지원대상자로 선정된 가정보육 어린이에게 경기도산 과일을 포함한 국내산 제철과일 꾸러미를 배송 공급(연2회)

○ 신청기간 : 2025.8.18.~9.19.

○ 지원대상자 선정결과 발표 : 2025.10.17 /(예정)
  * 시군마다 발표일자는 달라질 수 있음

○ 과일꾸러미 배송기간 : 2025.11월~12월 / 2회",,경기도,광역시도,친환경농업과,개인,2025.8.18. ~ 2025.9.19.,기타 온라인신청||방문신청,,친환경농업과/031-8008-4431,https://www.gov.kr/portal/rcvfvrSvc/dtlEx/641000000111,18279,농업
641000000142,농업인안전재해보험 가입 지원,농림축산어업,농업인에게 농업인안전보험과 농기계종합보험 가입 지원,○ 농업인의 농업인안전보험 및 농기계종합보험 가입 지원,,경기도,광역시도,친환경농업과,개인,상시신청,방문신청,,친환경농업과/031-8008-5463,https://www.gov.kr/portal/rcvfvrSvc/dtlEx/641000000142,1817,농업
641000000154,친환경 농산물 인증비용 지원,농림축산어업,친환경 인증농가에 인증비 지원,○ 친환경농산물 인증비 지원,,경기도,광역시도,친환경농업과,개인,상시신청,방문신청,,친환경농업과/031-8008-5447,https://www.gov.kr/portal/rcvfvrSvc/dtlEx/641000000154,1410,"농업,농가"
641000000166,폭염대비 등 면역증강제 지원,농림축산어업,"축산농가에 비타민제, 광물질 등 첨가제 지원","○ 비타민제, 광물질 등 첨가제 지원",,경기도,광역시도,축산정책과,개인,상시신청,방문신청,,축산정책과/031-8030-3415,https://www.gov.kr/portal/rcvfvrSvc/dtlEx/641000000166,1735,농가
641000000168,친환경 생태보전 재배 장려금 지원,농림축산어업,친환경인증 지속 농가에 장려금 지원,○ 친환경인증 지속 농가에 대한 장려금 지원,,경기도,광역시도,친환경농업과,개인,2026.3.3.~2026.4.30.,방문신청,,친환경농업과/031-8008-5448,https://www.gov.kr/portal/rcvfvrSvc/dtlEx/641000000168,1245,"농업,농가"
641000000170,농업용관리기 등 소형농기계 지원,농림축산어업,농업인에게 소형농기계 구입 비용 지원,"○ 농업용 관리기 등 소형농기계 구입비 지원

○ 지원대상 : 경기도 농업인

○ 지원내용 : 지원대상 농기계 구입비 보조
 - 보행관리기
 - 승용관리기
 - 소형트랙터
 - 동력운반차
 - 고소작업차
 - 전동전지가위
 - 전동분무기
 - 농산물작업대 
 - 밭작물 탈곡기

○ 지원형태  : 보조 50(도15, 시35) 자부담 50
 - 보행관리기 : 150만원/대 이내 보조
 - 승용관리기 : 500만원/대 이내 보조
 - 소형트랙터 : 500만원/대 이내 보조
 - 동력운반차 : 500만원/대 이내 보조
 - 고소작업차 : 500만원/대 이내 보조
 - 전동전지가위 : 100만원/대 이내 보조
 - 전동분무기 : 15만원/대 이내 보조
 - 농산물작업대 : 30만원/대 이내 보조",,경기도,광역시도,친환경농업과,개인,접수기관 별 상이,방문신청,,친환경농업과/031-8008-5463,https://www.gov.kr/portal/rcvfvrSvc/dtlEx/641000000170,5646,농업
641000000172,농촌폐비닐 수거장려금 지원,문화·환경,농촌폐비닐을 수거한 농민에게 kg당 수거장려금 차등 지원,"○ 목적 : '농촌폐비닐 수거보상금' 국비지원사업과 연계하여 등급별 수거장려금을 지원함으로써 폐비닐 수거 촉진 및 불법소각 등 환경피해 방지

○ 서비스금액
  - 수거된 농촌폐비닐 kg당 차등 지원
  ㆍA등급 140원 / B등급 100원 / C등급 60원 / D등급 0원(등외)

○ 서비스기간 및 대상
  - 기간 : '26. 1. ~ 12. 
  - 대상 : 수원시 등 19개 시,군
  ㆍ수원, 용인, 고양, 화성, 남양주, 안산, 평택, 김포, 파주, 광주, 양주, 이천, 구리, 안성, 포천, 양평, 여주, 가평, 연천
  - 제외시군 : 성남, 부천, 안양, 시흥, 의정부, 광명, 군포, 하남, 오산, 의왕, 동두천, 과천 
   ※ 도시지역으로 영농활동이 적어 농촌폐비닐이 소량발생, 지자체에서 사업 미신청

○ 서비스 운영 체계
  1. 농촌폐비닐 발생시 마을 단위 공동집하장에 재질, 색상별로 분리배출, 보관
  2. 한국환경공단에 수거요청 → 민간수거사업자(환경공단 위탁 업체) 수거 → 환경공단 수거사업소 반입
  3. 폐비닐 수거량(전표) 통보(공단 → 지자체)
  4. 농촌폐비닐 수거장려금 지급(지자체 → 농민)",,경기도,광역시도,자원순환과,개인,상시신청,방문신청,,수원시 청소자원과/031-228-2253||용인시 자원순환과/031-324-2694||고양시 자원순환과/031-8075-2707||화성시 자원순환과/031-5189-6838||남양주시 자원순환과/031-590-4259||안산시 자원순환과/031-369-1583||평택시 자원순환과/031-8024-3768||김포시 자원순환과/031-980-2773||파주시 자원순환과/031-940-4471||광주시 자원순환과/031-760-4542||양주시 청소행정과/031-8082-6904||이천시 자원순환과/031-644-2604||구리시 자원순환과/031-550-2252||안성시 자원순환과/031-678-2663||포천시 기후환경과/031-538-2487||양평군 청소과/031-770-3405||여주시 자원순환과/031-887-2458||가평군 자원순환과/031-580-2552||연천군 환경보호과/031-839-2253,https://www.gov.kr/portal/rcvfvrSvc/dtlEx/641000000172,1625,"영농,농촌,농민"
641000000693,임산부 친환경농산물 공급지원,임신·출산, 임산부(임신부+출산부)에게 친환경농산물 등 공급지원,"○ 지원대상 
- 2025년 1월 1일 이후 출산한 산모와 신청일 현재 임신부

○ 지원내용 
- 임산부(임신부+출산부)에게 친환경농산물, 유기가공식품 등을 꾸러미 형태로 거주지까지 공급

○ 신청기간 : (미정)2026.6월 중

○ 배송기간 : 2026.7월~12.15.",,경기도,광역시도,친환경농업과,개인,2026년 6월 중,방문신청||직접입력,,친환경농업과/031-8008-5447,https://www.gov.kr/portal/rcvfvrSvc/dtlEx/641000000693,4405,농업
642000000386,농기계종합보험 보험료 지원,행정·안전,"농업인을 대상으로 농기계종합보험 보험료 지원(일반농 50%, 영세농 70%)","○ 보험료의 100분의 50이상(일반농 50%, 영세농 70%)을 국고에서 지원","○  ｢농어업인의 안전보험 및 안전재해예방에 관한 법률」에 따라 농업경영체에 등록된 자를 피보험자로 하여 보험계약을 체결하는 자
 - 19세 이상의 농업인

 ※ 대인배상·대물배상·자기신체사고 Ⅰ 또는 Ⅱ(필수), 농기계손해·적재농산물(선택)에 보험기간을 모두 1년으로 가입하는 경우",농림축산식품부,중앙행정기관,농업재해지원팀,개인,상시신청,방문신청,지역농협,NH농협손해보험/1644-9000,https://www.gov.kr/portal/rcvfvrSvc/dtlEx/642000000386,5045,농업
642000000663,상토 등 영농자재 지원,농림축산어업,농업인에게 상토 등 영농자재 구입 지원,○ 상토 등 영농자재 구입 지원,,강원특별자치도,광역시도,친환경농업과,개인,"1~2월 기간 중 신청하며, 시군별 마감일이 다를 수 있음",방문신청,,친환경농업과/033-249-2641,https://www.gov.kr/portal/rcvfvrSvc/dtlEx/642000000663,2877,"농업,영농"
642000000674,가금질병 예방시스템 구축 지원,농림축산어업,닭 사육농가에 가금질병 예방백신 지원,"○ 닭 사육농가 감보로병 예방백신 지원

 - 지원대상 : 육계·산란계·종계",,강원특별자치도,광역시도,동물방역과,개인,상시신청,방문신청,,동물방역과/033-249-2682,https://www.gov.kr/portal/rcvfvrSvc/dtlEx/642000000674,1076,농가
642000000676,친환경 농산물 인증 촉진비 지원,농림축산어업,친환경인증을 받은 농업인 등에게 인증검사비용 지원,"○ 친환경인증을 받은 농업인 및 단체에 친환경농산물 인증검사비용 지원
 - 지원기준 : 건당 70만원, 1 농가당 1건 한도",,강원특별자치도,광역시도,친환경농업과,개인,"친환경인증 후 시·군(읍·면·동)에 사업신청, 예산범위 내 지원",방문신청,,친환경농업과/033-249-3561,https://www.gov.kr/portal/rcvfvrSvc/dtlEx/642000000676,870,"농업,농가"
642000000681,농업인 수당 지원,농림축산어업,농업인에게 수당 지원,"○ 신청년도 1월 1일 기준 전일까지 농어업경영체등록 경영인중 2년 이상 강원도내 주소를 두고 거주하는 자로 2년 이상 농어업에 종사하고 있는 농어업경영체
 - 지원기준 : 가구별 연 70만원, 지역상품권 지급",,강원특별자치도,광역시도,농정과,가구,2026.1.6.~3.5.,방문신청,,강원특별자치도 농정과/033-249-2612,https://www.gov.kr/portal/rcvfvrSvc/dtlEx/642000000681,4653,농업
642000000699,소 농가 질병관리 지원,농림축산어업,소 사육농가에 면역증강제 및 젖소유방염 예방백신 지원,○ 소 사육농가에 송아지 설사병 면역증강제 지원 및 젖소 착유농가에 젖소 유방염 예방백신 지원,,강원특별자치도,광역시도,동물방역과,개인,상시신청,방문신청,,동물방역과/033-249-3408,https://www.gov.kr/portal/rcvfvrSvc/dtlEx/642000000699,901,농가
642000000706,무농약지속직불제,농림축산어업,무농약 농산물 인증 4회차 이상 농업인에게 친환경농업 직불금 지원,"○ 무농약 4회차 이상 인증 농가에 정부지원 친환경농업 직불금의 50% 지원
 - 지원기준 : ha당 논 25만원, 채소특작 55만원, 과실 60만원",,강원특별자치도,광역시도,친환경농업과,개인,"2~9월 기간 중 신청, 사업대상자 확정(10.20.)",방문신청,,친환경농업과/033-249-3561,https://www.gov.kr/portal/rcvfvrSvc/dtlEx/642000000706,1313,"농업,농가"
642000000716,고령농업인 농작업비 지원,생활안정,고령농업인에게 농작업비 지원,○ 경운 정지 및 기타 농작업비용 지원,,강원특별자치도,광역시도,친환경농업과,개인,"2025년 1~2월 기간 중 신청하며, 시군별 마감일이 다를 수 있음",방문신청,,친환경농업과/033-249-2647,https://www.gov.kr/portal/rcvfvrSvc/dtlEx/642000000716,1060,농업
642000000719,청년농업인 육성지원,농림축산어업,"청년농업인에게 취업지원 및 농지임차비 지원/ 생산, 유통, 가공, 체험 등 농업기반 지원","○ 지원기준
 - 취업지원 등 : 200만 원/명
 - 창업기반 : 3,700만 원 ~ 10,000만 원/명",,강원특별자치도,광역시도,농정과,개인,매년 1~2월,방문신청,,강원특별자치도 농정과/033-249-2649,https://www.gov.kr/portal/rcvfvrSvc/dtlEx/642000000719,1459,"농업,농지"
642000000723,청년후게농 영농정착지원,농림축산어업,청년농업인 영농정착금 지원,"○ 지원기준 : 독립경영 (1년차) 월 110만원, (2년차) 월 100만원, (3년차) 90만원",,강원특별자치도,광역시도,농정과,개인,매년 1월,기타 온라인신청,,강원특별자치도 농정과/033-249-2649,https://www.gov.kr/portal/rcvfvrSvc/dtlEx/642000000723,1127,"농업,영농"
642000000725,유기질비료 지원,농림축산어업,농업인에게 유기질비료 지원,"* 유기질비료 지원
○ 농산물 생산에 사용하는 부산물비료(유기질비료, 부숙유기질비료) 구입비 일부 지원",,강원특별자치도,광역시도,친환경농업과,개인,사업시행 전년도 11월초~12월초(1달간) 신청 접수,방문신청,,친환경농업과/033-249-3567,https://www.gov.kr/portal/rcvfvrSvc/dtlEx/642000000725,2161,농업
643000000101,농장출입구 자동소독기 지원,농림축산어업,축산농가에 농장출입구 자동소독기 1식 지원,○ 축산농가단위 차단방역을 위해 축산농가의 농장출입구 자동소독기 1식 지원,,충청북도,광역시도,동물방역과,개인,상시신청,방문신청,,동물방역과/043-220-3563,https://www.gov.kr/portal/rcvfvrSvc/dtlEx/643000000101,824,농가
643000000111,충북행복결혼공제,생활안정,미혼 청년근로자·농업인·소상공인에게 만기 목돈을 지원하는 행복결혼공제사업,"○ 지원대상 : 충북도에 거주하는 19~39세 미혼청년인 도내 중소(견)기업 근로자·농업인·소상공인
○ 지원기간 : 5년
○ 지원내용 : 청년 근로자·농업인·소상공인이 매월 일정액을 적립하면 도시군 및 기업에서 매칭적립, 결혼 및 근속시 만기 목돈 지급
 - 근로자(기본형) : 월 80만원 적립(도·시군 30만원, 기업 20만원, 근로자 30만원)
 - 농업인·소상공인 : 월 60만원 적립(도·시군 30만원, 농업인·소상공인 30만원)",,충청북도,광역시도,인구청년정책담당관,개인,상시신청,방문신청,,인구청년정책담당관/043-220-4775,https://www.gov.kr/portal/rcvfvrSvc/dtlEx/643000000111,12660,농업
643000000112,친환경인증농가 환경보전비 지원,농림축산어업,친환경농산물 인증을 받은 농업인 등에게 환경보전비 지원,"○ 친환경 인증 농산물 재배 농업인에게 환경보전비 지원

 ※ 재배품목별 지원단가 상이함(27만원~117만원/ha)",,충청북도,광역시도,스마트농산과,개인,매년 3월 ~ 6월,방문신청,,충청북도 스마트농산과/043-220-3613,https://www.gov.kr/portal/rcvfvrSvc/dtlEx/643000000112,895,"농업,농가"
643000000124,충북인재 장학금 지원(특기),보육·교육,초·중·고등학생 및 대학생에게 장학금 지급,"○ 장학금 지급 : 초 50만원, 중 70만원, 고 100만원, 대 200만원

- 정부, 공공기관, 민간단체가 주최, 주관한 전국규모 이상 대회에서 3위 이상 수상 실적
- 아시아대회, 세계대회는 1~8위 신청 가능
- 체육분야 단체종목 수상의 경우 전국 1강~8강 신청 가능
- 기능분야 : 2024년 전국기능대회 금, 은, 동 수상자 / 영농축제 및 상업경진대회 금상 이상 수상자",,충청북도,광역시도,미래인재육성과,개인,상시신청,기타 온라인신청||방문신청,,충북인재평생교육진흥원/043-224-0223,https://www.gov.kr/portal/rcvfvrSvc/dtlEx/643000000124,930,영농
643000000125,농기계 종합보험 지원,농림축산어업,농기계를 보유한 농업인에게 농기계 종합보험 가입 비용 지원,"○ 해당 기종을 보유한 농업인에게 농기계 종합보험 가입 비용(80%) 지원
 - 대상기종 : 12종(경운기, 트랙터, 베일러, 콤바인, 승용관리기, 승용이앙기, ss분무기, 광역방제기, 농용굴삭기, 농용동력운반차, 농용로우더, 항공방제기)",,충청북도,광역시도,스마트농산과,개인,상시신청,방문신청,,스마트농산과/043-220-3634,https://www.gov.kr/portal/rcvfvrSvc/dtlEx/643000000125,898,농업
643000000128,여성농어업인 행복바우처 지원,문화·환경,여성농어업인에게 여가 및 문화활동에 사용할 수 있는 행복바우처 지원,○  20세~75세  이하 여성농어업인의 여가 및 문화활동 비용으로 연 17만원 바우처 카드 지원,,충청북도,광역시도,농업정책과,개인,2026. 2. 20.까지,방문신청,,농업정책과/043-220-3524,https://www.gov.kr/portal/rcvfvrSvc/dtlEx/643000000128,1431,농업
643000000135,논농업 필수 영농자재 지원,농림축산어업,농가에 영농자재 지원,○ 0.1ha 이상 논농사 경작하는 도내 거주 농가에 영농자재 지원,,충청북도,광역시도,스마트농산과,개인,접수기관 별 상이,방문신청,,스마트농산과/043-220-3633,https://www.gov.kr/portal/rcvfvrSvc/dtlEx/643000000135,1307,"농업,영농,농가"
643000000152,친환경농산물 인증농가 육성,농림축산어업,○ 친환경농산물 인증 농가에 인증비용(실비) 지원,○ 친환경농산물 인증 농가에 인증비용(실비) 지원,,충청북도,광역시도,스마트농산과,개인,상시신청,방문신청,,충청북도 스마트농산과/043-220-3613,https://www.gov.kr/portal/rcvfvrSvc/dtlEx/643000000152,231,농가
643000000155,영농기계화 장비 공급 지원,농림축산어업,"농업(법)인 대상 중소형 농기계 실구입가격의 50%(2,500천원 한도) 지원
","○ 영농기계화 장비 공급지원
 - 지원대상 : 농업인, 농업법인
 - 지원내용 : 중소형 농기계 실구입가격의 50%(2,500천원 한도) 지원
 - 대상기종 : 트랙터, 콤바인, 이앙기 및 부속작업기를 제외한 중소형 농기계",,충청북도,광역시도,스마트농산과,개인,접수기관 별 상이,방문신청,,충북도청 스마트농산과/043-220-3634,https://www.gov.kr/portal/rcvfvrSvc/dtlEx/643000000155,387,"농업,영농"
643000000748,충북형 도시농부 육성 사업,농림축산어업,일손이 필요한 농업인에게는 인력을 지원하고 도시민에게는 농촌 일자리 제공,"ㅇ 인력이 부족한 농업인에게 도시농부 인력 지원
ㅇ 일손이 필요한 도시민에 농업 일자리 제공
ㅇ 농업인에게 도시농부 활용시 인건비의 40% 지원
     (4시간 근무시 인건비 6만원 중 2.4만원 지원)
ㅇ 도시농부에게 농작업 장소까지 이동에 필요한 교통비 지원
    (이동 거리에 따라 상이)
ㅇ 도시농부 교육 실비 및 상해보험료 지원",,충청북도,광역시도,농업정책과,개인,상시신청,직접입력,,충청북도 농업정책과 농업경영팀/043-220-3522,https://www.gov.kr/portal/rcvfvrSvc/dtlEx/643000000748,154,"농업,농촌"
644000000190,식량작물 생산비 절감 지원,농림축산어업,"쌀 생산 농업인 등에게 볏짚환원, 벼 공동육묘장, 농자재지원,생산장비 등 생산비 절감 지원","○ 지원대상 : 도내 쌀 생산 농업인, 영농법인, 생산자단체 등

○ 지원내용 : 볏짚환원, 벼 공동육묘장 지원, 농기자재 지원, 생산장비 자율사업 등",,충청남도,광역시도,스마트농업과,개인,상시신청,방문신청,,농림축산국 스마트농업과/041-635-4045,https://www.gov.kr/portal/rcvfvrSvc/dtlEx/644000000190,1068,"농업,영농"
644000000211,논 타작물 기반조성 지원,농림축산어업,"논 타작물 재배 농업경영체에 기반조성, 농기계 지원","○ 지원대상 : 논 타작물을 재배하는 농업인, 농업법인, 생산자 단체
 - (기반조성) 새로운 필지 타작물 재배 농지 조성 농업인,농업법인,생산자단체
 - (농 기 계) 20ha 이상 논 타작물 경작 경영체, 단지 

○ 지원내용 : 논 타작물을 재배를 위한 기반조성 및 농기계 구입지원
 - (기반조성) 배수로 정비를 위한 장비 임차비, 암거배수 설치비 등 배수개선
 - (농 기 계) 파종기, 방제용 드론, 콩 선별기, 방제기 등",,충청남도,광역시도,스마트농업과,개인||법인/시설/단체,2025.  2. 17. ~ 2025. 3. 14.,방문신청,,농림축산국 스마트농업과/041-635-4055,https://www.gov.kr/portal/rcvfvrSvc/dtlEx/644000000211,673,"농업,농지"
644000000224,가금산업 육성 지원,농림축산어업,"가금 사육농가에 안개분무시설, 생산성향상제 등 구입 지원","○ 도내 가금 사육농가에 안개분무시설, 자동급이·급수시설, 유로휀, 환기·순환휀, 생산성향상제, 고온스트레스 예방제 구입비 등 지원",,충청남도,광역시도,축산과,개인,상시신청,방문신청,,농림축산국 축산과/041-635-2541,https://www.gov.kr/portal/rcvfvrSvc/dtlEx/644000000224,1028,농가
644000000227,친환경 농업자재 및 인증비 지원,생활안정,친환경인증을 받은 농업인 등에게 친환경자재 및 인증비 지원,"○ 친환경농업자재지원
 - 지원대상 : 친환경농산물 인증을 받은 농업인 
 - 지원내용 : 잡초 제초용 우렁이, 오리, 쌀겨, 물막이판 등
 
○ 친환경농산물 인증비
 - 지원대상 : 친환경인증을 받은 농업인, 가공업체, 취급자인증 업체 등
 - 지원내용 : 친환경농산물인증비, 안전성검사비, 친환경농산물취급자 인증비 등",,충청남도,광역시도,스마트농업과,개인,접수기관 별 상이,방문신청,,충청남도 스마트농업과/041-635-4049,https://www.gov.kr/portal/rcvfvrSvc/dtlEx/644000000227,669,농업
644000000234,충청남도 농어민수당 지원,농림축산어업,자격 요건에 부합하는 농어민에게 지역사랑상품권 등 유가증권으로 연 1회 수당 지원,"○ 지원대상 
 - 거주지 : 2024.1.1.이전부터 계속 충남도내 거주
 - 실경작 : 2024.1.1. 이전부터 농·임·어업 경영체등록 및 종사
 - 농업외소득 :  2023년기준 농·임·어업외 종합소득 3,700만원 미만
 - 그 외 동지역거주자, 타시도 농업기반 소유자 등은 추가 요건 충족 필요

○ 지원내용 : 지역경제 활성화를 위한 지역사랑상품권 지급

○ 지원액 : 동일가구 내 1인 연 80만원, 2인 이상 연 45만원",,충청남도,광역시도,농업정책과,개인,2025. 2.10. ~ 4.18.,방문신청,,농축산국 농업정책과/041-635-2515,https://www.gov.kr/portal/rcvfvrSvc/dtlEx/644000000234,15092,농업
644000000236,곤충산업 육성 지원,농림축산어업,"곤충 사육농가에 곤충먹이, 냉난방기 등 육성을 위한 시설 및 비용 지원","○ 곤충농가 육성지원 : 곤충용 먹이(발효톱밥, 젤리 등), 식용곤충 안전성 검사비 지원

○ 곤충농가 기자재지원 : 곤충사료배합기, 온습도조절기 및 선별기, 건조기, 저온저장고 지원",,충청남도,광역시도,축산과,개인,상시신청,방문신청,,농림축산국 축산과/041-635-2541,https://www.gov.kr/portal/rcvfvrSvc/dtlEx/644000000236,991,농가
644000000849,청년자립형 스마트팜 신축 지원,농림축산어업,신규 창업 청년농 대상 스마트팜 온실 신축 지원,"사업규모 : 스마트팜 신축 50개소
사업대상 : 충남에 정착을 희망하는 만 18세~45세 미만 신규 창업 청년농(신청일 기준)
지원기준 : 개소당 0.3~0.5ha 기준 450백만원(보조 70%, 자부담 30%)
사업내용 : 생산(재배) 목적의  시설채소 및 화훼 재배 스마트팜 신축 지원(ICT융복합시설 필수)",,충청남도,광역시도,스마트농업과,개인,익년도 사업대상자 모집 : 전년도 하반기(9~10월),방문신청,,충남도청/041-635-4053,https://www.gov.kr/portal/rcvfvrSvc/dtlEx/644000000849,161,농업
644000000858,청년농업인 역량강화 지원,농림축산어업,"드론, 소형농기계 등 농업 전문자격증 취득을 위한 교육지원
","○ 드론, 소형농기계 등 농업 전문자격증 취득을 위한 교육지원

(교육내용, 인원, 기간 등 시군별 다소 상이)",,충청남도,광역시도,지도정책과,개인,접수기관 별 상이,직접입력,,충청남도 농업기술원 지도정책과/041-635-6153,https://www.gov.kr/portal/rcvfvrSvc/dtlEx/644000000858,127,농업
644000000859,청년농업인 스마트팜 기술연수,농림축산어업,"현장중심의 교육 프로그램 운영 및 스마트팜 관련 기관 방문
","○ 연수방법 : 현장중심의 교육 프로그램 운영 및 스마트팜 관련 기관 방문

 - 맞춤형 프로그램 설계: 참가자의 관심사항에 따른 맞춤형 교육

 - 스마트팜 시설 구축 및 운영, 재배기술, 경영관리, 판로개척 등

 - 스마트팜 선도기관 방문 등

※  연수국가 및 일정, 대상 기관  등은 연도 별 상이 ※

※ 세부견적 및 현지상황에 따라 자부담 추가 발생될 수 있음",,충청남도,광역시도,지도정책과,개인,접수기관 별 상이,직접입력,,농축산국 농업정책과/041-635-4013,https://www.gov.kr/portal/rcvfvrSvc/dtlEx/644000000859,112,농업
644000000860,농어촌 진흥기금 이차보전(융자),농림축산어업,"농어업인, 청년 및 후계농어업인, 농어업경영체 등에 대출 이자를 지원","○ 융자한도

 - 농어업인 : 5천만 원 이내

 - 청년 및 후계농어업경영인 : 2억 원 이내

 - 법인 : 5억 원 이내

※ 대출여부 및 금액, 금리 등은 대상자 선정과 별개로 신청자의 담보가치 및 신용상태 등에 대한 대출취급기관의 평가에 따라 결정됨

※ 후계농업경영인 육성자금 지원대상자는 먼저 후계농업경영인 육성자금을 신청, 자금 지원을 받은 후 농어촌진흥기금을 신청

○ 융자(상환)기간 및 이차보전율

○ 일반소득/지역명품/가공산업/수출촉진/유통안정화

- (시설자금) :  3년거치7년상환

◎ 거치기간3년(이차보전 5%)

◎ 균분상환 7년(이차보전 5%)

- (운영자금) :  2년거치3년상환

◎ 거치 2년(이차보전 5%)

◎ 균분상환3년(이차보전 5%)

○ 스마트팜육성(청년)

-(시설+운영자금) : 2년거치3년상환+a(2년)

◎ 거치기간2년(이차보전10%(무이자))

◎ 균분상환3년(이차보전 5%)

◎ 추가기간 α(2년) (이차보전 자부담(미지원))

◎ 연이율 

‣ 지급이자율 [고정가산(2.4%) + 변동CD(2.84%)]2025.3.기준

 * 기금 5.0% 부담 * 농가 0.24% 부담(변동)

※ 청년농어업인(만18세이상~만45세미만) : 거치기간(2～3년) 이자 전액 지원(10.0% 이내)

※ 농어업인의 부담률이 0.5% 이하 또는 1.5% 초과시 道 및 농어업인 부담률 조정 가능

※ 스마트팜 육성(청년) 이차보전은「청년농업인 스마트팜 육성 자금지원」(스마트농업과) 지침 적용

○ 자금종류

○ 시설자금 : 농어업용 건축물(시설하우스, 저온저장고, 농어업용 창고, 축사, 농수산물 가공시설 등) 및 시설·설비 구축에 필요한 자금

○ 운영자금 : 농어업용 소모성 기자재, 종자, 원료, 비료, 사료, 농기계 등 농어업 운영에 필요한 자금

※ 부동산 임차 또는 매입, 증빙이 어려운 인건비는 지원 제외

※ 시설자금과 운영자금 동시에 신청하는 경우, 구분하여 신청하되 합산 시 융자한도액을 초과할 수 없음

○ 융자기관 : 농협중앙회, NH농협은행, 하나은행(지역 단위 영업점 포함)

※ 청년농어업인 융자지원은 농협중앙회 및 NH농협은행 한정이며, 하나은행의 경우 사업자만 취급(개인불가)

○ 융자방법 : 담보대출(보증서* 담보, 부동산 담보), 신용대출

* 농림수산업자신용보증기금(농협), 충청남도 신용보증재단(하나은행)

□ 사후관리

○ (시·군) 상환 완료 시까지 현장점검 실시 및 결과보고(반기 1회 이상)",,충청남도,광역시도,농업정책과,개인||법인/시설/단체,2025. 3. ~ 2025. 12. ,방문신청,,농축산국 농업정책과/041-635-4013,https://www.gov.kr/portal/rcvfvrSvc/dtlEx/644000000860,124,"농업,농가"
644000000861,청년농업인 농지 임차료 지원,농림축산어업,"농지 임대차 계약 시 임차료 70% 지원 (1인 당 연간 300만 원 한도)
","○ 지급금액  : 농지 임대차 계약 시 임차료 70% 지원 (1인 당 연간 300만 원 한도)

○ 지원기간  : 1인 당 최대 3년 간 연속 지원 가능(매년 신청)",,충청남도,광역시도,농업정책과,개인,2025. 7. 1.(화) ~ 2025. 7. 31.(목),방문신청,,농축산국 농업정책과/041-635-4013,https://www.gov.kr/portal/rcvfvrSvc/dtlEx/644000000861,125,"농업,농지"
645000000103,악취저감 안개분무시설 지원사업,농림축산어업,축산농가에 악취저감 안개분무시설 지원,○ 악취저감 안개분무시설 지원,,전북특별자치도,광역시도,축산과,개인,상시신청,방문신청,,축산과/063-280-3286,https://www.gov.kr/portal/rcvfvrSvc/dtlEx/645000000103,737,농가
645000000117,GAP 인증 심사비 지원,농림축산어업,GAP인증을 받은 농가 등에 인증심사비 지원,"○ GAP 인증심사비 지원사업
 - 농산물우수관리(GAP)인증을 받은 자 또는 받고자 하는 자
 - 식량작물, 원예작물, 특용작물 등을 포함한 전체 농산물
 - 인증심사 시 필요한 인증 수수료 및 출장∙사후 관리비 지원(건당 25만원 한도)",,전북특별자치도,광역시도,스마트농산과,개인,상시신청,방문신청,,스마트농산과/063-280-4631,https://www.gov.kr/portal/rcvfvrSvc/dtlEx/645000000117,1120,농가
645000000125,퇴비 발효촉진 지원,농림축산어업,축산농업인에게 퇴비 발효촉진제 구입비 지원,퇴비의 부숙을 돕는 퇴비 발효촉진제 구입비 지원,,전북특별자치도,광역시도,축산과,개인,상시신청,방문신청,,축산과/063-280-3283,https://www.gov.kr/portal/rcvfvrSvc/dtlEx/645000000125,779,농업
645000000126,환경 친화형 농자재 지원,농림축산어업,농업인 등에게 환경친화형 농자재 구입비 지원,"○ 환경친화형 농자재 구입비 지원(멀칭제, 잡초방지 매트)",,전북특별자치도,광역시도,스마트농산과,개인,상시신청,방문신청,,스마트농산과/063-280-2646,https://www.gov.kr/portal/rcvfvrSvc/dtlEx/645000000126,889,농업
645000000137,음용 수질개선장비 지원,농림축산어업,축산농가(깨끗한 축산농장 지정농가)에 가축 음용수질 관리 장비 지원,○ 가축 음용수질 개선 정수 장비 지원,,전북특별자치도,광역시도,축산과,개인,상시신청,방문신청,,축산과/063-280-3286,https://www.gov.kr/portal/rcvfvrSvc/dtlEx/645000000137,813,농가
645000000139,청년농업인 영농정착지원,농림축산어업,청년후계농에게 영농정착지원금 지급,○ 18~40세 미만 청년농업인에게 최대 3년 간 영농정착지원금 90~110만원/월 지원,,전북특별자치도,광역시도,농생명정책과,개인,2025.11.5.~2025.12.11(연도별 상이),기타 온라인신청||방문신청,,전북특별자치도 농생명정책과/063-280-4250,https://www.gov.kr/portal/rcvfvrSvc/dtlEx/645000000139,913,"농업,영농"
645000000140,원예작물 생산성 향상 지원,농림축산어업,"시설원예농가에 냉난방기, 양액재배시설, 무인방제기 등 지원","○ 시설원예 농가(최소 660㎡ ~ 최대 3,300㎡)에 냉난방기, 양액재배시설, 양액재활용시설, 무인방제기 등(설계비 포함) 지원
 - 사업대상 : 채소‧화훼‧과수‧특작 등 시설원예‧특작 품목재배 농업인 또는 농업법인
 - 지원한도액 : 13,200만원
 - 재원비율 : 도비 42%, 시비 8%, 자담 50%
 - 지원단가 : 4만원/㎡ 이내",,전북특별자치도,광역시도,스마트농산과,개인,접수기관 별 상이,방문신청,,스마트농산과/063-280-2641,https://www.gov.kr/portal/rcvfvrSvc/dtlEx/645000000140,786,"농업,농가"
645000000141,가금농장 해충구제 지원,농림축산어업,산란계농가에 친환경 해충구제 제품 공급 지원,○ 산란계농가 친환경 해충구제 제품 공급,,전북특별자치도,광역시도,동물방역과,개인,상시신청,방문신청,,동물방역과/063-280-4642,https://www.gov.kr/portal/rcvfvrSvc/dtlEx/645000000141,877,농가
645000000144,밭농업직불금 지원(도비 밭직불금),농림축산어업,밭농업 농가에 소득안정을 위한 직불금 지원,"- 신청기간 : 기본형 공익직접지불제 신청으로 대체
- 전화문의 : 농지소재지 읍면동사무소
- 신청방법 : 기본형 공익직접지불제 신청으로 대체
- 접수기관 : 농지소재지 읍면동사무소
- 지원형태 : 현금
- 지원내용 : 밭농업에 종사하는 농업인의 소득안정을 위해 직불금 지원(농업인당 0.1ha~1.0ha)까지 지원",,전북특별자치도,광역시도,농생명정책과,개인||가구,기본형 공익직불제 신청으로 대체,신청불필요,,도청 농생명정책과/063-280-2645,https://www.gov.kr/portal/rcvfvrSvc/dtlEx/645000000144,2912,"농업,농가,농지"
645000000147,전북특별자치도 농업 농촌 공익적 가치 지원(농민 공익수당),농림축산어업,1년이상 도내에 거주하고 농업경영체 등록을 유지한 지원대상 농업인에 최대 60만원 지급,"○ 지원대상 : 신청연도 1월 1일 기준 1년이상 계속하여 도내에 거주(주소)하고 농업경영체 등록을 유지한 농가 중 실제 영농(1,000㎡이상)에 종사하는 농업인
    - 농촌외지역에 주소를 둔 농업인은 ①같은 시군(연접 시군 포함)에 소재한 농지 1만㎡ 이상 경작, ②연간 농산물 판매금액 9백만원 이상, ③신청년도 직전 1년이상
      주소를 둔 시군(주소지 동을 기준으로 연접한 타시군의 읍면동 내 농지 포함)에 소재한 농지 1천㎡이상을 신청 직전 1년이상 농업에 이용하였음을 증명
    - 지원제외대상 : ①신청년도의 전전년도(2024년) 농업외종합소득금액 3,700백만원 이상인 사람, ② 보조금 부정수급 등 행정처분을 받은 사람 등
○ 지원내용 : 1인 경영체 60만원, 2인이상 경영체는 구성원별 1인당 30만원 지급  
    - 단, 부부(사실혼 관계 포함)가 경영체를 각각 등록한 경우 1인당 30만원 지급
○ 신청기간 : 2026. 3월 ~ 2026. 5월
○ 신청방법 : 주민등록주소지 읍면동사무소 방문 신청
○ 문  의  처 :  자격요건 등 자세한 사항은 주민등록주소지 읍면동사무소 문의",,전북특별자치도,광역시도,농생명정책과,개인,2026. 3월 ~ 2026. 5월,방문신청,,도청 농생명정책과/063-280-2645,https://www.gov.kr/portal/rcvfvrSvc/dtlEx/645000000147,10381,"농업,영농,농촌,농가,농민,농지"
645000000149,농업인 안전보험 농가부담금 지원,생활안정,농업인에게 농업인안전보험료 지원,○ 농업인안전보험 보험료 80% 지원,,전북특별자치도,광역시도,스마트농산과,개인,상시신청,방문신청,,스마트농산과/063-280-2692,https://www.gov.kr/portal/rcvfvrSvc/dtlEx/645000000149,1096,"농업,농가"
645000000151,경관보전직불제,생활안정,경관작물 재배 농업인 등에게 경관보전직불금 지급,○ 경관보전직불금 지급,,전북특별자치도,광역시도,농생명정책과,개인,전년도 신청(구체적 일정은 사업지침에 따름),방문신청,,농생명정책과/063-280-2618,https://www.gov.kr/portal/rcvfvrSvc/dtlEx/645000000151,1073,농업
645000000152,채소·과수 수급 조절 지원,농림축산어업,농업인에게 일정 수준의 가격보장 지원,○ 계약재배 사업대상자이고 해당품목 주산지협의체에 참여한 농업인에게 면적조절 등 수급의무 이행을 전제로 지급요건 발생시 일정수준의 가격을 보장,,전북특별자치도,광역시도,스마트농산과,개인,상시신청,방문신청,,스마트농산과/063-280-2647,https://www.gov.kr/portal/rcvfvrSvc/dtlEx/645000000152,716,농업
645000000155,지역특화품목 비닐하우스 지원,농림축산어업,농업경영체에 지역특화품목 비닐하우스 지원,"○ 지역특화품목 단, 연동 비닐하우스 신축 지원",,전북특별자치도,광역시도,스마트농산과,개인,접수기관 별 상이,방문신청,,스마트농산과/063-280-2647,https://www.gov.kr/portal/rcvfvrSvc/dtlEx/645000000155,927,농업
645000000160,사료 자가배합 장비 지원,농림축산어업,초식가축 축산농가에 사료 자가배합 장비 지원,"○ 초식가축 사육 전업규모이상 축산농가(한우,젖소 등) 대상
 - 생산비절감을 위한 조사료 및 부존 사료지원 등을 이용한 자가 배합사료 구입",,전북특별자치도,광역시도,축산과,개인,상시신청,방문신청,,축산과/063-280-3405,https://www.gov.kr/portal/rcvfvrSvc/dtlEx/645000000160,878,농가
645000000163,농기계 종합보험 지원,농림축산어업,보험대상 농기계를 소유한 농업인에게 농기계 종합보험 가입시 농가 부담 보험료 일부 지원,"○ 농기계 종합보험 농가부담 경감을 위해 자부담 일부 지원

○ 보험대상 농기계(15종) : 경운기, 트랙터, 베일러, 콤바인, 관리기, 이앙기, SS분무기, 광역방제기, 농용굴삭기, 농용동력운반차, 농용로우더, 항공방제기, 농업용 고소작업차, 농업용 리프트, 농업용지게차",,전북특별자치도,광역시도,스마트농산과,개인,상시신청,방문신청,,전북도청 스마트농산과/063-280-4632,https://www.gov.kr/portal/rcvfvrSvc/dtlEx/645000000163,1028,"농업,농가"
645000000165,친환경농산물 등 인증비용 지원,농림축산어업,친환경인증 사업자에게 친환경농산물 등 인증비용 지원,"친환경농산물, 유기·무농약 원료 가공식품, 취급자, 저탄소 인증을 받은 농가 및 단체에게 친환경농산물 등 인증 심사비 지원",,전북특별자치도,광역시도,스마트농산과,개인||법인/시설/단체,상시신청,방문신청,,스마트농산과/063-280-2691,https://www.gov.kr/portal/rcvfvrSvc/dtlEx/645000000165,723,농가
646000000116,농산물 저온저장고 설치 지원,농림축산어업,원예농산물 재배농가에 농산물 저온저장고 설치 지원(9.9㎡/3평형),"○  과수, 채소 등 2ha미만의 원예농산물 재배농가에 저온저장고를 지원하여 농산물 상품성 향상 및 출하조절로 소득증대 도모",,전남광주통합특별시,광역시도,농식품유통과,개인,접수기관 별 상이,방문신청,,농식품유통과/061-286-6452,https://www.gov.kr/portal/rcvfvrSvc/dtlEx/646000000116,1637,농가
646000000126,농어민 공익수당,농림축산어업,농어민에게 공익수당 지급,○ 연 60만원 지급,,전남광주통합특별시,광역시도,농업정책과,가구,접수기관 별 상이,방문신청,,주소지 읍.면.동 사무소 문의/-,https://www.gov.kr/portal/rcvfvrSvc/dtlEx/646000000126,11869,농업
646000000145,여성농업인 행복바우처 지원,문화·환경,여성농어업인에게 행복바우처 카드 지원,○ 도내에 1년 이상 주소를 두고 실제 농어업에 종사하는 20세 이상 75세 이하 여성농어업인에게 연간 20만원권 바우처 카드 지원,,전남광주통합특별시,광역시도,농업정책과,개인,접수기관 별 상이,방문신청,,전남도청 농업정책과/061-286-6243||목포시/061-270-3421||여수시/061-659-4406||순천시/061-749-8670||나주시/061-339-7433||광양시/061-797-2372||담양군/061-380-2714||곡성군/061-360-8342||구례군/061-780-2403||고흥군/061-830-5371||보성군/061-850-5383||화순군/061-379-3623||장흥군/061-860-5976||강진군/061-430-3105||해남군/061-530-5357||영암군/061-470-2813||무안군/061-450-4014||함평군/061-320-1853||영광군/061-350-5373||장성군/061-390-8407||완도군/061-550-5712||진도군/061-540-3509||신안군/061-240-8408,https://www.gov.kr/portal/rcvfvrSvc/dtlEx/646000000145,8097,농업
646000000157,곤충 사료첨가제 지원,농림축산어업,가금 사육농가에 곤충 사료첨가제 지원,"○ 가금류 사육농가에 곤충유충을 가공한 사료첨가제 지원
 - 보조 70%, 자담 30%",,전남광주통합특별시,광역시도,축산정책과,개인,상시신청,방문신청,,축산정책과/061-286-6542,https://www.gov.kr/portal/rcvfvrSvc/dtlEx/646000000157,818,농가
646000000160,한봉 사육 기자재 지원,농림축산어업,한봉농가에 사육 기자재 및 토종벌 입식비 지원,"○ 한봉 사육 위한 기자재 및 질병 저항성 토종벌 구입 지원(보조 50%, 자담 50%)
 - 지원한도 : 농가당 총사업비 1천만원 이내(기자재 구입 및 토종벌 입식비)",,전남광주통합특별시,광역시도,축산정책과,개인,상시신청,방문신청,,축산정책과/061-286-6543,https://www.gov.kr/portal/rcvfvrSvc/dtlEx/646000000160,765,농가
646000000165,가금류 칼슘첨가제 지원,농림축산어업,가금류 사육농가에 칼슘첨가제 지원,"○ 가금류 사료에 첨가하여 급여할 수 있는 칼슘첨가제 지원(보조 80%, 자담 20%)
 - 지원품목: 단미사료로 등록된 칼슘첨가제(패분)로 기준을 충족한 제품",,전남광주통합특별시,광역시도,축산정책과,개인,상시신청,방문신청,,축산정책과/061-286-6553,https://www.gov.kr/portal/rcvfvrSvc/dtlEx/646000000165,875,농가
646000000169,폭염 대비 고온 스트레스 완화제 지원,농림축산어업,축산농가에 비테인 및 비타민C 제제 등 고온스트레스완화제 지원,"○ 비테인 및 비타민C 제제 등 고온 스트레스완화제 지원
 - 지원단가 : 150만원/호(보조 100%) *초과 금액은 자부담",,전남광주통합특별시,광역시도,축산정책과,개인,상시신청,방문신청,,축산정책과/061-286-6525,https://www.gov.kr/portal/rcvfvrSvc/dtlEx/646000000169,841,농가
646000000179,원예작물 연작장해 경감제 지원,농림축산어업,농업인에게 원예작물 연작장해 경감제 지원,"○ 원예작물 연작장해 경감제 지원사업
 - 농업경영체에 등록된 1,000㎡ 이상 시설원예 재배농가, 작목반
 - 연작장해 경감제 지원(360만원/ha)",,전남광주통합특별시,광역시도,식량원예과,개인,상시신청,방문신청,,식량원예과/061-286-6492,https://www.gov.kr/portal/rcvfvrSvc/dtlEx/646000000179,820,"농업,농가"
646000000203,농기계 종합보험 가입 보험료 일부 지원,생활안정,농기계 종합보험 가입 보험료의 80% 보조 지원 ,"○ 사 업 량 : 20천대
○ 사 업 비 : 13,334백만원(국비 6,667 50%, 도비 1,200 9%, 시군비 2,800 21%, 자부담 2,667 20%)
   - 국비는 농식품부에서 보험사인 NH농협손해보험에 직접 지원
○ 사업내용 : 농기계종합보험 가입 보험료의 80% 지원
   - ('19.) 국비 50%만 지원 → ('20.이후) 국비 50%+지방비 30% 지원
○ 가입대상 : 보험대상 농기계(14종*)를 소유하고 있는 19세 이상 농업인, 농업법인 종사자 중 농기계 운전이 가능한 자
     * 보험대상 농기계(14종) : 트랙터, 콤바인, 경운기, SS분무기, 승용관리기, 항공방제기 등
○ 가입시기 : 연중
○ 보장내용 : 대인배상, 대물배상, 농기계손해, 자기신체사고(사망, 부상 등)",,전남광주통합특별시,광역시도,식량원예과,개인,상시신청,방문신청,,전남광주통합특별시 식량원예과/061-286-6493,https://www.gov.kr/portal/rcvfvrSvc/dtlEx/646000000203,811,농업
646000000206,청년농업인 농지 확보 지원 서비스,농림축산어업,청년농업인과 농지 매매(임대) 계약을 체결한 농지 소유주에게 지원금 지급 ,"o 추진배경: 창농의 가장 기본적 요소인 농지마련에 어려움을 겪고있는 청년 농업인의 어려움 해소 및 영농초기 안정적 정착 유도
o 사업기간: 2024. 1. ~ 12.
o 사업량: 160명, 80ha
o 지원한도: 1인당 연간 120만원 한도          *소농직불금 기준 : 120만원/5,000㎡
   - 청년농업인 1인당 농지확보(매입, 임대) 자금 지원은 최대 5,000㎡(0.5ha) 제한
o 지원기간 : 1인당 최대 3년간 지원 (매년신청)
o 사업내용 : 청년농업인과 농지매매(임대) 계약을 체결한 농지 소유주에게 지원금 지급
o 지원대상 : 농업경영체 등록 청년농업인(만18세~40세*)과 한국농어촌공사 농지은행을 통하여 농지 임대차 계약을 체결한자
   - ’96.1.1. 이전 취득농지의 경우 임대ㆍ임차인간 농지 임대차 계약가능       * 대상 청년농업인 : (연령) ’83. 1. 1. ∼ ’05. 12. 31.",,전남광주통합특별시,광역시도,농업정책과,개인,접수기관 별 상이,방문신청,,전남광주통합특별시 농업정책과/061-286-6241,https://www.gov.kr/portal/rcvfvrSvc/dtlEx/646000000206,761,"농업,영농,농지"
646000000213,농업용 유류저장탱크(급유기) 구입 지원,농림축산어업,"1,000리터 미만의 농업용 유류저장탱크(급유기) 구입비용 지원","ㅇ 지원대상 : 전남도에 1년(신청일 기준) 이상 거주(주소 기준)하고, 농지를 소유 또는 임대하여 농작물을 실경작하고 있는 농업인
ㅇ 지원기종 : 유류저장탱크(급유기)
  - 유류저장탱크 용량이 1,000ℓ 미만인 제품만 지원
  - 제품성능 확보, 품질관리 등 사후관리를 위하여 한국농기계공업협동조합에 등록된 업체의 제품 구입
  - 국내 경제 활성화 및 원활한 사후관리(AS 등)를 위해 국내에서 생산하는 업체 제품을 우선구매토록 권고
 ㅇ 지원내용 : 급유기 용량에 따른 금액*으로 보조금을 차등 지원하되, 최대 보조 한도는 1대당 330만원의 60%(198만원)
     * 기종·용량별 적정 금액은 한국농기계공업협동조합에 등록된 기종별 가격 참고 
     * 1대당 기준단가(980ℓ기준) : 3,300천원",,전남광주통합특별시,광역시도,식량원예과,개인,접수기관 별 상이,방문신청,,전남광주통합특별시식량원예과/061-286-6473,https://www.gov.kr/portal/rcvfvrSvc/dtlEx/646000000213,748,"농업,농작물,농지"
646000000219,귀농어귀촌인 우수 창업 활성화 지원,생활안정,귀농어귀촌인의 창업 컨설팅 및 영농어 초기 비용 지원을 통한 신규 농어업 육성 ,"○ 사업기간 : 2025. 4월 ~ 12월
 ○ 사 업 량 : 귀농어귀촌인 60명(팀)
 ○ 사업대상 : 신청일 기준 도내 농어촌 전입 5년 이내 귀농어귀촌인
 ○ 사업내용 : 창업 컨설팅 및 농어업 등 창업비용 지원    * 명(팀) 당 컨설팅 비용 포함 20백만원 이내
 ○ 주요지원내용 
    - 선택:    맞춤형 컨설팅(현장점검, 기술지도 등) / 기술지원(특허, 상표, 디자인 출원비용 등)) /
               맞춤형 제품개발(신규제품 제작을 위한 목업, 금형 제작 등)  / 창업기반 구축(사업장 리모델링, 농어업 관련 사업에 피요한 시설·장비 구입 등) /
               국내외식품 인증(HACCP, 할라,  ISO22000, 코셔 등 인증) / 온오프라인홍보(직매장개설, 홈페이지 개설, 온라인 홍보 등)",,전남광주통합특별시,광역시도,인구정책과,개인||법인/시설/단체,접수기관 별 상이,방문신청,,전남광주통합특별시 인구정책과/061-286-2842,https://www.gov.kr/portal/rcvfvrSvc/dtlEx/646000000219,897,"귀농,귀촌,영농"
646000000233,원예분야 살균수 공급장치 지원,농림축산어업,"노지, 시설 원예농산물 재배농가를 대상으로 농업용 살균수 공급장치 지원 ","ㅇ 노지, 시설 원예농산물 재배농가를 대상으로 농업용 살균수 공급장치 지원 
 - 살균수 공급장치: 살균 효과가 검증된 차아염소산나트륨 용액 등을 만드는 장비로, 해당 살균수를 이용하면 병원균에 의한 연작피해를 완화",,전남광주통합특별시,광역시도,식량원예과,개인,접수기관 별 상이,방문신청,,전남광주통합특별시 식량원예과/061-286-6481,https://www.gov.kr/portal/rcvfvrSvc/dtlEx/646000000233,547,"농업,농가"
647000000118,사료산업지원,농림축산어업,가축사육농가에 면역강화용 사료첨가제 지원,"○ 면역강화용 사료첨가제 지원
 - 사업내용 : 면역강화용 사료첨가제 지원
 - 지원조건 : 3만원/포(보조 50%, 자부담 50%)",,경상북도,광역시도,축산정책과,개인,상시신청,방문신청,,축산정책과/054-880-3422,https://www.gov.kr/portal/rcvfvrSvc/dtlEx/647000000118,753,농가
647000000119,가업승계 농업인 정착 지원,농림축산어업,가업을 승계한 농업인에게 시설개보수 및 첨단화 지원,○ 가업승계농업인의 시설개보수 및 첨단화 지원(보조 70%),,경상북도,광역시도,농업대전환과,개인,접수기관 별 상이,방문신청,,농업대전환과/054-880-3323,https://www.gov.kr/portal/rcvfvrSvc/dtlEx/647000000119,1007,농업
647000000128,친환경 농산물 판로 확대 지원,농림축산어업,친환경농산물 생산 농업인 등에게 직거래 택배비 일부 지원,"○ 지원대상: 친환경인증 농산물, 유기가공식품, 무농약원료가공식품 생산 농업인 및 농업법인

○ 지원내용: 친환경인증 농산물, 가공식품 등의 직거래 택배비 일부 지원

○ 지원기준: 건당 5,000원 한도",,경상북도,광역시도,스마트농업혁신과,개인,상시신청,방문신청,,친환경농업과/054-880-3362,https://www.gov.kr/portal/rcvfvrSvc/dtlEx/647000000128,702,농업
647000000132,과수생산경쟁력제고,농림축산어업,대체과수 재배 농업인 등에게 생산기반시설 조성 및 현대화 지원,○ FTA 대응 대체과수 생산기반시설 신규조성 및 시설현대화 지원,,경상북도,광역시도,스마트농업혁신과,개인,6월중,방문신청,,스마트농업혁신과/054-880-3375,https://www.gov.kr/portal/rcvfvrSvc/dtlEx/647000000132,752,농업
647000000139,귀농인정착지원,주거·자립,전입 귀농인에게 영농기반 소요비용 지원,"○ 귀농초기 영농기반에 소요되는 비용 지원

○ 지원조건 : 농가당 5백만원 한도 80% 지원",,경상북도,광역시도,농업대전환과,개인,접수기관 별 상이,방문신청,,농업대전환과/054-880-3308,https://www.gov.kr/portal/rcvfvrSvc/dtlEx/647000000139,1468,"귀농,농업,영농,농가"
647000000140,농업계고 졸업생 창업비용 지급,농림축산어업,농업계고 졸업 후 5년 이내의 자로 사업대상자로 선정된 후 3개월이상 영농 종사자 ,"○ 영농정착 및 창업 지원금 :  500만원/1인(3년간 지원)

  - 농업용 기계, 농자재 구입비로 사용",,경상북도,광역시도,농식품유통과,개인,재학중인 학교 또는 시·군청에서 안내,방문신청,,농식품유통과/054-880-3336,https://www.gov.kr/portal/rcvfvrSvc/dtlEx/647000000140,1029,"농업,영농"
647000000142,친환경농업지속직접지불제,농림축산어업,농업인에게 소득감소분 및 생산비 차익 일부 지원,"○ 지원대상 : 유기농산물 인증을 받고 농업경영체를 등록한 농업인 및 법인

○ 지원내용 : 유기농업 실천 농업인의 소득감소분 및 생산비 차익 일부 지원

○ 지원금액(ha당) : 논 350,000원/ 채소 등 650,000원/ 과수 700,000원",,경상북도,광역시도,스마트농업혁신과,개인,3 ~ 4월,방문신청,,친환경농업과/054-880-3362,https://www.gov.kr/portal/rcvfvrSvc/dtlEx/647000000142,527,농업
647000000151,중소형농업기계공급지원,생활안정,농업인에게 중소형농업기계 공급 지원,"○ 경상북도에 주소를 두고 농업경영체를 등록한 농업인에게 한국농업기계협동조합에서 발행한 “농업기계목록집”에 수록된 정부지원대상 농업기계 중 1천만원 이하 기종으로서 신규 제작한 농업기계에 한하며 지원 - 지원단가 :  1,000만원 이하 정부지원대상 농업기계 중 200만원 한도로 50%(100만원 최대) 보조",,경상북도,광역시도,스마트농업혁신과,개인,상시신청,방문신청,,친환경농업과/054-880-3366,https://www.gov.kr/portal/rcvfvrSvc/dtlEx/647000000151,1241,농업
647000000154,출산농가 영농도우미지원,임신·출산,농어촌지역 등에 거주하는 출산여성농어업인에게 영농대행인건비 지원,"○ 출산(예정)여성 농어업인 및 배우자 출산 남성 농어업인에게 영농대행 도우미를 이용한 일수 지원
   - 신청기간 :  출산(예정)일 기준으로 출산 전 90일, 출산 후 270일, 360일 기간 중 (단, 배우자 출산 남성농어업인은 출산 전 이용 불가)
   - 지원단가 : 72,000원(90,000원/일의 80%) 
   - 지원한도 : 출산(예정)여성농어업인 90일, 배우자 출산 남성 농어업인 10일

 ※ 예산소진 시 서비스는 종료됩니다",,경상북도,광역시도,농업대전환과,개인,상시신청,방문신청,,농업대전환과/054-880-3322,https://www.gov.kr/portal/rcvfvrSvc/dtlEx/647000000154,1475,"농업,영농,농가"
647000000158,결혼이민자농가 소득증진지원,농림축산어업,결혼이민자농가에 영농기반 확충 자금 지원,"○ 지원대상자의 영농(사업계획)에 따라 10백만원 범위 내 자금 지원(보조 80%, 자부담 20%)
 - 경종분야 및 축산분야 시설확충 및 농기계 구입 등 지원",,경상북도,광역시도,농업대전환과,개인,접수기관 별 상이,방문신청,,농업대전환과/054-880-3322,https://www.gov.kr/portal/rcvfvrSvc/dtlEx/647000000158,853,"농업,영농,농가"
647000000161,여성농어업인 행복 바우처,문화·환경,여성농어업인에게 건강문화복지 바우처 지원,"○ 여성농어업인에게 건강문화복지 바우처 지원(15만원)
 - 보조 12만원, 자부담 3만원

○ 사용 가맹점 
 - 전 업종 사용(약국, 의료, 주류, 사행성 등 28개 업종 제외)",,경상북도,광역시도,농업대전환과,개인,1월 중(기관별 신청기간 별도 안내),방문신청,,경북도청 농업대전환과/054-880-3322,https://www.gov.kr/portal/rcvfvrSvc/dtlEx/647000000161,2443,농업
647000000162,식량자급률제고지원,농림축산어업,"농업인 등에게 종자, 비료대 등 생산비 지원","○ 지원대상 : 품목별 3ha이상 재배지역(단일품목)으로서 사업대상지역(집단재배단지)으로 선정된 지역내 재배농가

○ 지원내용 : 종자, 비료대 등 생산비

○ 지원형태 : 보조 70% 자부담 30%",,경상북도,광역시도,스마트농업혁신과,개인,상시신청,방문신청,,친환경농업과/054-880-3370,https://www.gov.kr/portal/rcvfvrSvc/dtlEx/647000000162,819,"농업,농가"
647000000168,농어민수당지원,농림축산어업,"농업,농촌이 가지는 공익적 가치를 유지, 증진하는 농어민에게 수당 지급(일정 자격있음) ","○ 농어민 수당 지원
 - 지원대상 : 신청년도 1월 1일전 도내  계속해서 1년이상  거주, 실제 영농에 1년이상 계속 종사한 농어업인 중 농어업경영체 정보를 등록한 경영주
 - 지원금액 : 농가당 60만원 (상반기 60만원 일괄 지급) * 2025년부터 시행
 - 지원방법 : 지역화폐(상품권) 및 선불카드 지급  * 2025년부터 시행",,경상북도,광역시도,농업대전환과,가구,2025.2.1 ~ 2025.3.14(매년 상이함),방문신청||직접입력,,경상북도 농업대전환과/054-880-3316,https://www.gov.kr/portal/rcvfvrSvc/dtlEx/647000000168,26054,"농업,영농,농촌,농가"
648000001021,GAP 인증수수료 지원,농림축산어업,농업인 등에게 GAP 인증수수료 등 지원,"○ 우수관리인증 신규(갱신), 유효기간 연장, 변경신청 수수료 지원
○ 우수관리시설 지정신청 수수료, 현지심사를 위한 출장비 지원",,경상남도,광역시도,농식품유통과,개인,상시신청,방문신청,,창원시 농업기술센터 농산물유통과/055-225-5633||진주시 농업기술센터  농산물유통과/055-749-6179||통영시 농업기술센터 농축산과/055-650-6221||사천시 농업기술센터 기술지원과/055-831-3860||김해시 농업기술센터 농식품유통과/055-350-4064||밀양시 농업기술센터 스마트유통과/055-359-7134||거제시 농업기술센터 농식품유통과/055-639-6434||양산시 농업기술센터 농정과/055-392-5374||의령군 농업기술센터 농업정책과/055-570-4142||함안군 농업기술센터 원예유통과/055-580-4533||창녕군 농업기술센터 농식품유통과/055-530-7574||고성군 농업기술센터 농업기술과/055-670-4214||남해군 농업기술센터 유통지원과/055-860-3913||하동군 농업기술센터 농산물유통과/055-880-2863||산청군 농업기술센터 농식품유통과/055-970-7743||함양군 농업기술센터 농산물유통과/055-960-8192||거창군 농업기술센터 농업소득과/055-940-8263||합천군 농업기술센터 농업지도과/055-930-3978,https://www.gov.kr/portal/rcvfvrSvc/dtlEx/648000001021,1321,농업
648000001030,친환경농산물 전략품목 육성지원,농림축산어업,친환경농업 실천 농가 등에 생산장려금 지급,○ 경남도 전략품목(35개) 중 친환경인증을 받은 농가에 생산장려금 지급,,경상남도,광역시도,스마트농업과,개인,"마을·단체, 농가 상이",방문신청,,시군별 담당부서/055-120,https://www.gov.kr/portal/rcvfvrSvc/dtlEx/648000001030,810,"농업,농가"
648000001033,농기계 공급확대 사업,농림축산어업,농업인 구입 희망 농기계 지원,○ 농기계 구입비용 지원,,경상남도,광역시도,스마트농업과,개인,상시신청,방문신청,,읍면동별 주민센터/(),https://www.gov.kr/portal/rcvfvrSvc/dtlEx/648000001033,1411,농업
648000001042,청년농업인 취농직불제,농림축산어업,청년농업인에게 영농자금 및 일반 가계자금용 바우처 지급,"○  월100만원, 연간 최대 1,200만원 농협직불 카드를 발급하여 바우처 형식으로 지급(영농자금 및 일반 가계자급으로 활용)",,경상남도,광역시도,농업정책과,개인,접수기관 별 상이,방문신청,,경남도청 농업정책과/055-211-6234,https://www.gov.kr/portal/rcvfvrSvc/dtlEx/648000001042,1206,"농업,영농"
648000001045,고급육 출하농가 장려금 지원사업,농림축산어업,고급육 출하농가 장려금 지원,"○ 고급육 출하농가 장려금 지원
- 1++A,B등급 300천원, - 1+A,B등급 200천원 지원",,경상남도,광역시도,축산과,개인,접수기관 별 상이,방문신청,,축산과/055-211-6523,https://www.gov.kr/portal/rcvfvrSvc/dtlEx/648000001045,754,농가
648000001050,토종농산물 직불제,농림축산어업,토종농산물 재배 농업인에게 직불금 지원,○ 토종농산물 재배에 따른 직불금 지원,,경상남도,광역시도,스마트농업과,개인,2026. 4.,방문신청,,시군별 담당부서/(),https://www.gov.kr/portal/rcvfvrSvc/dtlEx/648000001050,733,농업
648000001052,과수 자연재해 경감 지원,농림축산어업,과수재배농가에 과수자연재해 경감제 지원,○ 과수자연재해 경감제 지원,,경상남도,광역시도,스마트농업과,개인,접수기관 별 상이,방문신청,,시군별 농업기술센터/(),https://www.gov.kr/portal/rcvfvrSvc/dtlEx/648000001052,1886,"농업,농가"
648000001057,서민층 의료서비스 지원,보건·의료,"수급자, 차상위계층 등에게 진료비, 건강검진비 등 지원","○ 서민층 진료비 지원 : 의료급여수급자, 차상위계층, 장애인(중증), 국가유공자 등
 - 진료비 본인부담금 20~50% 지원(1인 연 50만원 이내)

○ 저소득층 종합건강검진비 지원 : 서민층 진료비 지원 대상자 중 41세 이상 홀수년도 출생자(1984.12.31. 이전 출생자, 격년 실시)
 - 종합건강검진, 심장 및 뇌 정밀검진 지원(본인부담금 2~5만원,  도 18만원, 나머지  의료기관 부담)

○ 여성농업인 진료비 지원 : 20세 ~ 70세 전업여성농업인(‘여성농업인 바우처’사업 대상)
 - 진료비 및 종합건강검진비 중 본인부담금 50% 지원(1인 연 50만원 이내)",,경상남도,광역시도,의료정책과,개인,접수기관 별 상이,방문신청,,마산의료원/055-249-1619||경상국립대학교병원/055-750-8762||창원경상국립대학교병원/055-214-2550||양산부산대학교병원/055-360-1036||통영적십자병원/055-640-1779||거창적십자병원/055-949-3368||의료정책과/055-211-5054,https://www.gov.kr/portal/rcvfvrSvc/dtlEx/648000001057,6817,농업
648000001070,농가 도우미 지원,임신·출산,"출산(예정) 여성농업인을 위해 가사, 영농 도우미 이용료 일부 지원","○ 여성농업인 출산(예정) 시 영농, 가사를 대행한 도우미 이용료 일부 지원
  - 출산(예정)일 기준으로 출산 전 180일부터 출산 후 180일까지 360일 기간 안에 신청하여야 하며, 360일 기간 중 도우미를 90일간 이용할 수 있음   
  - 도우미 이용료 1일 83,000원의 85% 지원(자부담 12,450원)",,경상남도,광역시도,농업정책과,개인,상시신청,방문신청,,경남도청/055-211-6235||진주시 농업기술센터/055-749-6139||통영시 농업기술센터/055-650-6213||사천시 농업기술센터/055-831-3770||밀양시 농업기술센터/055-359-7123||거제시 농업기술센터/055-639-6317||의령군 농업기술센터/055-570-4134||함안군 농업기술센터/055-580-4413||창녕군 농업기술센터/055-530-6084||고성군 농업기술센터/055-670-4843||남해군 농업기술센터/055-860-3947||하동군 농업기술센터/055-880-2414||산청군 농업기술센터/055-970-7852||함양군 농업기술센터/055-960-8125||거창군 농업기술센터/055-940-8181||합천군 농업기술센터/055-930-4494,https://www.gov.kr/portal/rcvfvrSvc/dtlEx/648000001070,1102,"농업,영농,농가"
648000001075,과실 장기저장제 지원,농림축산어업,과수재배농가에 과실장기저장제 지원,○ 과실장기저장제 지원,,경상남도,광역시도,스마트농업과,개인,접수기관 별 상이,방문신청,,시군별 농업기술센터/(),https://www.gov.kr/portal/rcvfvrSvc/dtlEx/648000001075,1389,"농업,농가"
648000001116,여성농업인 바우처 지원,생활안정,"1인 연간 지원액 : 20만원
여성농업인의 건강증진 및 문화·복지활동을 위한 바우처 지원","1인 연간 지원액 : 20만원
여성농업인의 건강증진 및 문화·복지활동을 위한 바우처카드 발급 지원",,경상남도,광역시도,농업정책과,개인,2026.02.23.~2026.03.31.,방문신청,,경상남도/055-211-6235||창원시/055-225-5434||진주시/055-749-6139||통영시/055-650-6214||사천시/055-831-3771||김해시/055-350-4052||밀양시/055-359-7121||거제시/055-639-6374||양산시/055-392-5365||의령군/055-570-4132||함안군/055-580-4413||창녕군/055-530-6084||고성군/055-670-4843||남해군/055-860-3947||하동군/055-880-2414||산청군/055-970-7852||함양군/055-960-8125||거창군/055-940-8188||합천군/055-930-3653,https://www.gov.kr/portal/rcvfvrSvc/dtlEx/648000001116,5884,농업
648000001117,청년농업인 영농정착 지원,농림축산어업,"(1년) 110만원, (2년) 100만원, (3년) 90만원 의 영농정착지원금 지원","농협 청년농업희망카드를 발급하여 바우처 방식으로 사업대상자에게 영농정착지원금 지급
* 인근 농협(지역조합 또는 중앙회 시군지부)을 방문하여 영농정착지원금 신용·체크카드 발급받은 후 
발급받은 신용·체크 카드로만 결제 가능하며, 현금 인출이나 계좌 이체 등은 불가
** 농협 계좌가 없는 경우에는 계좌 신설 필요",,경상남도,광역시도,농업정책과,개인,2025.11.05~2025.12.11,기타 온라인신청,,경상남도/055-211-6234,https://www.gov.kr/portal/rcvfvrSvc/dtlEx/648000001117,967,"농업,영농"
648000001118,청년후계농 농지 임대료 지원,농림축산어업,◦ 지자체 및 한국농어촌공사(농지은행사업) 또는 개인 농지·시설하우스 임대료 일부 지원,◦ 지원내용: 지자체 및 한국농어촌공사(농지은행사업) 또는 개인 농지·시설하우스 임대차 계약 시 임대료 일부 지원,,경상남도,광역시도,농업정책과,개인,접수기관 별 상이,방문신청,,경상남도/055-211-6234||창원시/055-225-5433||진주시/055-749-6137||통영시/055-650-6214||사천시/055-831-3770||김해시/055-350-4053||밀양시/055-359-7121||거제시/055-639-6383||양산시/055-392-5304||의령군/055-570-4134||함안군/055-580-4414||창녕군/055-530-6056||고성군/055-670-4133||남해군/055-860-3927||하동군/055-880-7186||산청군/055-970-7852||함양군/055-960-8311||거창군/055-940-8188||합천군/055-930-4495,https://www.gov.kr/portal/rcvfvrSvc/dtlEx/648000001118,3094,"농업,농지"
648000001119,귀농인 안정정착 지원,생활안정,"귀농귀촌 관련 교육 및 견학비, 행사참가비, 임차료 등 지원 ","지원 내용
   ○ 지원금액 : 농가 70세대, 세대당 1,500천원
   ○ 지원조건 : 도비 20%, 시군비 80%
     - 사업별 초과 소요비용은 자부담으로 충당
     - 최근 3년간 지원실적이 있는 농가 지원 제외
지원 대상사업
   ○ 귀농교육, 농업분야교육 수강료, 컨설팅비용, 농업분야 선진지 견학비, 각종 국내외 행사(축제, 박람회) 참가비, 농업관련 자격증 취득,  (중)장비·농기계 임차료 등",,경상남도,광역시도,농업정책과,개인,접수기관 별 상이,방문신청,,경상남도/055-211-6243||창원시/055-225-5432||진주시/055-749-6137||사천시/055-831-3771||김해시/055-350-4056||밀양시/055-359-7117||거제시/055-639-6384||양산시/055-392-5303||의령군/055-570-4223||함안군/055-580-4423||창녕군/055-530-7593||고성군/055-670-4134||남해군/055-860-8839||하동군/055-880-2849||산청군/055-970-7853||함양군/055-960-4193||거창군/055-940-8162||합천군/055-930-3944,https://www.gov.kr/portal/rcvfvrSvc/dtlEx/648000001119,484,"귀농,귀촌,농업,농가"
648000001155,임산부 친환경농산물 지원,임신·출산,임산부 및 출산한 자에게 친환경농산물 꾸러미(24만원 상당) 지원,'25. 1. 1. 이후 출산한 자 및 신청 당시 임신 확인이 가능한 자에게 1인당 24만원 상당의 친환경농산물 꾸러미 지원,,경상남도,광역시도,스마트농업과,개인||가구,2026.06.15~2026.06.30,방문신청,,경상남도 스마트농업과/055-211-6324,https://www.gov.kr/portal/rcvfvrSvc/dtlEx/648000001155,820,농업
650000000222,기타과수 생산시설 현대화 지원,농림축산어업,기타과수 재배 농업인에게 비상발전기 외 10개사업 지원,"○ 농업경영체에 등록한 기타과수(감귤류를 제외한 과수) 재배 농업인에게 생산기반시설(*비상발전기 외 10개사업) 설치 비용 지원
    * 지원사업 내역: 비상발전기, 자동개폐기, 관수관비시설, 농산물운반시설, 무인방제시설, 환풍기, 송풍팬, 난방기, 보온커튼, 재난방지시스템, 제습기",,제주특별자치도,광역시도,감귤유통과,개인,접수기관 별 상이,방문신청,,제주시 감귤유통과/064-728-3332,https://www.gov.kr/portal/rcvfvrSvc/dtlEx/650000000222,917,농업
650000000223,고품질 만감류 장려금 지원,농림축산어업,고품질 만감류 출하농가에 장려금 지원,"○ 품질 기준 이상의 만감류(한라봉, 천혜향, 레드향, 황금향, 카라향)를 출하하는 농가에게 인센티브 제공",,제주특별자치도,광역시도,감귤유통과,개인,접수기관 별 상이,방문신청,,감귤유통과/064-760-2722,https://www.gov.kr/portal/rcvfvrSvc/dtlEx/650000000223,861,농가
650000000229,경작지 암반제거 지원,농림축산어업,밭작물 재배농지의 암반제거 비용 지원,"○ 농업경영체에 등록한 밭작물 재배농지(과수원 제외)에 암반 존재할 경우 암반제거 비용 지원

○ 200㎥ 이하 암반 제거 및 지반 정리에 따른 장비 사용료 지원",,제주특별자치도,광역시도,감귤유통과,개인,매년 1월 중,방문신청,,제주시청 감귤유통과/064-728-3353,https://www.gov.kr/portal/rcvfvrSvc/dtlEx/650000000229,720,"농업,농지"
650000000242,흑우 소득 직불금 지원,농림축산어업,흑우암소 사육농가에 직불금 지원,"○ 시업기간 : 2026.1 ~ 12

○ 사업내용 : 12개월령 이상 흑우암소 사육농가에 직불금 지원

○ 협조기관 : 지역축협(제주축협, 서귀포시축협)

○ 지원기준 : 3월말 기준 사육 암소 총 마리수를 예산액으로 균등 안분 지원",,제주특별자치도,광역시도,친환경축산정책과,개인,2025.12.19~2026.01.09,방문신청,,친환경축산정책과/064-710-2122,https://www.gov.kr/portal/rcvfvrSvc/dtlEx/650000000242,710,농가
650000000270,제주특별자치도 여성농업인 행복이용권 지원,문화·환경,도내 20세 이상 ~ 80세 미만 여성농업인을 대상으로 행복이용권 지원(20만원/인),"○ 지원대상: 농업경영정보를 등록한 20세 이상 ~ 80세 미만 여성농업인
○ 지원내용: 1인당 행복이용권(NH채움카드 바우처) 20만원 지원
○ 사용업종: 전체 업종  
    - 단,  사이버거래, 건강보험 적용 병·의원 및 약국, 일정규모 이상의 대형 유통업체 등 제외",,제주특별자치도,광역시도,친환경농업정책과,개인,2026.03.09~2026.03.31,정부24온라인신청||방문신청,,제주도청 친환경농업정책과/064-710-4093||제주시청 친환경농정과/064-728-3316||서귀포시청 친환경농정과/064-760-2842,https://www.gov.kr/portal/rcvfvrSvc/dtlEx/650000000270,7344,농업
650000000271,제주특별자치도 출산 농가도우미 지원,임신·출산,도내 출산(예정) 여성농업인을 대상으로 출산 전후 영농도우미 이용 금액 정액 지원,"○ 지원대상: 농업경영정보를 등록한 도내 출산(예정)* 여성농업인
    * 임신 4개월(85일) 이후 발생한 유산·조산·사산의 경우 출산으로 인정
○ 지원내용: 출산 전후 영농도우미 이용 금액 정액 지원
○ 지원범위
  - 지원기간: 출산 전 90일~출산 후 120일 중 최대 70일
  - 기준단가: 1일 82,560원(인당 최대 5,779,200원 지원)",,제주특별자치도,광역시도,친환경농업정책과,개인,상시신청,방문신청,,제주특별자치도 친환경농업정책과/064-710-4093||제주시 친환경농정과/064-728-3316||서귀포시 친환경농정과/064-760-2843,https://www.gov.kr/portal/rcvfvrSvc/dtlEx/650000000271,1059,"농업,영농,농가"
650000000278,감자 종서 구입비 지원,생활안정,농업인에게 가을 재배용 감자 종서 구입비 일부 지원,○ 농업경영체로 등록한 농업인(농업경영체에 등록된 감자 재배지 기준)에게 가을 재배용 감자 종서 구입비 일부(60%) 지원,,제주특별자치도,광역시도,감귤유통과,가구,매년 3월~4월내(약 2주간),방문신청,,감귤농정과 원예특작부서/064-760-2712,https://www.gov.kr/portal/rcvfvrSvc/dtlEx/650000000278,717,농업
650000000291,농업인 안전재해보험 지원,농림축산어업,농업인에게 안전재해보험료 지원,"○ 농업인 안전재해보험 가입비 지원
 - 지원대상 : 공제가입일 현재 제주시 또는 서귀포시에 주소를 두고, 영농활동에 종사하는 만 15세 이상 87세 이하의 농업인(일부상품은 84세)
 - 지원내용 : 피보험자 1인당 보험료 75% 지원(국비 50%, 도비 25%)
 - 시행기관 : NH농협생명보험",,제주특별자치도,광역시도,친환경농정과,개인,상시신청,방문신청,,제주시 친환경농정과/064-728-3313,https://www.gov.kr/portal/rcvfvrSvc/dtlEx/650000000291,1242,"농업,영농"
650000000326,제주특별자치도 농민수당 지원,농림축산어업,"○ (1인 경영체) 연 50만원,  (2인 경영체 이상) 구성원별 1인당 연 45만원","o 농민수당 지급대상 여부
   - 신청연도 1월1일 기준 3년 이상 계속하여 도내에 주소를 두고 실제 거주
   - 신청연도 1월1일 기준 2년 이상 계속하여 농업경영정보를 등록",,제주특별자치도,광역시도,친환경농업정책과,개인,2026.03.09~2026.03.31,방문신청,,친환경농업정책과/064-710-4092,https://www.gov.kr/portal/rcvfvrSvc/dtlEx/650000000326,73747,"농업,농민"
650000001099,여성농업인 특수건강검진 지원,보건·의료,"근골격계, 심혈관계질환 등 여성농업인이 취약한 질환에 대한 건강검진 및 예방상담 지원","○ 검진비용 지원: 22만원 기준 자부담 2만원 내외
○ 검진항목(5영역 10항목) : 근골격계, 심혈관계, 골절·손상위험도, 폐활량, 농약중독
○ 예방교육(4항목) : 근골격계질환, 농약중독, 낙상에 의한 골절, 심혈관계질환",,제주특별자치도,광역시도,친환경농정과,개인,상시신청,기타 온라인신청||방문신청,,제주시 친환경농정과/064-728-3316,https://www.gov.kr/portal/rcvfvrSvc/dtlEx/650000001099,179,농업
654000000012,농작물재해보험 농가부담금 지원,농림축산어업,농작물재해보험 보험료 농가 자부담금 지원(NH농협손해보험),농작물재해보험 보험료 농가 자부담금 지원(NH농협손해보험),,전북특별자치도,광역시도,스마트농산과,개인,상시신청,방문신청,,스마트농산과/063-280-2692,https://www.gov.kr/portal/rcvfvrSvc/dtlEx/654000000012,315,"농가,농작물"
654000000013,농촌 찾아가는 왕진버스,농림축산어업,의료시설이 부족한 읍면 방문으로 의료 서비스 제공,"협약병원 의료진이 직접 해당 읍면을 방문하여 양·한방 진료, 안과 및 치과 검진, 물리치료, 질병관리 예방교육, 돋보기 지원 등을 제공",,전북특별자치도,광역시도,농촌사회활력과,개인,전년도 하반기 사업 수요 조사 실시,신청불필요,,전북특별자치도/063-280-4196,https://www.gov.kr/portal/rcvfvrSvc/dtlEx/654000000013,375,농촌
654000000019,청년창업농 영농기반 임차지원,농림축산어업," 농지, 농산물 재배시설, 축사 등 임차료 일부 지원","○ 농지, 농산물 재배시설, 축사 등 임차료 일부 지원",,전북특별자치도,광역시도,농생명정책과,개인,2026. 1.  ~ 2026. 1. (연도별 상이),방문신청,,전북특별자치도 농생명정책과/063-280-4250,https://www.gov.kr/portal/rcvfvrSvc/dtlEx/654000000019,103,"영농,농지"
654000000033,출산여성 농가도우미,임신·출산,본인부담금 10%의 금액으로 농가도우미 100일 간 이용 가능 ,"○ 영농·영어관련 작업(50일 이상), 가사작업 일부(50일 미만)

○ 1일 지원 기준 단가 90,000원의 90%(81,000원)지원 → 본인부담금 : 약 9,000 원

○ 출산(예정)일 기준으로 출산 전 30일 부터 출산 후 1년 이내 도우미 100일 간 이용 가능",,전북특별자치도,광역시도,농생명정책과,개인,상시신청,방문신청,,전북특별자치도 농생명정책과/063-280-4250,https://www.gov.kr/portal/rcvfvrSvc/dtlEx/654000000033,115,"영농,농가"
654000000037,여성농업인 농작업 편의장비 지원,농림축산어업,"농작업 편의장비 10종* 중 택 1 지원(50만 원(자부담 20% 포함)/대 이내)
 ","○ 농작업 편의장비 10종* 중 택 1 지원(50만 원(자부담 20% 포함)/대 이내)
 
* 농작업대, 이동식충전분무기, 고추수확차, 충전운반차, 충전식예초기, 다용도파종기, 충전식자동전정가위, 소형관리기, 충전식 전기톱, 잡초제거기",,전북특별자치도,광역시도,농생명정책과,개인,접수기관 별 상이,방문신청,,전북특별자치도 농생명정책과/063-280-4250,https://www.gov.kr/portal/rcvfvrSvc/dtlEx/654000000037,139,농업
654000000038,여성농업인 생생카드 지원,생활안정,"농협채움카드 포인트 130,000 원 지원, 전 업종 사용 가능","○  농협채움카드 포인트 130,000 원 지원, 전 업종 사용 가능

※ 의료 기관 및 유흥, 사행성 관련 업종 등 제외",,전북특별자치도,광역시도,농생명정책과,개인, 2026. 2. 2. ~ 3.6.,방문신청,,전북특별자치도 농생명정책과/063-280-4250,https://www.gov.kr/portal/rcvfvrSvc/dtlEx/654000000038,200,농업
999000000027,농어가목돈마련 저축장려금,생활안정,목돈마련저축을 만기까지 유지하는 농어민에게 이자 외 저축 장려금 지급,"○ 저축기관이 저축금액에 대하여 지급하는 이자 외에 저축 장려금(0.9~4.8%)을 지급
    - 장려금 지급률은 다음과 같음
     ㆍ일반 농어민, 5년 : 1.5%
     ㆍ일반 농어민, 3년 : 0.9%
     ㆍ저소득농어민, 5년 : 4.8%
     ㆍ저소득농어민, 3년 : 3.0%","○ 지원대상과 동일

 - 농업인(임업인 포함), 어업인으로 「농어가목돈마련저축에 관한 법률 시행령」 제2조에 해당하는 사람 * 
  * 건강보험료 납부금액이 금융위원회가 정하는 금액 이하인 농어민 등",금융위원회,중앙행정기관,은행과,개인,상시신청,방문신청,"농업/축산업협동조합, 수산업협동조합, 산림조합",NH농협/1661-2100||Sh수협/1588-1515||산림조합/1544-4200,https://www.gov.kr/portal/rcvfvrSvc/dtlEx/999000000027,66691,농업
999000000034,청년창업농장학금 지원,보육·교육,대학교에 재학 중인 3학년 이상(농식품인재 1학년 2학기 이상)에 장학금 지원,○ 매학기 등록금 전액과 학업장려금 250만원 지원,"○ 취창업계획서, 성적 등 서류 심사로 우선선발 대상자 선정 후 보증보험가입 완료 시 최종 선정",농림축산식품부,중앙행정기관,농촌사회서비스과,개인,농어촌희망재단 누리집에 별도 공지,기타 온라인신청,농어촌희망재단,한국농어촌희망재단/02-6958-9472,https://www.gov.kr/portal/rcvfvrSvc/dtlEx/999000000034,4580,농촌
B27000100042,무료 소송대리 서비스(농업인·어업인),행정·안전,"농업인·어업인 대상으로 민사, 가사사건 등 지원","○ 사회·경제적 약자에 대한 법률구조서비스 제공으로 법률복지사증진

○ 무료 법률상담

○ 무료 소송대리",,대한법률구조공단,공공기관,구조사업부,개인,상시신청,기타 온라인신청||방문신청||직접입력,,(국번없이)132 법률상담 콜센타/132,https://www.gov.kr/portal/rcvfvrSvc/dtlEx/B27000100042,1456,농업
B27000100054,법문화교육서비스 제공,생활안정,법교육 전문강사들이 주도로 사회 각 계층을 대상으로 생활법률에 대한 교육프로그램지원 ,"대한법률구조공단 부설 법문화교육센터는 2011년 개소 이후 다문화가족, 북한이탈주민, 장애인, 농업인, 청소년 등 사회 각 계층을 대상으로 맞춤형·체험형 법교육을 제공해 온 전문기관입니다. 법률상담과 소송대리 경험을 바탕으로 전문 강사들이 생활법률을 쉽게 전달하며, 자립준비청년, 중장년층, 노인, 귀농·귀촌인, 재소자 등 다양한 대상에게 찾아가는 법교육을 운영하고 있습니다. 특히 청소년 법교육을 강화하고 온라인 플랫폼을 확대하여 접근성을 높이는 등 상시적인 법교육 체계를 마련해 국민에게 더 가까이 다가가는 기관이 되고자 합니다.",,대한법률구조공단,공공기관,구조사업부,개인,상시신청,기타 온라인신청,,법문화교육센터/054-432-6812,https://www.gov.kr/portal/rcvfvrSvc/dtlEx/B27000100054,446,"귀농,귀촌,농업"
B55214900001,농지규모화 지원,농림축산어업,비농업인 농지를 농업인에게 매도 또는 장기 임대,"○ 농지를 소유하고 있지만 직접 농사를 짓기 어려운 분들의 농지를 공사에서 임차하여 농업인에게 임대하는 사업

○ 농지소유자의 농지를 실거래가격으로 매입 또는 공사에서 장기 임차, 농업인 상호간의 농지를 교환할 때 차액에 대한 지원
 - 매입은 실거래가격 고려, 임차에 따른 비용은 임대료는 소유자에게 일시 지급

○ 매입 또는 임차 농지를 청년창업형후계농업인 매도 또는 장기 임대(5년~)
 - 매도시 13,000원/㎡(청년농은 38,500원/㎡)까지는 1% 이자율로 최대 30년까지 상환
 - 임대시 해당지역관행임차료 등 고려하여 연간 임대료 납부",,한국농어촌공사,공공기관,한국농어촌공사,개인,상시신청,기타 온라인신청||방문신청,,농지은행 고객상담/1577-7770,https://www.gov.kr/portal/rcvfvrSvc/dtlEx/B55214900001,2188,"농업,농지"
B55214900002,농업인 노후생활 안정 지원,농림축산어업,소유농지를 담보로 노후생활안정자금을 매월 연금형식으로 제공,"○ 농지소유자의 농지를 담보로 하여 농지가격, 가입연령, 지급방식에 따라 매월 월지급금을 결정하여 최대 300만원 한도내에서 지급
 - 농지가격은 공시지가 100% 또는 감정평가 90% 중 선택하여 결정",,한국농어촌공사,공공기관,한국농어촌공사,개인,상시신청,기타 온라인신청||방문신청,,농지은행처/061-338-5906,https://www.gov.kr/portal/rcvfvrSvc/dtlEx/B55214900002,1819,"농업,농지"
B55214900004,농지 임대 수탁 지원,농림축산어업,농지를 소유하고 있지만 직접 농사가 어려운 분들의 농지 임대,"○ 농지소유자의 농지를 농지은행에게 장기 임차(5년이상)
 - 해당지역 임차료 수준 협의 결정, 단,임대료에서 수수료 5%를 공제하고 소유자에게 임차료 지급하고, 사용대수탁수수료는 1회 10만원으로 소유자가 지급
   ('26년~: 농업인 소유농지 임대수탁 및 사용대수탁 수수료 면제)

○ 해당 농지를 청년농 등 농업인에게 장기 임대(5년이상)
 - 해당지역 임차료 수준 임대료 협의 결정",,한국농어촌공사,공공기관,농지사업부,개인,상시신청,기타 온라인신청||방문신청,,농지은행 고객상담/1577-7770,https://www.gov.kr/portal/rcvfvrSvc/dtlEx/B55214900004,3000,"농업,농지"
B55214900005,농지 매입 비축 지원,농림축산어업,농업인 농지를 공사에서 감정평가가격으로 매입하여 타농업인에게 임대,"○ 농지소유자의 농지를 감정평가 가격으로 매입
 - 단 지역별 매입상한 단가 이내에서 매입(28,000원/㎡~130,000원/㎡ 이내)

○ 매입농지를 청년창업형후계농업인 등에게 장기 임대(5년이상)
 - 해당지역 관행임대차료 등을 고려하여 결정하고, 타작물 재배시 임대료 80% 감면",,한국농어촌공사,공공기관,농지사업부,개인,상시신청,기타 온라인신청||방문신청,,농지은행 고객상담/1577-7770,https://www.gov.kr/portal/rcvfvrSvc/dtlEx/B55214900005,3115,"농업,농지"
B55214900006,해외농업개발(융자) 지원,농림축산어업,해외농업사업 개발사업자 대상으로 융자 지원,"○ 해외농업자원개발사업자의 현지 조기정착 및 기반마련을 위해 농축산물 생산에 필요한 영농비·농기계 구입비, 유통시설(건조·저장·가공시설 등) 및 운영자금 등을 융자 지원

○ 지원금리 및 상환방법
 - 연 금리 2.0%, 5년 거치 10년 상환, 단 곡물확보형 사업은 연 금리 1.5%로 지원
     [곡물확보형 사업으로 연금리 1.5%지원 양곡]
      : 국내 자급률이 낮은 주요 3대 곡물(밀, 콩, 옥수수)
      : 양곡관리법 및 동법 시행령에서 정의하는 곡류, 서류 등(두류, 조, 수수, 메밀, 참밀, 호밀, 보리, 귀리, 율무, 기장, 감자, 고구마, 카사바 등) * 쌀 제외

○ 지원한도
 - 전략 품목(밀, 콩, 옥수수, 카사바, 오일팜, 배추)에 한해서 기업 구분 없이 소요 사업비의 70%이내, 자부담 30%이상
 - 그 외 품목
   (공정거래위원회가 공시한 상호출자제한 기업집단, 이하 대기업) 융자신청 당해연도 지원대상 소요 사업비의 50% 이내, 자부담 50% 이상
   (대기업이 아닌 사업자) 융자신청 당해연도 지원대상 소요 사업비의 70% 이내, 자부담 30% 이상
 - 단, 융자금 지급일로부터 1년 이내 융자금 사용 완료 되어야 함
 - 우리 사업과 유사한 타기관 정책사업을 지원받은 것이 확인된 경우 타 정책사업 지원액을 차감한 나머지 소요액 이내 지원

○ 융자금 용도
 - 해외농업자원개발을 수행(유통망 포함)하는 데 필요한 사업권의 취득 및 영농 사업에 필요한 자금
  · 해외농업자원개발 생산에 필요한 영농비(종자, 비료, 농약, 사료 등 구입비)
 - 해외농업자원개발에 소요되는 시설의 설치 및 운영 자금
  · 시설 및 기계·장비 등의 설치, 매입, 임차 등 시설자금 및 운영자금
 - 해외농업자원개발을 수행하는 데 필요한 토지의 임차 및 매입자금
 - 해외농업자원개발을 통하여 생산되거나 확보된 해외농업자원의 저장·가공·유통·판매 등에 필요한 자금
  · 해외농업자원의 저장·가공·유통·판매 관련 시설 및 기계·장비 등의 설치, 매입, 임차 등 시설자금 및 운영자금
 - 단, 해외농업자원개발에 필요한 비용 중 인건비는 융자 지원대상에서 제외",,한국농어촌공사,공공기관,한국농어촌공사,법인/시설/단체,당해연도 사업추진에 따라 모집공고 변동,방문신청||직접입력,,글로벌사업처/061-338-6472||글로벌사업처/061-338-6473||글로벌사업처/061-338-6474,https://www.gov.kr/portal/rcvfvrSvc/dtlEx/B55214900006,1168,"농업,영농"
B55252900233,농촌출신대학(원)생 학자금대출 제도,보육·교육,농어촌 출신 학부생 및 대학원생을 위한 무이자 학자금대출 지원,"○ 대출금액: 당해 학기 대학(기관)에서 통보한 등록금 전액(입학금, 수업료 등)
   ※ 생활비, 기숙사비 등은 대출금 대상에서 제외(단, 한국장학재단 일반/취업 후 상환 생활비 대출로 이용 가능)
○ 대출이율: 무이자
○ 대출횟수: 재학 대학(기관)의 정규학기 수 이내
○ 주관부처: 농림축산식품부 농촌사회서비스과
○ 시행주체: 한국장학재단 학자금대출실",,한국장학재단,공공기관,학자금대출실,개인,사전신청: 2026. 5. 22. ~ 2026. 6. 30. / 본신청: 2026. 7. 1. ~ 2026. 7. 28.,기타 온라인신청||직접입력,,한국장학재단 콜센터/1599-2000,https://www.gov.kr/portal/rcvfvrSvc/dtlEx/B55252900233,195,농촌
B55284200005,북한이탈주민 영농정착성공패키지 교육 지원,생활안정,북한이탈주민에게 영농 관련 기초교육·실습 등의 교육 제공,"○ 영농정착성공패키지 교육
 - 만19세 이상 70세 미만의 영농을 희망하는 북한이탈주민에게 제공하는 영농정착 지원
  ㆍ1단계(기초교육) : 기초이론 및 실습(103시간 예정)
      - 전문가 이론교육, 현장실습 등
  ㆍ2단계(영농실습) : 희망작목 관련 실습농가 지정 후 실습(3~5개월)
      - 실습자(월80만원), 실습농가(월40만원) 수당 지급
  ㆍ3단계(영농창업) : 귀농(농업경영체 등록) 후 초기 영농운영비 지원
  ㆍ4단계(사후관리) : 맞춤형 컨설팅(전문기관 연계), 판로확보 지원 등",,북한이탈주민지원재단,공공기관,북한이탈주민지원재단,개인,"1월, 5월",방문신청||직접입력,,일자리지원부/02-3215-5771,https://www.gov.kr/portal/rcvfvrSvc/dtlEx/B55284200005,1150,"귀농,농업,영농,농가"
B55284500005,농수산식품 정책자금 종합지원,농림축산어업,"농식품 수출을 위한 원료 및 부자재 구입, 저장, 가공, 직접노무비 등 운영자금 융자지원 ","○ 농식품글로벌육성지원자금(운영)
  -  농식품 수출업체에 필요한 자금을 적기에 융자 지원함으로써 경쟁력 제고 및 농가 소득 증대 도모

○ 농식품 글로벌육성지원자금(시설)
  -  농식품 수출을 위한 시설현대화 자금을 융자 지원함으로써 경쟁력 제고 및 수출활성화 도모

○ 우수수산물지원자금
  -  우수수산물업체에 원료의 구매, 가공 등에 필요한 운영자금을 지원(융자)하여 경영안정 및 해외시장 개척 추진

○ 식품가공원료매입자금
  -  대외 시장 개방 확대에 대응하여 농식품 제조, 가공업계 경쟁력 제고 및 고차 가공 활성화로 우리 농산물의 부가가치 제고

○ 농식품시설현대화자금
  -  농식품 제조, 가공업체의 품질향상 및 안전성 확보를 위한 시설 현대화 및 개보수 등 지원

○ 외식업체육성자금
  -  국민 식생활 패턴의 변화에 부응하는 경쟁력 있는 외식산업 육성을 통한 국민의 삶의 질 향상에 기여

○ 농공상융합형중소기업지원자금
  -  생산자와 제조업체 간의 협력관계를 통하여 농어업인의 소득 창출 및 제조업체의 안정적인 원료 확보 체제 지원

○ 노지채소수급안정자금
  -  노지채소 계약재배 지원을 통한 농업인의 수익증대 및 경영안정 기여

○ 두류ㆍ맥류 계약재배자금 
  -  두류ㆍ맥류 재배 농업인에는 안정적인 판로를 보장하고, 가공업체에는 업체가 원하는 품질의 원료를 안정적으로 공급받을 수 있는 체계 구축으로 소비기반 확충

○ 밭식량작물수매지원자금
  -  밭식량작물 구매자금 지원을 통한 국내 밭작물 자급률 제고 및 농가경영 안정화

○ 농산물직거래구매지원자금 
  -  농산물 직거래 활성화를 위한 구매자금을 융자 지원하여 생산자ㆍ소비자 모두에게 도움이 되는 신(新)유통경로 확산

○ 공공급식운영활성화자금 
  -  공공급식 식재료의 안정적 공급을 위해 필요한 자금을 공급업체에 융자하여 국산 농ㆍ축산물, 지역농산물 안정적 공급 및 소비 촉진

○ 친환경농산물직거래지원자금
  -  친환경농식품 취급업체의 직거래 구매를 위한 자금을 융자 지원하여 친환경농식품의 안정적인 판로 확대, 수급조절 및 가격안정에 기여",,한국농수산식품유통공사,공공기관,금융법무부,법인/시설/단체,매년 1월 접수,기타 온라인신청||방문신청,,금융법무부/061-931-1147,https://www.gov.kr/portal/rcvfvrSvc/dtlEx/B55284500005,1058,"농업,농가"
B55344100002,농식품 크라우드펀딩 지원,농림축산어업,농림축산식품 경영체의 역량 강화 및 투자유치 컨설팅 제공,"○ 농식품 크라우드펀딩 활성화 지원 
- (지원대상) 농식품 분야 창업 7년 이내 업체

 - (펀딩 전 지원) 펀딩 프로젝트 오픈을 위한 법률 및 회계자문, 기업 제품 홍보 컨텐츠 제작(사진, 동영상, 상세페이지 제작 등) 비용 지원
 - (펀딩 후 지원) 펀딩 성공 시 플랫폼사에 지급하는 광고 및 중개수수료 비용 지원

※ 수시로 신청가능(단, 선착순 지원, 예산 소진 시까지 접수 가능)",,농업정책보험금융원,공공기관,농업정책보험금융원,개인||법인/시설/단체,상시신청,기타 온라인신청,,투자금융부(크라우드펀딩)/02-3775-6796,https://www.gov.kr/portal/rcvfvrSvc/dtlEx/B55344100002,1767,농업
B55346600001,중.장기복무 전역예정군인 전직교육서비스,보육·교육,전역예정군인의 진로방향 설정 및 전직 목표별 교육제공,"○ 전역예정군인의 전역 후 성공적 재취업 및 안정적 사회정착을 위한 진로방향 설정 및 목표별 전직역량 향상

○ 사이버아카데미
 - 서비스 대상 : 전역예정장병
 - 개인별 전직준비 및 생애설계 역량 강화 등의 온라인 교육과정

○ 진로교육
 - 서비스대상 : 전역 2년 전인 중·장기복무 전역예정간부
 - 군 복무 중 개발된 개인별 직무역량을 확인하고, 전역 이후 새로운 경력목표를 탐색·수립하는 교육(1박2일)

○ 전직기본교육
 - 서비스대상 : 전역 1년 이내인 중·장기복무 전역예정간부
 - 전직목표별(취업, 시험, 창업, 귀농귀촌 등) 맞춤형으로 지원되는 전직역량 향상을 위한 전직지원교육(3박4일)

○ 맞춤형 전문교육
 - 서비스대상 : 전직기본교육을 수료한 중·장기복무 전역예정간부
 - 목표분야 자격 취득 등 실제적 취업경쟁력 강화를 위한 교육",,국방전직교육원,공공기관,국방전직교육원,개인,상시신청,기타 온라인신청,,교육운영부/031-760-9453,https://www.gov.kr/portal/rcvfvrSvc/dtlEx/B55346600001,1143,"귀농,귀촌"
B55472900002,벤처·창업기업 판로·유통지원,고용·창업,농산업 및 농식품 창업기업이 생산한 우수제품을 온라인 입점 채널 연계 및 MD 품평회,"＊ 판로역량 교육, 상품성 향상 멘토링, 홈쇼핑·온라인 진출, 유통사 MD품평회

○ 아카데미  

 - 판로 역량강화 온라인 교육

○ 홈쇼핑 론칭

 - 상품화 지원, 방송 지원

○ 온라인 입점 

 - 기획전, 프로모션, 라이브커머스

○ 품평회

 -  입점상담, 소구포인트 발굴, 제품 개선 등 유통사 MD  1:1 상담",,한국농업기술진흥원,공공기관,한국농업기술진흥원,소상공인,접수기관 별 상이,기타 온라인신청,,한국농업기술진흥원/062-971-7802,https://www.gov.kr/portal/rcvfvrSvc/dtlEx/B55472900002,117,농업
B55472900003,스마트팜 청년창업 보육센터,농림축산어업,"실습 중심의 장기 교육(총 20개월) 과정을 운영
","○ 스마트팜 기초 입문(이론)교육→교육형 실습→경영형 실습 단계 별 교육 과정 운영을 통해 스마트팜 분야 전문 인력 육성(20개월 과정)

○ 전국 4개 소 스마트팜 혁신밸리 청년창업 보육센터(전북 김제, 전남 고흥, 경북 상주, 경남 밀양)

□지원사항

○ 스마트팜 청년 창업 보육센터 교육비(20개월 장기 실습 교육)국비 지원(무료)

○ 교육형·경영형 실습 시,지원 조건을 충족할 경우에 한해 실습비(1인 월 70만 원 한도)지원

○ 임대․자가온실을 활용하여 경영형 실습을 수행하는 교육생에게 1인 당 연간 360만 원 한도로 실습 재료비 지원

○ 국내·외 우수 현장 전문가의 영농 기술 지도 및 컨설팅을 통해 전문가 집단 연결(인적 네트워크)구축 지원

□ 교육 수료생 혜택

①농업정책자금(NH은행스마트팜종합자금)

 - 보육센터이수자가대출신청시점에39세를초과하더라도보육센터교육이수또는임대형스마트팜임대계약기간종료후3년이내인자는지원가능

 - 시설자금대출기간연장(’23년～)-5년거치(기존)10년균등분할상환→ (변경)20년균등분할상환

②청년후계농영농정착지원사업 서면평가 가점 2점

③ 후계농업경영인지원사업 배정 

④ 농림수산업자신용보증기금금(농신보)보증 비율 우대(85%→90)

⑤ 혁신밸리 내 임대형 스마트팜 입주 자격 부여",,한국농업기술진흥원,공공기관,한국농업기술진흥원,개인,접수기관 별 상이,직접입력,,스마트팜코리아 콜센터/1522-2911,https://www.gov.kr/portal/rcvfvrSvc/dtlEx/B55472900003,451,"농업,영농"
O00010400003,이천 농업테마공원 숙박시설 이용감면 제공,문화·환경,사회적 취약계층에게 이천농업테마공원 이용요금 감면(대상별 상이),"○ 사용료 감면(50%)
 - 「국가유공자등 예우 및 지원에 관한 법률」에 따른 국가유공자와 그 유족
 - 「5·18민주유공자예우에 관한 법률」 제7조에 따라 등록된 5·18민주유공자와 그 유족
 - 「장애인복지법」 제32조에 따라 등록된 장애인(장애정도가 심한 장애인인 경우에는 그 보호자를 포함한다)
 - 「주민등록법」 제10조에 따라 펜션 사용일 현재 거주지가 이천시로 되어 있는 사람
 -   이천시 주둔 군부대 소속으로서 「군인의 지위 및 복무에 관한 기본법」에 따른 군인",,이천시시설관리공단,지방공기업,서비스 관리부서,개인,상시신청,방문신청,,이천시시설관리공단/031-632-6430,https://www.gov.kr/portal/rcvfvrSvc/dtlEx/O00010400003,1056,농업
O00044100001,경기도민텃밭(용인흥덕) 경작지 분양 제공,농림축산어업,취약계층 대상으로 텃밭 공간 제공 및 프로그램 운영,"○ 목적
  - 원예활동을 통해 심리적, 신체적 건강증진 및 여가문화 창출
  - 경기도민의 자발적 참여와 지속적인 관심을 통한 공동체 형성
  - 고령자, 장애인 단체 등의 참여유도를 통한 복지기능 고취
  - 도시농업 공동체 활성화 프로그램을 통한 도시농업 관심 및 가치 증진
  - 텃밭수확물 기부를 통한 도시농업의 기부문화 활성화

○ 경기도민텃밭 공간 제공 
   -  경기도민텃밭 1개소 316구획 (개인295 단체21) 경기도민 대상 선발
   -  개인 구좌 구분 ( 용인시민200, 경기도민95  ) 
○ 경기도민텃밭에 관심 있는 도민 및 단체 모집 
  ※ 개인우선선발 조건 
   - 만70세이상(1955년 12월 31일 이전출생)
   - 취약계층(독거노인, 조손가정, 한부모가정)
   - 다문화가정, 다자녀가정(자녀2인이상)
   - 국가유공자 가정
   - 장애인 가정
  ※ 단체신정조건 ( 일반사업자 및 일반기업 등은 절대 신청불가 )
   -  아동ㆍ노인ㆍ사회복지 단체, 공동체 및 사회적협동조합 
○ 도시농업 공동체 활성화 프로그램
   - 도시농업 교육 프로그램 운영 (5월~11월)",,경기도농수산진흥원,지방출자_출연기관,서비스 관리부서,개인,연1회,기타 온라인신청||직접입력,,농어촌활력부/031-250-2734,https://www.gov.kr/portal/rcvfvrSvc/dtlEx/O00044100001,10260,농업
O00062900001,토요애 공동브랜드 농산물 출하농가 지원,농림축산어업,"토요애 공동브랜드 농산물 출하농가에 수수료, 선별비 등 지원","○ 토요애유통㈜ 통해 출하하는 의령 농산물 출하처 수수료(4%) 지원(70%)

○ 토요애유통㈜ 통해 출하하는 의령 농산물 물류비 지원(70%)
 - 농산물 소비지 운송 물류비 지원

○ 토요애유통㈜ 통해 출하하는 의령 농산물 포장재비 지원(70%)
 - 표준규격 포장재 제작비, 보호재, 스티커 지원

○ 토요애유통㈜ 공동선별하여 출하하는 농산물 선별비 지원(70%)

○ 토요애유통㈜ 통해 출하하는 수박중 고당도 수박에 대한 인센티브 지원
 - 11Brix이상~12Brix미만 800원, 12Brix 이상 1,000원 지원",,농업회사법인의령군토요애유통(주),지방출자_출연기관,서비스 관리부서,개인,상시신청,방문신청,,토요애유통㈜ 경영관리/055-574-1156,https://www.gov.kr/portal/rcvfvrSvc/dtlEx/O00062900001,489,농가
O00066100001,경북농민사관학교 교육지원,보육·교육,경상북도에 소재하는 농어업인에게 농어업과 관련된 교육 서비스 제공,경상북도에 소재하는 농어업인에게 농어업과 관련된 교육 서비스 제공,,재단법인경상북도농식품유통교육진흥원,지방출자_출연기관,서비스 관리부서,개인,접수기관 별 상이,기타 온라인신청||방문신청||직접입력,,경북농민사관학교/054-550-2400||경북농민사관학교/054-550-2422,https://www.gov.kr/portal/rcvfvrSvc/dtlEx/O00066100001,930,농민
O00066100002,농업마이스터대학운영지원,보육·교육,농업인에게 농업과 관련된 품목 교육 서비스 제공,경상북도 소재 농업인에게 농업과 관련된 품목 교육 서비스 제공,,재단법인경상북도농식품유통교육진흥원,지방출자_출연기관,서비스 관리부서,개인,접수기관 별 상이,방문신청||직접입력,,경북농민사관학교/054-550-2430||경북농민사관학교/054-550-2432,https://www.gov.kr/portal/rcvfvrSvc/dtlEx/O00066100002,613,농업
O00093700001,전남인재육성 장학금,보육·교육,초·중·고·대학생 대상 장학금 지원(지원금액 및 자격요건 상이),"○  균등한 교육기회 보장 및 재능있는 미래인재의 도약을 지원하기 위한 장학금 지급
 - (전남인재 장학금) 성적우수, 수급자 및 사회적 배려계층, 다자녀, 학교 밖 청소년, 만학도, 특별한 공적, 긴급한 지원 등
 - (전남정착 장학금) 전남지역 취업 준비생, 벤처창업자, 외국인유학생, 산학협력 취업패키지 과정, 중소기업, 농업경영인 
 - (특별지정 장학금) 기부자가 지역 및 수혜자를 특정",,재단법인전남인재평생교육진흥원,지방출자_출연기관,서비스 관리부서,개인,누리집 공고문 참고(www.jntle.kr),기타 온라인신청||방문신청,,인재육성팀/061-285-9432||인재육성팀/061-285-9484,https://www.gov.kr/portal/rcvfvrSvc/dtlEx/O00093700001,6301,농업
O00101000006,전북특별자치도 미래인재특기 장학금,보육·교육,예체능 및 기능분야에서 뛰어난 인재들을 육성하기 위해 지원하는 장학금,"○ 미래인재특기 장학금
 - 예술‧체육‧기능(상업,농업) 분야에서 우수한 자질로 국제대회, 전국대회 수상 등 전북을 빛낸 학생들에게 장학금 지급
 - 예체능 및 기능(상업,농업) 분야에서 뛰어난 인재들을 육성하기 위해 지원하는 장학금
 - 지원대상 : 고등학교 재학생
 - 선발인원 : 20명
 - 1인당지원금액 : 100만원
 - 자격요건(2가지 조건 중 1개 조건이라도 해당하는 자)
  ㆍ전북도민자녀(보호자의 주민등록이 공고일 기준 6개월 전부터 전북자치도에 등록)
  ㆍ전북특별자치도 대표로 전국(소년)체육대회에 참가한 자
- 신청요건
  ㆍ 예술·체육분야는 공공기관 및 민간단체가 주최·주관한 전국대회 이상 상위 입상자(1~3위)
  ㆍ 기능(상업,농업) 분야는 전국기능대회(국제기능올림픽 포함), 상업경진대회, FFK 전진대회
     상위 입상자(1~3위)
 - 선발기준 : 수상실적 90%, 생활정도 10%",,재단법인전북특별자치도평생교육장학진흥원,지방출자_출연기관,서비스관리부서,개인, 2026.10월중,기타 온라인신청,,전북특별자치도평생교육장학진흥원/063-276-8307,https://www.gov.kr/portal/rcvfvrSvc/dtlEx/O00101000006,328,농업
O00105400008,"전주ICT이노베이션스퀘어 블록체인, 데이터, IoT 전문인력양성과정",보육·교육,"전주ICT이노베이션스퀘어 블록체인, 데이터, IoT 전문인력양성과정","전주ICT이노베이션스퀘어 블록체인(BC) 전문인력양성과정(160시간)
 - 통합 블록체인 기본과정, NFT/Wed 3.0, 블록체인과 가상화페 De-Fi 개발 및 실습과정
전주ICT이노베이션스퀘어 데이터 전문인력양성과정(160시간)
 - 빅데이터의 이해 및 데이터 활용 실습, 인공지능 활용 빅데이터 분석 전문가 양성 과정
전주ICT이노베이션스퀘어 IoT 전문인력양성과정(160시간)
 - IoT, 농업 데이터 활용 스마트팜 설계 및 제작 과정",,전주정보문화산업진흥원,지방출자_출연기관,전주정보문화산업진흥원 서비스 관리부서,개인,상시신청,기타 온라인신청||방문신청,,(재)전주정보문화산업진흥원/063-281-4185,https://www.gov.kr/portal/rcvfvrSvc/dtlEx/O00105400008,1244,농업
O00248600004,전북특별자치도 농촌유학 장학금,생활안정, 타시도 출신 학생중 도내 농촌유학 학교 재학중인 학생에게 장학금 지원,"○ 전북사랑 장학금
 - 도내 농촌유학 학교 재학중인 타시도 출신 학생에게 학업장려 생활비 지원
 - 지원대상 : 농촌유학학교에 재학중인 타시도 출신 유학생(초~중학생)
 - 선발인원 : 20명
 - 1인당지원금액 : 100만원
 - 선발기준 : 농촌유학생 중 장기연장중인 학생을 우선 선발(도교육청 추천)",,재단법인전북특별자치도평생교육장학진흥원,지방출자_출연기관,서비스관리부서,개인, 2026.5월중,직접입력,,전북특별자치도평생교육장학진흥원/063-276-8307,https://www.gov.kr/portal/rcvfvrSvc/dtlEx/O00248600004,263,농촌
PTR000051925,농촌 폐비닐 및 폐농약 용기 수거 서비스 제공,문화·환경,농촌폐비닐 및 폐농약용기류를 수거해 온 농민에게 보상비 지급,"○ 농촌폐비닐 수거보상비
 - 농민 등이 모아놓은 폐비닐 수거보상비 지급(전표 발행)
 - 폐비닐 수거 장려를 위해 지자체별로 수거보상비 지급(60원～200원/㎏)

○ 농약용기류 수거보상비
 - 농민 등이 수거 운반한 폐농약용기류 수거보상비 지급(전표 발행)
 - 폐농약용기 100원/개, 폐농약 봉지류 80원/개의 수거보상비 지급","○ 농촌폐비닐, 폐농약용기류를 직접 수거한 농민 중 전표 발행 등을 통해 수거량이 확인되는 자",기후에너지환경부,중앙행정기관,생활폐기물과,개인,상시신청,방문신청,한국환경공단,한국환경공단 영농폐기물관리부/032-590-4295,https://www.gov.kr/portal/rcvfvrSvc/dtlEx/PTR000051925,7021,"농촌,농민"
SD0000001579,(공익직불) 친환경농업직불,농림축산어업,친환경농업 실천 농업인 대상으로 소득 감소분과 생산비 차액 일부 지원,"○ 지원기간 : 유기 5년(5회), 무농약 3년(3회), 유기지속(영구)

○ 논 지원단가 : 유기 700천원/ha, 무농약 500, 유기지속 350

○ 밭 지원단가(과수) : 유기 1,400천원/ha, 무농약 1,200, 유기지속 700

○ 밭 지원단가(채소·특작·기타) : 유기 1,300천원/ha, 무농약 1,100, 유기지속 650","○ 친환경인증 및 농업경영체등록 농업인,법인",농림축산식품부,중앙행정기관,친환경농업과,개인,매년3월,방문신청,주민센터,해당지역 주민센터/해당지역 주민센터,https://www.gov.kr/portal/rcvfvrSvc/dtlEx/SD0000001579,41983,농업
SD0000002522,농업인 연금보험료 지원,농림축산어업,농업인 대상으로 본인부담 국민연금 보험료 지원(월 최대 50%),"○ 본인이 부담할 연금보험료의 1/2를 초과하지 않는 범위 내에서 '26년 최고 50,350원/월을 지원(기준소득 금액 1,060,000원)
 - 지원기준 변경 : (’07년까지) 등급제, (’08년부터) 기준소득금액(월)",지원대상과 동일,농림축산식품부,중앙행정기관,농촌사회서비스과,개인,상시신청,방문신청,국민연금공단 지사,국민연금공단 콜센터/1355,https://www.gov.kr/portal/rcvfvrSvc/dtlEx/SD0000002522,23032,"농업,농촌"
SD0000002951,농업재해보험 보험료 지원,행정·안전,농업인에게 농업재해보험의 보험료의 일부(50%)를 지원,○ 보험료의 일부(50%) 수준을 국고에서 지원,"○ 재해보험에 가입할 수 있는 자는 농림업, 축산업, 양식수산업에 종사하는 개인 또는 법인(농어업재해보험법 제7조)",농림축산식품부,중앙행정기관,농업정책보험과,개인,상시신청,방문신청,NH농협손해보험,NH농협손해보험/1644-9000,https://www.gov.kr/portal/rcvfvrSvc/dtlEx/SD0000002951,7279,농업
SD0000003485,"농업종합자금 지원 (원예, 축산, 가공사업 등)",농림축산어업,"농업경영체 대상으로 운전자금, 시설자금, 개보수자금, 농기계자금 등 지원","< 공통안내사항> 
-  이차보전 사업은 농협 등 금융기관 자체 자금을 재원으로 하여 사업 대상자에게 정책자금을 저금리로 대출하고, 금융기관에 기준금리와 대출금리의 차이(이자차액)를 정부예산으로 보전하는 사업입니다.
- 지자체 등에서 사업대상자로 선정되어 정책자금 한도를 배정받더라도 금융기관의 대출 신용심사 및 보증심사 과정에서 ‘개인신용도 등에 따라 대출 가능액이 축소되거나, 실행되지 않을 수 있음을 유의’하시기 바랍니다.
   * 자금별 지침에서 정한 사항 외에는 대출취급기관 자체 여신관련 규정에 따름

○ 시설자금: 통상 연리 2.0%~2.5% 수준(고정 또는 변동 선택), 3~5년거치 3~20년상환 * 대출조건은 자금목적별로 다르게 적용됨
 - 원예·축산분야 생산, 재배 시설 설치자금(관련 부대시설 포함) 및 기존 시설 구입에 필요한 자금
 - 농산물 가공시설 설치자금
 - 천적 및 곤충 생산시설(연구개발 기자재 설치 포함) 설치자금
 - 고품질 우량종자 생산 및 보관·저장시설(온실, 실험실, 저온저장고 등) 설치자금
 - 스마트팜 시설 설치(기존 시설 구입 포함)에 필요한 자금
 - 자가 배합사료 시설 설치자금(판매 목적 시설 제외). 단, 남은 음식물을 활용하여 사료를 생산하는 경우 지원 대상에서 제외
 - 토지매입자금(단, 지원 단가는 3.305㎡(평)당 60,000원 이내에서 납세자료로 입증되는 검인 계약서(또는 신고 필증)상 실제 거래가격에 따라 지원)

○ 개보수 자금:  통상 연리 2.0%~2.5% 수준(고정 또는 변동 선택), 2~3년거치 3~7년상환  * 대출조건은 자금목적별로 다르게 적용됨
 - 지원 대상 사업의 기존 시설의 개수, 보완, 기계, 장비(중고 포함), 중고 시설 자재(하우스용 파이프 등) 구입에 필요한 자금
 - 수송차량은 농업용으로 사용하는 특수용도 차량만 지원 가능<주요 농기계(트랙터, 승용이양기, 콤바인) 구입시 융자대상에서 제외>
 - 객토에 소요되는 자금
 - 축산분뇨처리 시설 지원 사업(농어촌 구조개선자금)으로 시설을 지원받은 경영체로서 사후관리기간(5년) 경과 후의 개보수에 소요되는 자금
 - 천적 및 곤충사업은 개보수 자금 지원 불가

○ 운영자금 : 통상 연리 2.5% 내외 수준(변동금리 적용 *일부자금 제외), 1~2년이내 상환  * 대출조건은 자금목적별로 다르게 적용됨
 - 지원 대상 농업경영체의 사업 운영에 필요한 자금(고품질 우량종자 개발사업은 우수품종 및 수입 대체 품종 개발을 위한 인건비, 시험비 포함)
 - 천적 및 곤충사업, 가축입식자금, 농산물 매치 자금(농산물 가공사업, 수출 및 규모화 사업 제외)은 지원 불가
 - 원예, 축산분야 경영에 필요한 토지 임차료(단, 1년간 임차료 해당 금액 이내)
 - 제주도 교잡우를 한우로 대체하는 경우 가축입식 자금 지원
 - 운영자금 상환기일 도래 시 소요자금 범위 내에서 재대출·대환 하는 경우(단, 인삼 식재 자금은 제외)

○ 기타 유의 사항 : 진돗개를 제외한 개의 사육에 소요되는 자금은 지원 불가",지원대상과 동일,농림축산식품부,중앙행정기관,농업금융정책과,개인||법인/시설/단체,상시신청,방문신청,"농협중앙회, 각 지역농협",각 지역 농협은행(시군지부 포함) 또는 지역 농축협/0000,https://www.gov.kr/portal/rcvfvrSvc/dtlEx/SD0000003485,21859,농업
SD0000004601,목재펠릿연소기 보급,농림축산어업,목재펠릿연소기(보일러 및 난로) 설치 지원,"○ (용도) 주거용, 주민편의 및 사회복지용

○ (지원규모) 주거용은 1세대당 1대, 주민편의 및 사회복지용은 1시설당 1대

○ (지원기준액) 
   - (보일러) 주택용 : 등록제품 보급단가를 기준으로 국비(30%)와 지방비(40%)를 지원한도액으로 하고, 30%는 자부담
                   사회복지용 : 등록제품 보급단가를 기준으로 국비(50%), 지방비(50%)
   - (난로) 등록제품 보급단가 기준으로 (30%)와 지방비(40%)를 지원하되, 최대 150만원(국비, 지방비 포함) 지원, 그 외는 자부담
   - (리프트) 35만원까지 지원, 그 외는 자부담임

○ 사업신청 농가의 주소지와 설치장소가 행정구역상 시군을 달리할 경우 설치장소의 소재지에 신청","○ 자부담 능력이 있는 자

○ 국고보조를 받아 화목보일러 및 펠릿보일러 설치 후 5년이 경과한 자
 - 거주자 중 건물을 임대한 경우 건물 동의 필요",산림청,중앙행정기관,목재산업과,개인||법인/시설/단체,지자체별로 공고(사업연도 2~3월),방문신청,시·군·구청,해당지역 시군구청/000-0000-0000,https://www.gov.kr/portal/rcvfvrSvc/dtlEx/SD0000004601,3467,농가
SD0000005098,신기술 영농현장 신속 보급 지원(신기술보급사업),농림축산어업,"농업단지, 연구회 등을 대상으로 신기술을 보급할 수 있는 시설 및 장비, 기자재 등을 지원","○ 사업 추진에 필요한 시설 및 장비, 기자재 등
 - 구체적인 지원내용은 ‘농촌지도사업 시행지침’에 의거 지방자치단체(시군농업기술센터 등)에서 사업 종류별로 다르게 정할 수 있음","○ 해당 사업 작목 주산단지 지역의 사업 대상작목 농업단체, 단지, 마을 등

 - 많은 농업인이 수시로 관찰할 수 있는 지역의 단지
 - 사업을 원활히 추진하여 좋은 성과가 기대되는 생산자 단체, 마을 등
 - 개발 기술의 신속한 확산을 위하여 단지 또는 품목별 조직체 중심으로 지원",농촌진흥청,중앙행정기관,기술보급과,법인/시설/단체,매년 1월까지(시군에 따라 상이함),방문신청,시군농업기술센터,농촌진흥청 기술보급과/063-238-0986,https://www.gov.kr/portal/rcvfvrSvc/dtlEx/SD0000005098,1944,"농업,영농,농촌"
SD0000008677,농업재해피해복구비지원,행정·안전,자연재해로 피해를 입은 농가에게 피해복구 비용을 보조 및 융자 지원,"○ 보조 : 24.5~70% 지원(농작물 농약대 70%, 대파대 35%, 가축 입식 35%, 비닐하우스 등 농림시설 24.5% 등)

○ 융자 : 30~70%지원(농작물 대파대 30%, 가축 입식 30%, 농경지 복구 30%, 비닐하우스 등 농림시설 55% 등)

○ 재해 농가 대상으로 농축산경영자금 등 정책자금 이자 감면 및 상환 연기  
 - 농가 단위 피해율 30%~50% 미만 : 1년
 - 농가 단위 피해율 50% 이상 : 2년","○ 자연재해로 인해 농작물, 가축, 농업시설물 등에 피해가 발생한 농업인
 - 지원 대상 : 농업인, 농업법인
 - 연령 기준 : 없음",농림축산식품부,중앙행정기관,농업재해지원팀,개인,재해 종료 후 10일 이내,방문신청,주민센터,농림축산식품붑 농업재해지원팀/044-201-2873,https://www.gov.kr/portal/rcvfvrSvc/dtlEx/SD0000008677,3956,"농업,농가,농작물"
SD0000009385,농축산경영자금 지원,농림축산어업,"농업인에게 농업경영자금, 축산경영자금, 재해대책경영자금의 일부를 저리로 대출","○ 공통사항
 - 자금별(농업경영 자금, 축산경영 자금, 재해 대책 경영 자금) 지원 한도는 각각 적용
 - 지원한도는 1회 전 소요 경영비 이내에서 정하되 대출금액 6백만 원 이하(금차 대출금액 포함)는 소요 경영비 산출을 생략하고 지원
     * 자금소진 전까지

○ 농업경영 자금 
 - 지원한도 : 농가당 1천만 원 이내
 - 지원 조건 : 1년 이내,  변동금리(통상 연리 2.5%내외 수준)로 경영비 지원(단, 인삼 식재 농가에 지원되는 신규 인삼 식재 자금은 수확 시기를 감안하여 연근별로 5년 이내) 

○ 축산경영 자금
 - 지원한도 : 농가당 1천만 원 이내
 - 지원 조건 : 1년 이내,  변동금리(통상 연리 2.5%내외 수준)로 경영비 지원

○ 재해 대책 경영 자금
 - 법령에 의한 재해
ㆍ지원한도 : 농림축산식품부장관이 특별 지원키로 결정한 금액 이내
ㆍ지원 조건 : 농가의 종자, 자재, 노임 등 농축산경영비 1년 이내, 연리 1.8% 또는 변동금리(1년 연장 가능) 지원, 농축산경영 자금에 대한 상환 연기 및 이자 감면

 - 법령에 의하지 않은 재해
ㆍ지원한도 : 재해 사건별 호당 100만 원 이상 5천만 원 이내(법인의 경우 1억 원까지)
ㆍ지원 조건 : 1년 이내, 연리 1.8% 또는 변동금리(1년 연장 가능) 농축산경영비 지원

※  유의사항: 위 자금은 대출(융자)사업으로 심사과정시 개인별 신용 등에 따라서 지원이 어려울 수도 있습니다.
    - 보다 자세한 사항은 가까운 농협은행(시군지부 포함), 지역 농축협에서 문의하여 안내받으시기 바랍니다.","○ 농업경영 자금 : 경종·과수·원예특작 농업인

○ 축산경영 자금 : 아래 규모의 가축을 사육하고 있는 부업 규모의 축산 농가
 - 한(육)우, 젖소 50두 미만(단, 한우 번식우는 35두 미만), 말 20두 미만, 돼지 700두 미만, 닭 1만5천수 미만 및 기타 가축

○ 재해 대책 경영 자금
 - 법령에 의한 재해 : 자연재해대책법, 농어업재해 대책법 등 법령에 의한 재해 농가
 - 법령에 의하지 않은 재해 : 법령(농어업재해 대책법 및 자연재해대책법)에 의하지 않는 자연재해 및 기타 사고(화재, 정전, 붕괴, 도난, 폐사 등) 농업인으로써 농식품부 장관 및 시장, 군수가 필요하다고 인정하는 농가",농림축산식품부,중앙행정기관,농업금융정책과,개인,자금소진 전까지,방문신청,각 지역  농축협,각 지역 농축협/0000,https://www.gov.kr/portal/rcvfvrSvc/dtlEx/SD0000009385,19694,"농업,농가"
SD0000010096,과수고품질시설현대화,농림축산어업,일정요건에 해당하는 농가 등을 위해 과수시설 현대화 지원,"관수관비시설, 관정개발, 농산물 운반기(레일형), 무인방제시설, 방풍망 시설, 배수시설, 비가림시설, 비가림하우스, 서리 우박 피해 방지, 야생동물 방지시설, 작업로 정비, 지주시설, 친환경과원관리, 품종갱신(기존 시설 활용 가능), 다겹 보온 커튼(기존 일반 비가림하우스의 동해 방지용), 환풍기, 공동 이용설비, 재해예방용 농업용난방기, 기 지원시설장비 중 사후관리기간이 경과한 시설장비의 개보수, 감귤원 원지정비(기존수목 굴취, 이랑조성, 우량품종 묘목식재, 방풍수 정비)","○ 최근 5년 이내 과수산업발전계획의 사업시행주체(참여조직)·원예산업발전계획의 생산유통통합조직 참여 경영체 또는 지역 푸드플랜에 참여한 실적이 있고, 3년 이상 출하(사업시행주체와 지역 푸드플랜에 생산량의 80% 이상) 약정한 경영체
○ 신청 심사표와 신용조사서 등을 종합적으로 고려하여 지원 가능한 경영체 우선지원",농림축산식품부,중앙행정기관,원예경영과,개인,접수기관 별 상이,방문신청,시·군·구청,농림축산식품부 원예경영과/044-201-2255,https://www.gov.kr/portal/rcvfvrSvc/dtlEx/SD0000010096,3015,"농업,농가"
SD0000010098,스마트팜 ICT융복합확산(시설보급-시설원예현대화),농림축산어업,채소 등을 재배하는 농가 등에게 원예시설 현대화 지원,"○ 지원대상
 온실‧공정 육묘장 시설 현대화(스마트팜 기반시설 구축)
 - 측고인상: 기존 온실의 측고인상에 필요한 자재, 설비 등('17년 신규)
 - 관수 관비: 양액재배시설, 양액재활용시설, 점적관수, 자동관수, 탄산가스발생기 등
 - 환경관리: 자동개폐기, 환풍기, 순환팬, 제습기, 차광‧보광시설, 온습도조절기 등
 - 기    타: 무인방제기, 전동운반기, 레일카 등

○ 지원형태
 - 국고재원 :  자유무역협정이행지원기금(FTA기금)
 - 지원형태 :  국고보조 25%, 융자25%, 지방비 30%, 자부담 20%
 - 융자금리 : 고정(2.0%), 변동(시중금리*-2.0%) / 3년 거치 7년 분할상환
  · 대출취급기관: 농협은행(농‧축협 포함)
  * 시중금리: 농협은행에서 가장 많이 대출된 자금(가계대출) 중 담보대출 평균금리
  · 변동금리 대출은 당해 연도에 한하여 선택 가능",○ 사업시행지침,농림축산식품부,중앙행정기관,원예경영과,개인||법인/시설/단체,접수기관 별 상이,방문신청,시·군·구청,해당지역 시군구청/044-201-2259,https://www.gov.kr/portal/rcvfvrSvc/dtlEx/SD0000010098,5277,농가
SD0000010100,과원규모화,농림축산어업,"은퇴,과원규모축소 과원을 매입,임차해 전업농육성자,청년에게 과수농가 임대","○ 과원 매매사업
 - 공사가 비농가, 전업(轉業), 은퇴 또는 과원 규모를 축소하고자 하는 농가와 비농업 법인 소유 과원을 매입하여 이를 과수농가에게 매도

○ 과원 임대차사업
 -공사가 비농가, 전업(轉業), 은퇴 또는 과원 규모를 축소하고자 하는 농가와 비농업 법인으로부터 과원을 임차하여 과원의 규모화를 통한 경쟁력 제고를 희망하는 과수농가에 임대","○ 과수전업농육성대상자로 등록된 자로서 사업시행 연도 1월 1일 현재 만 64세 이하이고 과원 경영규모가 0.3ha(시설의 경우 0.1ha)이상인자

○ 과수를 주작목으로 하여 설립된 농업법인 중 직접 경작하고 있는 과원이 영농조합법인은 3ha 이상, 농업회사법인은 5ha 이상",농림축산식품부,중앙행정기관,원예경영과,개인||법인/시설/단체,접수기관 별 상이,방문신청,소재지 관할 농어촌공사 지사,한국농어촌공사/061-338-5888,https://www.gov.kr/portal/rcvfvrSvc/dtlEx/SD0000010100,2287,"농업,영농,농가"
SD0000010578,농어촌 출신 대학(원)생 학자금 융자 지원 (무이자),보육·교육,농어촌 출신 대학생에게 등록금을 전액 무이자 융자,"○ 등록금 대출 
 - 등록금 소요 전액 무이자 융자 
 - 단, 생활비, 기숙사비, 졸업앨범비 등은 제외","○  지원 대상자 중 아래와 같은 순위를 적용하며, 동 순위 내에서 재학생은 성적 우수자, 신입생군(신입생, 편입생, 재입학생)은 농어촌 거주기간 순으로 선정
 - (1순위) 농어업에 종사하는 학부모(보호자)의 자녀(대학생 및 대학원생), 농어업에 종사하는 대학생 본인, 기초생활수급자, 차상위계층, 장애인, 다문화가족, 다자녀가구(3자녀 이상)
 - (2순위) 농어촌지역에 거주하는 학부모(보호자)의 자녀(대학생 및 대학원생)
 - (3순위) 농식품인재(농업계대학 농림축산식품계열학과에 재학 중인 대학생 및 대학원생) 
 - (4순위) 특별 승인자",농림축산식품부,중앙행정기관,농촌사회서비스과,개인,한국장학재단 누리집(www.kosaf.go.kr) 별도 공지,기타 온라인신청,한국장학재단,한국장학재단 상담센터/1599-2000,https://www.gov.kr/portal/rcvfvrSvc/dtlEx/SD0000010578,5402,"농업,농촌"
SD0000010605,농업경영회생자금 지원,농림축산어업,"재해, 가축질병, 가격급략 등으로 일시적 경영위기에 처한 농업인에게 장기 저리 대출 지원","○ 재해, 가축질병, 가격급략 등으로 일시적 경영위기에 처한 농업인에게 장기 저리 대출 지원

○ 농가부채 심사 및 경영 평가 위원회(이하 '경영 평가 위원회'라 함)의 평가 결과에 따라 평가 유형별로 자금을 지원
 - 회생 가능 : 농업경영회생자금 지원
 - 회생 불능 : 인수 희망자가 있을 경우 자금 지원하여 기존 농업시설 활용

○ 지원조건 : 금리 1%, 5년 거치 7년 분할상환로 기존 농업용 대출의 대환자금 지원
 

 ※  유의사항: 위 자금은 대출(융자)사업으로 심사과정시 개인별 신용 등에 따라서 지원이 어려울 수도 있습니다.
    - 보다 자세한 사항은 가까운 농협은행(시군지부 포함), 지역 농축협에서 문의하여 안내받으시기 바랍니다.","○ 건실하게 농업을 영위하다가 재해, 가축 질병 또는 농산물 가격의 급락 그 밖의 사유로 일시적으로 경영위기에 처한 농업인으로서 준 전업농(전업농 규모의 1/2 이상) 또는 농업용 부채가 있는 농업인(농업을 영위하는 영농조합법인·농업회사법인 포함)
 - 단, 특별재난지역의 경우 준 전업농의 1/2 또는 농업용 부채가 있는 농업인(농업을 영위하는 영농조합법인·농업회사법인 포함)으로 특별재난지역 선포일로부터 1년 이내 신청한 자",농림축산식품부,중앙행정기관,농업금융정책과,개인,자금소진 전까지,방문신청,각 지역 농협은행(시군지부 포함) 및 지역 농축협,각 지역 농협은행(시군지부포함) 및 지역 농축협에 문의/0000,https://www.gov.kr/portal/rcvfvrSvc/dtlEx/SD0000010605,8098,"농업,영농,농가"
SD0000010824,임산물생산단지규모화 등,농림축산어업,"임업인 등을 위한 임산물생산기반조성, 재배관리, 산양삼 확인제도 등을 지원","○ 친환경임산물재배관리
 - 토양개량제지원(국:지:융:자=70:30:-:-),   유기질비료지원(국:지:자=1,400원:600원이상:추가금액 자부담)

○ 산양삼 생산과정 확인제도 지원
 - 국:지=40:60
 - 생산자 1인당 5건 이내, 1건당 38만원
  · 국비 15만원(40%), 지방비   23만원(60%)
  · 예산이 편성된 시·군·구에 한하며, 시·군·구 자체예산으로 1인당 지원권고 건수에 관계없이 검사 수수료 전액지원 가능
  · 해당 시･군･구는 전문기관의 생산적합성조사 결과증명서   또는 품질검사결과증명서를 통해 합격여부를 확인한 후 지원

○ 임산물 생산단지 규모화(산림작물생산단지, 산림복합경영단지)
 - (공모) 국:지:자=40:20:40 / 임업후계자, 독림가,   신지식농업인(임업분야), 생산자단체 / 총사업비 1억원 ~ 7억
 - (소액) 국:지:융:자=20:30:30:20  /    임업인, 임업후계자, 독림가, 신지식농업인(임업분야), 생산자단체    /  총사업비 1억원 미만

○ 임산물생산기반조성
 - 국비:지방비:융자:자부담=20:30:30:20  / 총사업비 1억원 미만","○ 지원자격(※개별사업별로명시된사업대상자지원자격확인필요)
 - 임업인 : ｢임업 및 산촌 진흥촉진에 관한 법률 시행령｣ 제2조에 의한 임업인
 - 임업후계자 : ｢임업 및 산촌 진흥촉진에 관한 법률   시행규칙｣ 제3조에 의한 임업후계자 
 - 독림가 : ｢임업 및 산촌 진흥촉진에 관한 법률 시행령｣ 제3조에 의한 독림가
 - 신지식농업인(임업분야) : ｢신지식농업인 운영규정｣에 따라 선발된 신지식농업인(임업분야)
 - 생산자단체 : ｢농업농촌 및 식품산업 기본법 시행령｣ 제4조에 따른 생산자단체(영농조합법인, 농업회사법인, 산림조합 등) 
 < 지원 제한 >
○ ｢농림축산식품분야 재정사업관리 기본규정｣ 제35조, 제79조 적용
 - 부정수급으로 보조사업 수행배제된 자, 사업포기 등 중도회수 사유로 농식품부사업자금 지원제한 기간 중에 있는 자, 지원제한 3회 이상 받은 자, 부정수급 사유로 형사처벌 받은 자, 반납금 등의 전부를 미납한 자
 

○ 지원 요건
 - 영농조합법인 등 농업법인에 대한 지원 요건은 ｢농림축산식품분야 재정사업관리 기본규정｣ 제35조제9항 별표6 ‘농업법인 지원요건 및 사후관리 기준’을 적용하며, 자본금이 1억원 이상, 법인 설립 후 운영 실적이 1년 이상이어야 함
  · 농업회사법인은 5인 이상 ‘농업인’이 참여(법인 등기에 등재된 경우, 근로계약서 등 법적 효력이 있는 서류로 법인의 운영에 참여하고 있음을 증빙할 수 있는 경우만 인정)해야 함
 - 대상토지는 근저당 또는 지상권 등 재산권이 제한되어 있지 않아야 하며[단, 임업인 등(생산자단체 제외)이 ‘등기 비대상 시설물’을 지원받고자 하는 경우에는 적용 제외], 임업인 등 또는 생산자단체 소유의 토지여야 함
  · 단, 당해 임업인 등 또는 생산자단체의 명의가 아니더라도 개별사업지침에서 정한 보조시설의 사후관리기간 이상으로 지상권 또는 전세권 등을 설정한 경우 또는 국･공유지를 사후관리기간 이상으로 대부 등을 받은 경우에는 가능
( 위의 밑줄 친 내용에 대해서 ｢3.임산물유통구조개선｣ 사업은 미적용)
      ⇒ 임업인 등의 경우 ‘등기 대상 시설물’을 설치할 때에는 지상권 또는 전세권 등을 설정한 경우 가능, ‘등기 비대상 시설물’을 설치할 때에는 임대차 계약서로 가능
      ⇒ 생산자단체의 경우 ‘등기 대상 및 등기 비대상 시설물’ 모두 지상권 또는 전세권 등 설정한 경우 가능 ; 「기본규정」별표6 ‘농업법인 지원요건 및 사후관리 기준’  공통 지원요건 제2항제5호",산림청,중앙행정기관,사유림경영소득과,개인||법인/시설/단체,소액사업:전년도 6~7월중에 해당 시군구에 신청공모사업:전년도4~6월경 해당 시군구에 신청,방문신청,시·군·구청,해당지역 시군구청/해당지역 시군구청,https://www.gov.kr/portal/rcvfvrSvc/dtlEx/SD0000010824,2532,"농업,영농,농촌"
SD0000010825,임산물 유통사업 지원,농림축산어업,"임산물 생산자단체 등이 이용할 수 있는 종합유통센터, 상품화사업 등을 지원","○ 임업및산촌진흥촉진에관한법률시행규칙제7조제1항별표1의규정에의한“임산물소득원지원품목”을재배하는생산자또는생산자단체와임산물의선별.가공.유통.상품브랜드화를하고자하는생산자또는생산자단체

○ 임산물 산지종합유통센터조성 사업
 - 임산물 산지종합유통센터(신규)
  · 자격 : 생산자단체(영농조합법인, 농업회사법인,   산림조합)
  · 요건 : 시설대상토지에 근저당이 설정되어 있지 않으며, 신청자   또는 신청법인의 소유 토지이어야 함

 - 임산물 산지종합유통센터(보완)
  · 자격 : 임업인, 생산자단체(영농조합법인, 농업회사법인,   산림조합)
  · 요건 : 기존 유통센터 지원 시설에 대하여 사후관리기간 초과   등 노후 된 저장.건조시설 및 가공.유통시설에 대한 위생적 관리 희망자

 - 임산물 가공산업활성화사업
  · 자격 : 생산자단체(영농조합법인, 농업회사법인, 산림조합)
  · 요건 : 시설대상토지에 근저당이 설정되어 있지 않으며, 신청자   또는 신청법인의 소유 토지이어야 함

○ 임산물 유통기반지원 사업
 - 임산물 유통차량 지원 
  · 자격 : 임업인, 생산자단체(영농조합법인, 농업회사법인, 산림조합)
  · 요건 : 재배경력 5년이상, 노지재배 3ha 또는 시설재배   1,650㎡ 이상인 경우 지원
   * 일반화물차(단, 화물적재량 1톤이상)
   * 냉동탑차 : 신선도를 필요로 하는 임산물 운반(생표고버섯, 복분자 등)
 -  임산물 유통장비 및 기자재 지원
  · 자격 : 임업인, 생산자단체(영농조합법인, 농업회사법인,   산림조합)
  · 요건 : 지게차 2.5톤이하(저장시설 100㎡이상), 파레트, 운반용 상자 등

○ 임산물 저장.건조시설 사업
 - 자격 : 임업인, 생산자단체(영농조합법인, 농업회사법인, 산림조합)
 - 요건 : 시설대상토지에 근저당이 설정되어 있지 않으며, 신청자   또는 신청법인의 소유 토지이어야 함

○ 임산물 가공장비지원 사업
 - 자격 : 임업인, 생산자단체(영농조합법인, 농업회사법인, 산림조합)
 - 요건 : 기계화 가공작업을 통한 생산성 향상을 위해 곶감, 밤, 등의 박피 기계장비 및 제품화를 위한 탈삽제를 지원",지원대상과 동일,산림청,중앙행정기관,사유림경영소득과,개인||법인/시설/단체,사업전년도 1월~2월,방문신청,시·군·구청,해당지역 시군구청/000-000-0000,https://www.gov.kr/portal/rcvfvrSvc/dtlEx/SD0000010825,2273,"농업,영농"
SD0000011355,종자산업기반구축 사업,농림축산어업,"지방자치단체 및 생산자단체에게 종묘생산,품질관리에 필요한 시설･장비지원","○ 종묘생산 및 품질관리에 필요한 시설(유리온실, 비닐온실, 조직배양실 등) 및 장비(파종기, 수확기, 종균 접종기 등)","○ 농식품부 재정사업 관리 기본 규정 별표 5에 따른 농업법인 지원 요건 준수, 사업자 선정 평가 위원회(사업 신청자가 사업 계획 발표)를 통하여 사업 추진 필요성 및 효과, 사업추진계획의 적정성, 사업 추진의 지 및 준비 정도, 품질관리 계획의 적정성 등을 평가하여 사업자 선정
 - 사업부지 사전 확보, 종자업 등록,육묘업등록, 농업경영정보 등록 등의 요건에 적합하여야 사업 신청 가능",농림축산식품부,중앙행정기관,첨단기자재종자과,법인/시설/단체,사업신청공고시 명기,방문신청,,농림축산식품부/044-201-2482,https://www.gov.kr/portal/rcvfvrSvc/dtlEx/SD0000011355,1943,농업
SD0000012329,농기계 임대 서비스,농림축산어업,농기계 구입이 어려운 농가에 단기간 임대 지원(1~3일) ,"○ 시장, 군수, 구청장이 확보한 임대 농기계를 농업인, 작목반, 영농조합법인 등 농기계 공동 이용 조직과 농협 농기계 은행사업 참여 지역농협 등에 임대","○ 시장, 군수, 구청장 단, 농업기술센터를 설치, 운용하고 있는 광역시에서 농기계 임대 사업소를 설치하고 농기계 임대를 신청하는 지역 농업인에게 농기계를 단기간(1~3일) 임대",농림축산식품부,중앙행정기관,첨단기자재종자과,개인,상시신청,방문신청,시·군·구청,시군구 농기계임대사업소/0,https://www.gov.kr/portal/rcvfvrSvc/dtlEx/SD0000012329,13095,"농업,영농,농가"
SD0000020007,양식수산물재해보험 보험료 지원,농림축산어업,어업인이 부담하는 양식수산물 재해보험의 보험료 지원(순보험료 50% 지원),"○ 순보험료 : 보험 가입 어업인이 부담하는 순보험료의 50% 지원 
○ 운영사업비 : 보험사업자(수협중앙회)가 운영하는 운영사업비의 100% 지원 

* 설명 
- 순보험료 : 보험금 지급사유 발생 시 보험금으로 충당할 수 있도록 계산된 보험료 
- 운영사업비 : 보험사업자(수협중앙회)가 보험 운영에 필요한 운영사업비","○ 사업실시지역에서 보험대상 수산물에 대한 양식업 면허(행사계약 포함) 또는 허가(신고필증 포함)를 소지하고 보험대상 수산물을 양식하는 자
   * 위 요건에 해당하더라도 보험사업자가 농업정책보험금융원장과 협의하여 정한 “보험인수 기준” 에 적합한 요건을 갖추지 아니한 양식장이나 보험사기 등과 관련된 자에 대해서는 보험인수를 거절하거나 가입을 제한할 수 있음",해양수산부,중앙행정기관,소득복지과,개인,품목별로 기간이 상이하므로 수협은행 양식수산물재해보험 상품공시 참조(www.suhyup-bank.com),방문신청,"회원조합, 수협은행",수협중앙회/1588-4119,https://www.gov.kr/portal/rcvfvrSvc/dtlEx/SD0000020007,2344,농업
WII000001080,농업인안전보험 보험료 지원,행정·안전,"농업인을 대상으로 농업인안전보험 보험료의 지원(일반농 50%, 영세농 70%)","○ 보험료의 100분의 50이상(일반농 50%, 영세농 70%)을 국고에서 지원","○ (농업인안전보험) ｢농어업인의 안전보험 및 안전재해예방에 관한 법률」에 따라 농업경영체에 등록된 자를 피보험자로 하여 보험계약을 체결하는 자
 - 일반1형·2형·3형·산재근로자전용 : 15~87세
 - 산재형 : 15~84세

○ (농작업근로자보험) 농업경영체에 등록된 자가 자신의 농업활동에 종사하는 90일 미만의 농업근로자를 피보험자로 보험계약을 체결하는 농업경영주 
 - 15~87세",농림축산식품부,중앙행정기관,농업재해지원팀,개인,상시신청,기타 온라인신청||방문신청,지역농협,NH농협생명보험/1544-4000,https://www.gov.kr/portal/rcvfvrSvc/dtlEx/WII000001080,7838,농업
